READ: Worksheet: 'CoverPage', Cell 'B29', Converting to a String
READ: Worksheet: 'CoverPage', Cell 'B4', Converting to a String
WRITE: Worksheet: 'CoverPage', Cell 'B3', Value ''
WRITE: Worksheet: 'CoverPage', Cell 'B4', Value 'CBC401'
WRITE: Worksheet: 'CoverPage', Cell 'B2', Value 'ZA2020-9825178719-3fbdb610-14d2-47db-a373-93f2a8f49230'
READ: Worksheet: 'CoverPage', Cell 'B17', Converting to a String
WRITE: Worksheet: 'CoverPage', Cell 'B19', Value ''
WRITE: Worksheet: 'CoverPage', Cell 'B18', Value 'ZA2020-9825178719-099d785b-09a1-4727-9f8b-c630a59c160f'
READ: Worksheet: 'SUMMARY', Cell 'A2', Converting to a String
READ: Worksheet: 'SUMMARY', Cell 'M2', Converting to a String
WRITE: Worksheet: 'SUMMARY', Cell 'O2', Value ''
WRITE: Worksheet: 'SUMMARY', Cell 'N2', Value 'ZA2020-9825178719-da635959-ae73-409c-8293-1ae3b440d8b8'
READ: Worksheet: 'SUMMARY', Cell 'A3', Converting to a String
READ: Worksheet: 'SUMMARY', Cell 'M3', Converting to a String
WRITE: Worksheet: 'SUMMARY', Cell 'O3', Value ''
WRITE: Worksheet: 'SUMMARY', Cell 'N3', Value 'ZA2020-9825178719-77f9a06e-0523-47fc-b82d-ada3ba940137'
READ: Worksheet: 'SUMMARY', Cell 'A4', Converting to a String
READ: Worksheet: 'SUMMARY', Cell 'M4', Converting to a String
WRITE: Worksheet: 'SUMMARY', Cell 'O4', Value ''
WRITE: Worksheet: 'SUMMARY', Cell 'N4', Value 'ZA2020-9825178719-66355c8e-6fff-45b3-9843-5714c3bad810'
READ: Worksheet: 'SUMMARY', Cell 'A5', Converting to a String
READ: Worksheet: 'SUMMARY', Cell 'M5', Converting to a String
WRITE: Worksheet: 'SUMMARY', Cell 'O5', Value ''
WRITE: Worksheet: 'SUMMARY', Cell 'N5', Value 'ZA2020-9825178719-96cdea0a-11ed-44b2-a538-a0650576eead'
READ: Worksheet: 'SUMMARY', Cell 'A6', Converting to a String
READ: Worksheet: 'SUMMARY', Cell 'M6', Converting to a String
WRITE: Worksheet: 'SUMMARY', Cell 'O6', Value ''
WRITE: Worksheet: 'SUMMARY', Cell 'N6', Value 'ZA2020-9825178719-eda2335f-13e2-4848-af30-d69ed5ecd5e5'
READ: Worksheet: 'SUMMARY', Cell 'A7', Converting to a String
READ: Worksheet: 'SUMMARY', Cell 'M7', Converting to a String
WRITE: Worksheet: 'SUMMARY', Cell 'O7', Value ''
WRITE: Worksheet: 'SUMMARY', Cell 'N7', Value 'ZA2020-9825178719-6e16119b-ab39-44c8-b425-3e660b6d35d9'
READ: Worksheet: 'SUMMARY', Cell 'A8', Converting to a String
READ: Worksheet: 'SUMMARY', Cell 'M8', Converting to a String
WRITE: Worksheet: 'SUMMARY', Cell 'O8', Value ''
WRITE: Worksheet: 'SUMMARY', Cell 'N8', Value 'ZA2020-9825178719-128ff7a7-c488-4fc3-aa13-35db08b04984'
READ: Worksheet: 'SUMMARY', Cell 'A9', Converting to a String
READ: Worksheet: 'SUMMARY', Cell 'M9', Converting to a String
WRITE: Worksheet: 'SUMMARY', Cell 'O9', Value ''
WRITE: Worksheet: 'SUMMARY', Cell 'N9', Value 'ZA2020-9825178719-1c2ed856-cfe4-4705-a715-b85d540ad182'
READ: Worksheet: 'SUMMARY', Cell 'A10', Converting to a String
READ: Worksheet: 'SUMMARY', Cell 'M10', Converting to a String
WRITE: Worksheet: 'SUMMARY', Cell 'O10', Value ''
WRITE: Worksheet: 'SUMMARY', Cell 'N10', Value 'ZA2020-9825178719-9178245e-55f7-40d7-8b59-23cb33d66235'
READ: Worksheet: 'SUMMARY', Cell 'A11', Converting to a String
READ: Worksheet: 'SUMMARY', Cell 'M11', Converting to a String
WRITE: Worksheet: 'SUMMARY', Cell 'O11', Value ''
WRITE: Worksheet: 'SUMMARY', Cell 'N11', Value 'ZA2020-9825178719-31e24e43-9ff0-4f76-8e70-6ed31715531f'
READ: Worksheet: 'SUMMARY', Cell 'A12', Converting to a String
READ: Worksheet: 'SUMMARY', Cell 'M12', Converting to a String
WRITE: Worksheet: 'SUMMARY', Cell 'O12', Value ''
WRITE: Worksheet: 'SUMMARY', Cell 'N12', Value 'ZA2020-9825178719-c39d3522-af82-452f-9666-7ba5ebafaceb'
READ: Worksheet: 'SUMMARY', Cell 'A13', Converting to a String
READ: Worksheet: 'SUMMARY', Cell 'M13', Converting to a String
WRITE: Worksheet: 'SUMMARY', Cell 'O13', Value ''
WRITE: Worksheet: 'SUMMARY', Cell 'N13', Value 'ZA2020-9825178719-4f8d0c21-19e8-437e-ab7d-13930f5027ab'
READ: Worksheet: 'SUMMARY', Cell 'A14', Converting to a String
READ: Worksheet: 'SUMMARY', Cell 'M14', Converting to a String
WRITE: Worksheet: 'SUMMARY', Cell 'O14', Value ''
WRITE: Worksheet: 'SUMMARY', Cell 'N14', Value 'ZA2020-9825178719-0b24b0ec-cad4-4a95-886a-53c2f658b49c'
READ: Worksheet: 'SUMMARY', Cell 'A15', Converting to a String
READ: Worksheet: 'SUMMARY', Cell 'M15', Converting to a String
WRITE: Worksheet: 'SUMMARY', Cell 'O15', Value ''
WRITE: Worksheet: 'SUMMARY', Cell 'N15', Value 'ZA2020-9825178719-33910639-1469-4556-bdf7-a362b77e9fb1'
READ: Worksheet: 'SUMMARY', Cell 'A16', Converting to a String
READ: Worksheet: 'SUMMARY', Cell 'M16', Converting to a String
WRITE: Worksheet: 'SUMMARY', Cell 'O16', Value ''
WRITE: Worksheet: 'SUMMARY', Cell 'N16', Value 'ZA2020-9825178719-54524e26-ce12-40f2-9dd8-47d74a33577a'
READ: Worksheet: 'SUMMARY', Cell 'A17', Converting to a String
READ: Worksheet: 'SUMMARY', Cell 'M17', Converting to a String
WRITE: Worksheet: 'SUMMARY', Cell 'O17', Value ''
WRITE: Worksheet: 'SUMMARY', Cell 'N17', Value 'ZA2020-9825178719-436c4e48-32a9-4a10-b329-214bb05409b7'
READ: Worksheet: 'SUMMARY', Cell 'A18', Converting to a String
READ: Worksheet: 'SUMMARY', Cell 'M18', Converting to a String
WRITE: Worksheet: 'SUMMARY', Cell 'O18', Value ''
WRITE: Worksheet: 'SUMMARY', Cell 'N18', Value 'ZA2020-9825178719-b44d1119-4ee3-4259-aabf-b8a8b5032574'
READ: Worksheet: 'SUMMARY', Cell 'A19', Converting to a String
READ: Worksheet: 'SUMMARY', Cell 'M19', Converting to a String
WRITE: Worksheet: 'SUMMARY', Cell 'O19', Value ''
WRITE: Worksheet: 'SUMMARY', Cell 'N19', Value 'ZA2020-9825178719-8a297e3b-f972-4109-887a-54581aad1684'
READ: Worksheet: 'SUMMARY', Cell 'A20', Converting to a String
READ: Worksheet: 'SUMMARY', Cell 'M20', Converting to a String
WRITE: Worksheet: 'SUMMARY', Cell 'O20', Value ''
WRITE: Worksheet: 'SUMMARY', Cell 'N20', Value 'ZA2020-9825178719-267a43b3-eb56-450f-8ce9-45c816d848ea'
READ: Worksheet: 'SUMMARY', Cell 'A21', Converting to a String
READ: Worksheet: 'SUMMARY', Cell 'M21', Converting to a String
WRITE: Worksheet: 'SUMMARY', Cell 'O21', Value ''
WRITE: Worksheet: 'SUMMARY', Cell 'N21', Value 'ZA2020-9825178719-b651f41c-bce4-42ed-9ad1-b2e647fe8ccb'
READ: Worksheet: 'SUMMARY', Cell 'A22', Converting to a String
READ: Worksheet: 'SUMMARY', Cell 'M22', Converting to a String
WRITE: Worksheet: 'SUMMARY', Cell 'O22', Value ''
WRITE: Worksheet: 'SUMMARY', Cell 'N22', Value 'ZA2020-9825178719-06d0e61f-692b-40e1-93b4-cc47e9257395'
READ: Worksheet: 'SUMMARY', Cell 'A23', Converting to a String
READ: Worksheet: 'SUMMARY', Cell 'M23', Converting to a String
WRITE: Worksheet: 'SUMMARY', Cell 'O23', Value ''
WRITE: Worksheet: 'SUMMARY', Cell 'N23', Value 'ZA2020-9825178719-794767f9-5756-4a0a-8562-8422196a102e'
READ: Worksheet: 'SUMMARY', Cell 'A24', Converting to a String
READ: Worksheet: 'SUMMARY', Cell 'M24', Converting to a String
WRITE: Worksheet: 'SUMMARY', Cell 'O24', Value ''
WRITE: Worksheet: 'SUMMARY', Cell 'N24', Value 'ZA2020-9825178719-20f53cdd-8e7e-4111-90f3-a69e044fce11'
READ: Worksheet: 'SUMMARY', Cell 'A25', Converting to a String
READ: Worksheet: 'SUMMARY', Cell 'M25', Converting to a String
WRITE: Worksheet: 'SUMMARY', Cell 'O25', Value ''
WRITE: Worksheet: 'SUMMARY', Cell 'N25', Value 'ZA2020-9825178719-1ba32057-d6a2-4835-8ef1-f7eec024abc6'
READ: Worksheet: 'SUMMARY', Cell 'A26', Converting to a String
READ: Worksheet: 'SUMMARY', Cell 'M26', Converting to a String
WRITE: Worksheet: 'SUMMARY', Cell 'O26', Value ''
WRITE: Worksheet: 'SUMMARY', Cell 'N26', Value 'ZA2020-9825178719-78f586df-714a-424c-aba2-032af5621305'
READ: Worksheet: 'SUMMARY', Cell 'A27', Converting to a String
READ: Worksheet: 'SUMMARY', Cell 'M27', Converting to a String
WRITE: Worksheet: 'SUMMARY', Cell 'O27', Value ''
WRITE: Worksheet: 'SUMMARY', Cell 'N27', Value 'ZA2020-9825178719-37f3160b-75d5-4e70-b4f7-db6adc64a292'
READ: Worksheet: 'SUMMARY', Cell 'A28', Converting to a String
READ: Worksheet: 'SUMMARY', Cell 'M28', Converting to a String
WRITE: Worksheet: 'SUMMARY', Cell 'O28', Value ''
WRITE: Worksheet: 'SUMMARY', Cell 'N28', Value 'ZA2020-9825178719-f11ecbcd-569c-4f0b-baec-93cfb5c965d3'
READ: Worksheet: 'SUMMARY', Cell 'A29', Converting to a String
READ: Worksheet: 'SUMMARY', Cell 'M29', Converting to a String
WRITE: Worksheet: 'SUMMARY', Cell 'O29', Value ''
WRITE: Worksheet: 'SUMMARY', Cell 'N29', Value 'ZA2020-9825178719-a37e91d5-a3f9-4970-a455-57cff44231aa'
READ: Worksheet: 'SUMMARY', Cell 'A30', Converting to a String
READ: Worksheet: 'SUMMARY', Cell 'M30', Converting to a String
WRITE: Worksheet: 'SUMMARY', Cell 'O30', Value ''
WRITE: Worksheet: 'SUMMARY', Cell 'N30', Value 'ZA2020-9825178719-e9be3d87-8289-4f19-b1e7-a02a5e9c721e'
READ: Worksheet: 'SUMMARY', Cell 'A31', Converting to a String
READ: Worksheet: 'SUMMARY', Cell 'M31', Converting to a String
WRITE: Worksheet: 'SUMMARY', Cell 'O31', Value ''
WRITE: Worksheet: 'SUMMARY', Cell 'N31', Value 'ZA2020-9825178719-a1c11285-dc66-47e4-919d-39113f1544a1'
READ: Worksheet: 'SUMMARY', Cell 'A32', Converting to a String
READ: Worksheet: 'Additional Information', Cell 'A2', Converting to a String
READ: Worksheet: 'Additional Information', Cell 'D2', Converting to a String
WRITE: Worksheet: 'Additional Information', Cell 'F2', Value ''
WRITE: Worksheet: 'Additional Information', Cell 'E2', Value 'ZA2020-9825178719-5ff676aa-900b-4282-902c-1507d119787a'
READ: Worksheet: 'Additional Information', Cell 'A3', Converting to a String
READ: Worksheet: 'Additional Information', Cell 'D3', Converting to a String
WRITE: Worksheet: 'Additional Information', Cell 'F3', Value ''
WRITE: Worksheet: 'Additional Information', Cell 'E3', Value 'ZA2020-9825178719-df5123ce-7831-4096-9540-40e7f7394863'
READ: Worksheet: 'Additional Information', Cell 'A4', Converting to a String
READ: Worksheet: 'SUMMARY', Cell 'A2', Converting to a String
READ: Worksheet: 'SUMMARY', Cell 'A3', Converting to a String
READ: Worksheet: 'SUMMARY', Cell 'A4', Converting to a String
READ: Worksheet: 'SUMMARY', Cell 'A5', Converting to a String
READ: Worksheet: 'SUMMARY', Cell 'A6', Converting to a String
READ: Worksheet: 'SUMMARY', Cell 'A7', Converting to a String
READ: Worksheet: 'SUMMARY', Cell 'A8', Converting to a String
READ: Worksheet: 'SUMMARY', Cell 'A9', Converting to a String
READ: Worksheet: 'SUMMARY', Cell 'A10', Converting to a String
READ: Worksheet: 'SUMMARY', Cell 'A11', Converting to a String
READ: Worksheet: 'SUMMARY', Cell 'A12', Converting to a String
READ: Worksheet: 'SUMMARY', Cell 'A13', Converting to a String
READ: Worksheet: 'SUMMARY', Cell 'A14', Converting to a String
READ: Worksheet: 'SUMMARY', Cell 'A15', Converting to a String
READ: Worksheet: 'SUMMARY', Cell 'A16', Converting to a String
READ: Worksheet: 'SUMMARY', Cell 'A17', Converting to a String
READ: Worksheet: 'SUMMARY', Cell 'A18', Converting to a String
READ: Worksheet: 'SUMMARY', Cell 'A19', Converting to a String
READ: Worksheet: 'SUMMARY', Cell 'A20', Converting to a String
READ: Worksheet: 'SUMMARY', Cell 'A21', Converting to a String
READ: Worksheet: 'SUMMARY', Cell 'A22', Converting to a String
READ: Worksheet: 'SUMMARY', Cell 'A23', Converting to a String
READ: Worksheet: 'SUMMARY', Cell 'A24', Converting to a String
READ: Worksheet: 'SUMMARY', Cell 'A25', Converting to a String
READ: Worksheet: 'SUMMARY', Cell 'A26', Converting to a String
READ: Worksheet: 'SUMMARY', Cell 'A27', Converting to a String
READ: Worksheet: 'SUMMARY', Cell 'A28', Converting to a String
READ: Worksheet: 'SUMMARY', Cell 'A29', Converting to a String
READ: Worksheet: 'SUMMARY', Cell 'A30', Converting to a String
READ: Worksheet: 'SUMMARY', Cell 'A31', Converting to a String
READ: Worksheet: 'SUMMARY', Cell 'A32', Converting to a String
READ: Worksheet: 'CoverPage', Cell 'B20', Converting to a String
READ: Worksheet: 'CoverPage', Cell 'B1', Converting to a String
READ: Worksheet: 'CoverPage', Cell 'B2', Converting to a String
READ: Worksheet: 'CoverPage', Cell 'B3', Converting to a String
READ: Worksheet: 'CoverPage', Cell 'B4', Converting to a String
READ: Worksheet: 'CoverPage', Cell 'B5', Converting to a String
READ: Worksheet: 'CoverPage', Cell 'B6', Converting to a String
READ: Worksheet: 'CoverPage', Cell 'B7', Converting to a String
READ: Worksheet: 'CoverPage', Cell 'B8', Converting to a String
READ: Worksheet: 'CoverPage', Cell 'B9', Converting to a String
READ: Worksheet: 'CoverPage', Cell 'B10', Converting to a String
READ: Worksheet: 'CoverPage', Cell 'B11', Converting to a String
READ: Worksheet: 'CoverPage', Cell 'B12', Converting to a String
READ: Worksheet: 'CoverPage', Cell 'B13', Converting to a String
READ: Worksheet: 'CoverPage', Cell 'B14', Converting to a String
READ: Worksheet: 'CoverPage', Cell 'B16', Converting to a String
READ: Worksheet: 'CoverPage', Cell 'B17', Converting to a String
READ: Worksheet: 'CoverPage', Cell 'B18', Converting to a String
READ: Worksheet: 'CoverPage', Cell 'B19', Converting to a String
READ: Worksheet: 'CoverPage', Cell 'B3', Converting to a String
READ: Worksheet: 'CoverPage', Cell 'B15', Converting to a String
READ: Worksheet: 'CoverPage', Cell 'B5', Converting to a String
READ: Worksheet: 'Additional Information', Cell 'A2', Converting to a String
READ: Worksheet: 'Additional Information', Cell 'D2', Converting to a String
READ: Worksheet: 'Additional Information', Cell 'E2', Converting to a String
READ: Worksheet: 'Additional Information', Cell 'F2', Converting to a String
READ: Worksheet: 'CoverPage', Cell 'B3', Converting to a String
READ: Worksheet: 'Additional Information', Cell 'B2', Converting to a String
READ: Worksheet: 'Additional Information', Cell 'C2', Converting to a String
READ: Worksheet: 'Additional Information', Cell 'A3', Converting to a String
READ: Worksheet: 'Additional Information', Cell 'D3', Converting to a String
READ: Worksheet: 'Additional Information', Cell 'E3', Converting to a String
READ: Worksheet: 'Additional Information', Cell 'F3', Converting to a String
READ: Worksheet: 'CoverPage', Cell 'B3', Converting to a String
READ: Worksheet: 'Additional Information', Cell 'B3', Converting to a String
READ: Worksheet: 'Additional Information', Cell 'C3', Converting to a String
READ: Worksheet: 'Additional Information', Cell 'A4', Converting to a String
READ: Worksheet: 'SUMMARY', Cell 'M2', Converting to a String
READ: Worksheet: 'SUMMARY', Cell 'N2', Converting to a String
READ: Worksheet: 'SUMMARY', Cell 'O2', Converting to a String
READ: Worksheet: 'CoverPage', Cell 'B3', Converting to a String
READ: Worksheet: 'SUMMARY', Cell 'K2', Converting to a String
READ: Worksheet: 'SUMMARY', Cell 'C2', Converting to a String
READ: Worksheet: 'SUMMARY', Cell 'D2', Converting to a String
READ: Worksheet: 'SUMMARY', Cell 'L2', Converting to a String
READ: Worksheet: 'SUMMARY', Cell 'E2', Converting to a String
READ: Worksheet: 'SUMMARY', Cell 'G2', Converting to a String
READ: Worksheet: 'SUMMARY', Cell 'F2', Converting to a String
READ: Worksheet: 'SUMMARY', Cell 'H2', Converting to a String
READ: Worksheet: 'SUMMARY', Cell 'J2', Converting to a String
READ: Worksheet: 'SUMMARY', Cell 'I2', Converting to a String
READ: Worksheet: 'CE_AE', Cell 'A2', Converting to a String
READ: Worksheet: 'CE_AE', Cell 'H2', Converting to a String
READ: Worksheet: 'CE_AE', Cell 'G2', Converting to a String
READ: Worksheet: 'CE_AE', Cell 'E2', Converting to a String
READ: Worksheet: 'CE_AE', Cell 'D2', Converting to a String
READ: Worksheet: 'CE_AE', Cell 'C2', Converting to a String
READ: Worksheet: 'CE_AE', Cell 'B2', Converting to a String
READ: Worksheet: 'CE_AE', Cell 'A2', Converting to a String
READ: Worksheet: 'CE_AE', Cell 'K2', Converting to a String
READ: Worksheet: 'CE_AE', Cell 'J2', Converting to a String
READ: Worksheet: 'CE_AE', Cell 'L2', Converting to a String
READ: Worksheet: 'CE_AE', Cell 'F2', Converting to a String
READ: Worksheet: 'CE_AE', Cell 'I2', Converting to a String
READ: Worksheet: 'CE_AE', Cell 'A3', Converting to a String
READ: Worksheet: 'CE_AE', Cell 'H3', Converting to a String
READ: Worksheet: 'CE_AE', Cell 'G3', Converting to a String
READ: Worksheet: 'CE_AE', Cell 'E3', Converting to a String
READ: Worksheet: 'CE_AE', Cell 'D3', Converting to a String
READ: Worksheet: 'CE_AE', Cell 'C3', Converting to a String
READ: Worksheet: 'CE_AE', Cell 'B3', Converting to a String
READ: Worksheet: 'CE_AE', Cell 'A3', Converting to a String
READ: Worksheet: 'CE_AE', Cell 'K3', Converting to a String
READ: Worksheet: 'CE_AE', Cell 'J3', Converting to a String
READ: Worksheet: 'CE_AE', Cell 'L3', Converting to a String
READ: Worksheet: 'CE_AE', Cell 'F3', Converting to a String
READ: Worksheet: 'CE_AE', Cell 'I3', Converting to a String
READ: Worksheet: 'CE_AE', Cell 'A4', Converting to a String
READ: Worksheet: 'CE_AE', Cell 'H4', Converting to a String
READ: Worksheet: 'CE_AE', Cell 'G4', Converting to a String
READ: Worksheet: 'CE_AE', Cell 'E4', Converting to a String
READ: Worksheet: 'CE_AE', Cell 'D4', Converting to a String
READ: Worksheet: 'CE_AE', Cell 'C4', Converting to a String
READ: Worksheet: 'CE_AE', Cell 'B4', Converting to a String
READ: Worksheet: 'CE_AE', Cell 'A4', Converting to a String
READ: Worksheet: 'CE_AE', Cell 'K4', Converting to a String
READ: Worksheet: 'CE_AE', Cell 'J4', Converting to a String
READ: Worksheet: 'CE_AE', Cell 'L4', Converting to a String
READ: Worksheet: 'CE_AE', Cell 'F4', Converting to a String
READ: Worksheet: 'CE_AE', Cell 'I4', Converting to a String
READ: Worksheet: 'CE_AE', Cell 'A5', Converting to a String
READ: Worksheet: 'CE_AE', Cell 'H5', Converting to a String
READ: Worksheet: 'CE_AE', Cell 'G5', Converting to a String
READ: Worksheet: 'CE_AE', Cell 'E5', Converting to a String
READ: Worksheet: 'CE_AE', Cell 'D5', Converting to a String
READ: Worksheet: 'CE_AE', Cell 'C5', Converting to a String
READ: Worksheet: 'CE_AE', Cell 'B5', Converting to a String
READ: Worksheet: 'CE_AE', Cell 'A5', Converting to a String
READ: Worksheet: 'CE_AE', Cell 'K5', Converting to a String
READ: Worksheet: 'CE_AE', Cell 'J5', Converting to a String
READ: Worksheet: 'CE_AE', Cell 'L5', Converting to a String
READ: Worksheet: 'CE_AE', Cell 'F5', Converting to a String
READ: Worksheet: 'CE_AE', Cell 'I5', Converting to a String
READ: Worksheet: 'CE_AE', Cell 'A6', Converting to a String
READ: Worksheet: 'SUMMARY', Cell 'M3', Converting to a String
READ: Worksheet: 'SUMMARY', Cell 'N3', Converting to a String
READ: Worksheet: 'SUMMARY', Cell 'O3', Converting to a String
READ: Worksheet: 'CoverPage', Cell 'B3', Converting to a String
READ: Worksheet: 'SUMMARY', Cell 'K3', Converting to a String
READ: Worksheet: 'SUMMARY', Cell 'C3', Converting to a String
READ: Worksheet: 'SUMMARY', Cell 'D3', Converting to a String
READ: Worksheet: 'SUMMARY', Cell 'L3', Converting to a String
READ: Worksheet: 'SUMMARY', Cell 'E3', Converting to a String
READ: Worksheet: 'SUMMARY', Cell 'G3', Converting to a String
READ: Worksheet: 'SUMMARY', Cell 'F3', Converting to a String
READ: Worksheet: 'SUMMARY', Cell 'H3', Converting to a String
READ: Worksheet: 'SUMMARY', Cell 'J3', Converting to a String
READ: Worksheet: 'SUMMARY', Cell 'I3', Converting to a String
READ: Worksheet: 'CE_AT', Cell 'A2', Converting to a String
READ: Worksheet: 'CE_AT', Cell 'H2', Converting to a String
READ: Worksheet: 'CE_AT', Cell 'G2', Converting to a String
READ: Worksheet: 'CE_AT', Cell 'E2', Converting to a String
READ: Worksheet: 'CE_AT', Cell 'D2', Converting to a String
READ: Worksheet: 'CE_AT', Cell 'C2', Converting to a String
READ: Worksheet: 'CE_AT', Cell 'B2', Converting to a String
READ: Worksheet: 'CE_AT', Cell 'A2', Converting to a String
READ: Worksheet: 'CE_AT', Cell 'K2', Converting to a String
READ: Worksheet: 'CE_AT', Cell 'J2', Converting to a String
READ: Worksheet: 'CE_AT', Cell 'L2', Converting to a String
READ: Worksheet: 'CE_AT', Cell 'F2', Converting to a String
READ: Worksheet: 'CE_AT', Cell 'I2', Converting to a String
READ: Worksheet: 'CE_AT', Cell 'A3', Converting to a String
READ: Worksheet: 'CE_AT', Cell 'H3', Converting to a String
READ: Worksheet: 'CE_AT', Cell 'G3', Converting to a String
READ: Worksheet: 'CE_AT', Cell 'E3', Converting to a String
READ: Worksheet: 'CE_AT', Cell 'D3', Converting to a String
READ: Worksheet: 'CE_AT', Cell 'C3', Converting to a String
READ: Worksheet: 'CE_AT', Cell 'B3', Converting to a String
READ: Worksheet: 'CE_AT', Cell 'A3', Converting to a String
READ: Worksheet: 'CE_AT', Cell 'K3', Converting to a String
READ: Worksheet: 'CE_AT', Cell 'J3', Converting to a String
READ: Worksheet: 'CE_AT', Cell 'L3', Converting to a String
READ: Worksheet: 'CE_AT', Cell 'F3', Converting to a String
READ: Worksheet: 'CE_AT', Cell 'I3', Converting to a String
READ: Worksheet: 'CE_AT', Cell 'A4', Converting to a String
READ: Worksheet: 'CE_AT', Cell 'H4', Converting to a String
READ: Worksheet: 'CE_AT', Cell 'G4', Converting to a String
READ: Worksheet: 'CE_AT', Cell 'E4', Converting to a String
READ: Worksheet: 'CE_AT', Cell 'D4', Converting to a String
READ: Worksheet: 'CE_AT', Cell 'C4', Converting to a String
READ: Worksheet: 'CE_AT', Cell 'B4', Converting to a String
READ: Worksheet: 'CE_AT', Cell 'A4', Converting to a String
READ: Worksheet: 'CE_AT', Cell 'K4', Converting to a String
READ: Worksheet: 'CE_AT', Cell 'J4', Converting to a String
READ: Worksheet: 'CE_AT', Cell 'L4', Converting to a String
READ: Worksheet: 'CE_AT', Cell 'F4', Converting to a String
READ: Worksheet: 'CE_AT', Cell 'I4', Converting to a String
READ: Worksheet: 'CE_AT', Cell 'A5', Converting to a String
READ: Worksheet: 'SUMMARY', Cell 'M4', Converting to a String
READ: Worksheet: 'SUMMARY', Cell 'N4', Converting to a String
READ: Worksheet: 'SUMMARY', Cell 'O4', Converting to a String
READ: Worksheet: 'CoverPage', Cell 'B3', Converting to a String
READ: Worksheet: 'SUMMARY', Cell 'K4', Converting to a String
READ: Worksheet: 'SUMMARY', Cell 'C4', Converting to a String
READ: Worksheet: 'SUMMARY', Cell 'D4', Converting to a String
READ: Worksheet: 'SUMMARY', Cell 'L4', Converting to a String
READ: Worksheet: 'SUMMARY', Cell 'E4', Converting to a String
READ: Worksheet: 'SUMMARY', Cell 'G4', Converting to a String
READ: Worksheet: 'SUMMARY', Cell 'F4', Converting to a String
READ: Worksheet: 'SUMMARY', Cell 'H4', Converting to a String
READ: Worksheet: 'SUMMARY', Cell 'J4', Converting to a String
READ: Worksheet: 'SUMMARY', Cell 'I4', Converting to a String
READ: Worksheet: 'CE_BE', Cell 'A2', Converting to a String
READ: Worksheet: 'CE_BE', Cell 'H2', Converting to a String
READ: Worksheet: 'CE_BE', Cell 'G2', Converting to a String
READ: Worksheet: 'CE_BE', Cell 'E2', Converting to a String
READ: Worksheet: 'CE_BE', Cell 'D2', Converting to a String
READ: Worksheet: 'CE_BE', Cell 'C2', Converting to a String
READ: Worksheet: 'CE_BE', Cell 'B2', Converting to a String
READ: Worksheet: 'CE_BE', Cell 'A2', Converting to a String
READ: Worksheet: 'CE_BE', Cell 'K2', Converting to a String
READ: Worksheet: 'CE_BE', Cell 'J2', Converting to a String
READ: Worksheet: 'CE_BE', Cell 'L2', Converting to a String
READ: Worksheet: 'CE_BE', Cell 'F2', Converting to a String
READ: Worksheet: 'CE_BE', Cell 'I2', Converting to a String
READ: Worksheet: 'CE_BE', Cell 'A3', Converting to a String
READ: Worksheet: 'CE_BE', Cell 'H3', Converting to a String
READ: Worksheet: 'CE_BE', Cell 'G3', Converting to a String
READ: Worksheet: 'CE_BE', Cell 'E3', Converting to a String
READ: Worksheet: 'CE_BE', Cell 'D3', Converting to a String
READ: Worksheet: 'CE_BE', Cell 'C3', Converting to a String
READ: Worksheet: 'CE_BE', Cell 'B3', Converting to a String
READ: Worksheet: 'CE_BE', Cell 'A3', Converting to a String
READ: Worksheet: 'CE_BE', Cell 'K3', Converting to a String
READ: Worksheet: 'CE_BE', Cell 'J3', Converting to a String
READ: Worksheet: 'CE_BE', Cell 'L3', Converting to a String
READ: Worksheet: 'CE_BE', Cell 'F3', Converting to a String
READ: Worksheet: 'CE_BE', Cell 'I3', Converting to a String
READ: Worksheet: 'CE_BE', Cell 'A4', Converting to a String
READ: Worksheet: 'CE_BE', Cell 'H4', Converting to a String
READ: Worksheet: 'CE_BE', Cell 'G4', Converting to a String
READ: Worksheet: 'CE_BE', Cell 'E4', Converting to a String
READ: Worksheet: 'CE_BE', Cell 'D4', Converting to a String
READ: Worksheet: 'CE_BE', Cell 'C4', Converting to a String
READ: Worksheet: 'CE_BE', Cell 'B4', Converting to a String
READ: Worksheet: 'CE_BE', Cell 'A4', Converting to a String
READ: Worksheet: 'CE_BE', Cell 'K4', Converting to a String
READ: Worksheet: 'CE_BE', Cell 'J4', Converting to a String
READ: Worksheet: 'CE_BE', Cell 'L4', Converting to a String
READ: Worksheet: 'CE_BE', Cell 'F4', Converting to a String
READ: Worksheet: 'CE_BE', Cell 'I4', Converting to a String
READ: Worksheet: 'CE_BE', Cell 'A5', Converting to a String
READ: Worksheet: 'CE_BE', Cell 'H5', Converting to a String
READ: Worksheet: 'CE_BE', Cell 'G5', Converting to a String
READ: Worksheet: 'CE_BE', Cell 'E5', Converting to a String
READ: Worksheet: 'CE_BE', Cell 'D5', Converting to a String
READ: Worksheet: 'CE_BE', Cell 'C5', Converting to a String
READ: Worksheet: 'CE_BE', Cell 'B5', Converting to a String
READ: Worksheet: 'CE_BE', Cell 'A5', Converting to a String
READ: Worksheet: 'CE_BE', Cell 'K5', Converting to a String
READ: Worksheet: 'CE_BE', Cell 'J5', Converting to a String
READ: Worksheet: 'CE_BE', Cell 'L5', Converting to a String
READ: Worksheet: 'CE_BE', Cell 'F5', Converting to a String
READ: Worksheet: 'CE_BE', Cell 'I5', Converting to a String
READ: Worksheet: 'CE_BE', Cell 'A6', Converting to a String
READ: Worksheet: 'CE_BE', Cell 'H6', Converting to a String
READ: Worksheet: 'CE_BE', Cell 'G6', Converting to a String
READ: Worksheet: 'CE_BE', Cell 'E6', Converting to a String
READ: Worksheet: 'CE_BE', Cell 'D6', Converting to a String
READ: Worksheet: 'CE_BE', Cell 'C6', Converting to a String
READ: Worksheet: 'CE_BE', Cell 'B6', Converting to a String
READ: Worksheet: 'CE_BE', Cell 'A6', Converting to a String
READ: Worksheet: 'CE_BE', Cell 'K6', Converting to a String
READ: Worksheet: 'CE_BE', Cell 'J6', Converting to a String
READ: Worksheet: 'CE_BE', Cell 'L6', Converting to a String
READ: Worksheet: 'CE_BE', Cell 'F6', Converting to a String
READ: Worksheet: 'CE_BE', Cell 'I6', Converting to a String
READ: Worksheet: 'CE_BE', Cell 'A7', Converting to a String
READ: Worksheet: 'CE_BE', Cell 'H7', Converting to a String
READ: Worksheet: 'CE_BE', Cell 'G7', Converting to a String
READ: Worksheet: 'CE_BE', Cell 'E7', Converting to a String
READ: Worksheet: 'CE_BE', Cell 'D7', Converting to a String
READ: Worksheet: 'CE_BE', Cell 'C7', Converting to a String
READ: Worksheet: 'CE_BE', Cell 'B7', Converting to a String
READ: Worksheet: 'CE_BE', Cell 'A7', Converting to a String
READ: Worksheet: 'CE_BE', Cell 'K7', Converting to a String
READ: Worksheet: 'CE_BE', Cell 'J7', Converting to a String
READ: Worksheet: 'CE_BE', Cell 'L7', Converting to a String
READ: Worksheet: 'CE_BE', Cell 'F7', Converting to a String
READ: Worksheet: 'CE_BE', Cell 'I7', Converting to a String
READ: Worksheet: 'CE_BE', Cell 'A8', Converting to a String
READ: Worksheet: 'CE_BE', Cell 'H8', Converting to a String
READ: Worksheet: 'CE_BE', Cell 'G8', Converting to a String
READ: Worksheet: 'CE_BE', Cell 'E8', Converting to a String
READ: Worksheet: 'CE_BE', Cell 'D8', Converting to a String
READ: Worksheet: 'CE_BE', Cell 'C8', Converting to a String
READ: Worksheet: 'CE_BE', Cell 'B8', Converting to a String
READ: Worksheet: 'CE_BE', Cell 'A8', Converting to a String
READ: Worksheet: 'CE_BE', Cell 'K8', Converting to a String
READ: Worksheet: 'CE_BE', Cell 'J8', Converting to a String
READ: Worksheet: 'CE_BE', Cell 'L8', Converting to a String
READ: Worksheet: 'CE_BE', Cell 'F8', Converting to a String
READ: Worksheet: 'CE_BE', Cell 'I8', Converting to a String
READ: Worksheet: 'CE_BE', Cell 'A9', Converting to a String
READ: Worksheet: 'SUMMARY', Cell 'M5', Converting to a String
READ: Worksheet: 'SUMMARY', Cell 'N5', Converting to a String
READ: Worksheet: 'SUMMARY', Cell 'O5', Converting to a String
READ: Worksheet: 'CoverPage', Cell 'B3', Converting to a String
READ: Worksheet: 'SUMMARY', Cell 'K5', Converting to a String
READ: Worksheet: 'SUMMARY', Cell 'C5', Converting to a String
READ: Worksheet: 'SUMMARY', Cell 'D5', Converting to a String
READ: Worksheet: 'SUMMARY', Cell 'L5', Converting to a String
READ: Worksheet: 'SUMMARY', Cell 'E5', Converting to a String
READ: Worksheet: 'SUMMARY', Cell 'G5', Converting to a String
READ: Worksheet: 'SUMMARY', Cell 'F5', Converting to a String
READ: Worksheet: 'SUMMARY', Cell 'H5', Converting to a String
READ: Worksheet: 'SUMMARY', Cell 'J5', Converting to a String
READ: Worksheet: 'SUMMARY', Cell 'I5', Converting to a String
READ: Worksheet: 'CE_BW', Cell 'A2', Converting to a String
READ: Worksheet: 'CE_BW', Cell 'H2', Converting to a String
READ: Worksheet: 'CE_BW', Cell 'G2', Converting to a String
READ: Worksheet: 'CE_BW', Cell 'E2', Converting to a String
READ: Worksheet: 'CE_BW', Cell 'D2', Converting to a String
READ: Worksheet: 'CE_BW', Cell 'C2', Converting to a String
READ: Worksheet: 'CE_BW', Cell 'B2', Converting to a String
READ: Worksheet: 'CE_BW', Cell 'A2', Converting to a String
READ: Worksheet: 'CE_BW', Cell 'K2', Converting to a String
READ: Worksheet: 'CE_BW', Cell 'J2', Converting to a String
READ: Worksheet: 'CE_BW', Cell 'L2', Converting to a String
READ: Worksheet: 'CE_BW', Cell 'F2', Converting to a String
READ: Worksheet: 'CE_BW', Cell 'I2', Converting to a String
READ: Worksheet: 'CE_BW', Cell 'A3', Converting to a String
READ: Worksheet: 'CE_BW', Cell 'H3', Converting to a String
READ: Worksheet: 'CE_BW', Cell 'G3', Converting to a String
READ: Worksheet: 'CE_BW', Cell 'E3', Converting to a String
READ: Worksheet: 'CE_BW', Cell 'D3', Converting to a String
READ: Worksheet: 'CE_BW', Cell 'C3', Converting to a String
READ: Worksheet: 'CE_BW', Cell 'B3', Converting to a String
READ: Worksheet: 'CE_BW', Cell 'A3', Converting to a String
READ: Worksheet: 'CE_BW', Cell 'K3', Converting to a String
READ: Worksheet: 'CE_BW', Cell 'J3', Converting to a String
READ: Worksheet: 'CE_BW', Cell 'L3', Converting to a String
READ: Worksheet: 'CE_BW', Cell 'F3', Converting to a String
READ: Worksheet: 'CE_BW', Cell 'I3', Converting to a String
READ: Worksheet: 'CE_BW', Cell 'A4', Converting to a String
READ: Worksheet: 'CE_BW', Cell 'H4', Converting to a String
READ: Worksheet: 'CE_BW', Cell 'G4', Converting to a String
READ: Worksheet: 'CE_BW', Cell 'E4', Converting to a String
READ: Worksheet: 'CE_BW', Cell 'D4', Converting to a String
READ: Worksheet: 'CE_BW', Cell 'C4', Converting to a String
READ: Worksheet: 'CE_BW', Cell 'B4', Converting to a String
READ: Worksheet: 'CE_BW', Cell 'A4', Converting to a String
READ: Worksheet: 'CE_BW', Cell 'K4', Converting to a String
READ: Worksheet: 'CE_BW', Cell 'J4', Converting to a String
READ: Worksheet: 'CE_BW', Cell 'L4', Converting to a String
READ: Worksheet: 'CE_BW', Cell 'F4', Converting to a String
READ: Worksheet: 'CE_BW', Cell 'I4', Converting to a String
READ: Worksheet: 'CE_BW', Cell 'A5', Converting to a String
READ: Worksheet: 'CE_BW', Cell 'H5', Converting to a String
READ: Worksheet: 'CE_BW', Cell 'G5', Converting to a String
READ: Worksheet: 'CE_BW', Cell 'E5', Converting to a String
READ: Worksheet: 'CE_BW', Cell 'D5', Converting to a String
READ: Worksheet: 'CE_BW', Cell 'C5', Converting to a String
READ: Worksheet: 'CE_BW', Cell 'B5', Converting to a String
READ: Worksheet: 'CE_BW', Cell 'A5', Converting to a String
READ: Worksheet: 'CE_BW', Cell 'K5', Converting to a String
READ: Worksheet: 'CE_BW', Cell 'J5', Converting to a String
READ: Worksheet: 'CE_BW', Cell 'L5', Converting to a String
READ: Worksheet: 'CE_BW', Cell 'F5', Converting to a String
READ: Worksheet: 'CE_BW', Cell 'I5', Converting to a String
READ: Worksheet: 'CE_BW', Cell 'A6', Converting to a String
READ: Worksheet: 'CE_BW', Cell 'H6', Converting to a String
READ: Worksheet: 'CE_BW', Cell 'G6', Converting to a String
READ: Worksheet: 'CE_BW', Cell 'E6', Converting to a String
READ: Worksheet: 'CE_BW', Cell 'D6', Converting to a String
READ: Worksheet: 'CE_BW', Cell 'C6', Converting to a String
READ: Worksheet: 'CE_BW', Cell 'B6', Converting to a String
READ: Worksheet: 'CE_BW', Cell 'A6', Converting to a String
READ: Worksheet: 'CE_BW', Cell 'K6', Converting to a String
READ: Worksheet: 'CE_BW', Cell 'J6', Converting to a String
READ: Worksheet: 'CE_BW', Cell 'L6', Converting to a String
READ: Worksheet: 'CE_BW', Cell 'F6', Converting to a String
READ: Worksheet: 'CE_BW', Cell 'I6', Converting to a String
READ: Worksheet: 'CE_BW', Cell 'A7', Converting to a String
READ: Worksheet: 'SUMMARY', Cell 'M6', Converting to a String
READ: Worksheet: 'SUMMARY', Cell 'N6', Converting to a String
READ: Worksheet: 'SUMMARY', Cell 'O6', Converting to a String
READ: Worksheet: 'CoverPage', Cell 'B3', Converting to a String
READ: Worksheet: 'SUMMARY', Cell 'K6', Converting to a String
READ: Worksheet: 'SUMMARY', Cell 'C6', Converting to a String
READ: Worksheet: 'SUMMARY', Cell 'D6', Converting to a String
READ: Worksheet: 'SUMMARY', Cell 'L6', Converting to a String
READ: Worksheet: 'SUMMARY', Cell 'E6', Converting to a String
READ: Worksheet: 'SUMMARY', Cell 'G6', Converting to a String
READ: Worksheet: 'SUMMARY', Cell 'F6', Converting to a String
READ: Worksheet: 'SUMMARY', Cell 'H6', Converting to a String
READ: Worksheet: 'SUMMARY', Cell 'J6', Converting to a String
READ: Worksheet: 'SUMMARY', Cell 'I6', Converting to a String
READ: Worksheet: 'CE_CH', Cell 'A2', Converting to a String
READ: Worksheet: 'CE_CH', Cell 'H2', Converting to a String
READ: Worksheet: 'CE_CH', Cell 'G2', Converting to a String
READ: Worksheet: 'CE_CH', Cell 'E2', Converting to a String
READ: Worksheet: 'CE_CH', Cell 'D2', Converting to a String
READ: Worksheet: 'CE_CH', Cell 'C2', Converting to a String
READ: Worksheet: 'CE_CH', Cell 'B2', Converting to a String
READ: Worksheet: 'CE_CH', Cell 'A2', Converting to a String
READ: Worksheet: 'CE_CH', Cell 'K2', Converting to a String
READ: Worksheet: 'CE_CH', Cell 'J2', Converting to a String
READ: Worksheet: 'CE_CH', Cell 'L2', Converting to a String
READ: Worksheet: 'CE_CH', Cell 'F2', Converting to a String
READ: Worksheet: 'CE_CH', Cell 'I2', Converting to a String
READ: Worksheet: 'CE_CH', Cell 'A3', Converting to a String
READ: Worksheet: 'CE_CH', Cell 'H3', Converting to a String
READ: Worksheet: 'CE_CH', Cell 'G3', Converting to a String
READ: Worksheet: 'CE_CH', Cell 'E3', Converting to a String
READ: Worksheet: 'CE_CH', Cell 'D3', Converting to a String
READ: Worksheet: 'CE_CH', Cell 'C3', Converting to a String
READ: Worksheet: 'CE_CH', Cell 'B3', Converting to a String
READ: Worksheet: 'CE_CH', Cell 'A3', Converting to a String
READ: Worksheet: 'CE_CH', Cell 'K3', Converting to a String
READ: Worksheet: 'CE_CH', Cell 'J3', Converting to a String
READ: Worksheet: 'CE_CH', Cell 'L3', Converting to a String
READ: Worksheet: 'CE_CH', Cell 'F3', Converting to a String
READ: Worksheet: 'CE_CH', Cell 'I3', Converting to a String
READ: Worksheet: 'CE_CH', Cell 'A4', Converting to a String
READ: Worksheet: 'CE_CH', Cell 'H4', Converting to a String
READ: Worksheet: 'CE_CH', Cell 'G4', Converting to a String
READ: Worksheet: 'CE_CH', Cell 'E4', Converting to a String
READ: Worksheet: 'CE_CH', Cell 'D4', Converting to a String
READ: Worksheet: 'CE_CH', Cell 'C4', Converting to a String
READ: Worksheet: 'CE_CH', Cell 'B4', Converting to a String
READ: Worksheet: 'CE_CH', Cell 'A4', Converting to a String
READ: Worksheet: 'CE_CH', Cell 'K4', Converting to a String
READ: Worksheet: 'CE_CH', Cell 'J4', Converting to a String
READ: Worksheet: 'CE_CH', Cell 'L4', Converting to a String
READ: Worksheet: 'CE_CH', Cell 'F4', Converting to a String
READ: Worksheet: 'CE_CH', Cell 'I4', Converting to a String
READ: Worksheet: 'CE_CH', Cell 'A5', Converting to a String
READ: Worksheet: 'SUMMARY', Cell 'M7', Converting to a String
READ: Worksheet: 'SUMMARY', Cell 'N7', Converting to a String
READ: Worksheet: 'SUMMARY', Cell 'O7', Converting to a String
READ: Worksheet: 'CoverPage', Cell 'B3', Converting to a String
READ: Worksheet: 'SUMMARY', Cell 'K7', Converting to a String
READ: Worksheet: 'SUMMARY', Cell 'C7', Converting to a String
READ: Worksheet: 'SUMMARY', Cell 'D7', Converting to a String
READ: Worksheet: 'SUMMARY', Cell 'L7', Converting to a String
READ: Worksheet: 'SUMMARY', Cell 'E7', Converting to a String
READ: Worksheet: 'SUMMARY', Cell 'G7', Converting to a String
READ: Worksheet: 'SUMMARY', Cell 'F7', Converting to a String
READ: Worksheet: 'SUMMARY', Cell 'H7', Converting to a String
READ: Worksheet: 'SUMMARY', Cell 'J7', Converting to a String
READ: Worksheet: 'SUMMARY', Cell 'I7', Converting to a String
READ: Worksheet: 'CE_CN', Cell 'A2', Converting to a String
READ: Worksheet: 'CE_CN', Cell 'H2', Converting to a String
READ: Worksheet: 'CE_CN', Cell 'G2', Converting to a String
READ: Worksheet: 'CE_CN', Cell 'E2', Converting to a String
READ: Worksheet: 'CE_CN', Cell 'D2', Converting to a String
READ: Worksheet: 'CE_CN', Cell 'C2', Converting to a String
READ: Worksheet: 'CE_CN', Cell 'B2', Converting to a String
READ: Worksheet: 'CE_CN', Cell 'A2', Converting to a String
READ: Worksheet: 'CE_CN', Cell 'K2', Converting to a String
READ: Worksheet: 'CE_CN', Cell 'J2', Converting to a String
READ: Worksheet: 'CE_CN', Cell 'L2', Converting to a String
READ: Worksheet: 'CE_CN', Cell 'F2', Converting to a String
READ: Worksheet: 'CE_CN', Cell 'I2', Converting to a String
READ: Worksheet: 'CE_CN', Cell 'A3', Converting to a String
READ: Worksheet: 'CE_CN', Cell 'H3', Converting to a String
READ: Worksheet: 'CE_CN', Cell 'G3', Converting to a String
READ: Worksheet: 'CE_CN', Cell 'E3', Converting to a String
READ: Worksheet: 'CE_CN', Cell 'D3', Converting to a String
READ: Worksheet: 'CE_CN', Cell 'C3', Converting to a String
READ: Worksheet: 'CE_CN', Cell 'B3', Converting to a String
READ: Worksheet: 'CE_CN', Cell 'A3', Converting to a String
READ: Worksheet: 'CE_CN', Cell 'K3', Converting to a String
READ: Worksheet: 'CE_CN', Cell 'J3', Converting to a String
READ: Worksheet: 'CE_CN', Cell 'L3', Converting to a String
READ: Worksheet: 'CE_CN', Cell 'F3', Converting to a String
READ: Worksheet: 'CE_CN', Cell 'I3', Converting to a String
READ: Worksheet: 'CE_CN', Cell 'A4', Converting to a String
READ: Worksheet: 'CE_CN', Cell 'H4', Converting to a String
READ: Worksheet: 'CE_CN', Cell 'G4', Converting to a String
READ: Worksheet: 'CE_CN', Cell 'E4', Converting to a String
READ: Worksheet: 'CE_CN', Cell 'D4', Converting to a String
READ: Worksheet: 'CE_CN', Cell 'C4', Converting to a String
READ: Worksheet: 'CE_CN', Cell 'B4', Converting to a String
READ: Worksheet: 'CE_CN', Cell 'A4', Converting to a String
READ: Worksheet: 'CE_CN', Cell 'K4', Converting to a String
READ: Worksheet: 'CE_CN', Cell 'J4', Converting to a String
READ: Worksheet: 'CE_CN', Cell 'L4', Converting to a String
READ: Worksheet: 'CE_CN', Cell 'F4', Converting to a String
READ: Worksheet: 'CE_CN', Cell 'I4', Converting to a String
READ: Worksheet: 'CE_CN', Cell 'A5', Converting to a String
READ: Worksheet: 'SUMMARY', Cell 'M8', Converting to a String
READ: Worksheet: 'SUMMARY', Cell 'N8', Converting to a String
READ: Worksheet: 'SUMMARY', Cell 'O8', Converting to a String
READ: Worksheet: 'CoverPage', Cell 'B3', Converting to a String
READ: Worksheet: 'SUMMARY', Cell 'K8', Converting to a String
READ: Worksheet: 'SUMMARY', Cell 'C8', Converting to a String
READ: Worksheet: 'SUMMARY', Cell 'D8', Converting to a String
READ: Worksheet: 'SUMMARY', Cell 'L8', Converting to a String
READ: Worksheet: 'SUMMARY', Cell 'E8', Converting to a String
READ: Worksheet: 'SUMMARY', Cell 'G8', Converting to a String
READ: Worksheet: 'SUMMARY', Cell 'F8', Converting to a String
READ: Worksheet: 'SUMMARY', Cell 'H8', Converting to a String
READ: Worksheet: 'SUMMARY', Cell 'J8', Converting to a String
READ: Worksheet: 'SUMMARY', Cell 'I8', Converting to a String
READ: Worksheet: 'CE_CZ', Cell 'A2', Converting to a String
READ: Worksheet: 'CE_CZ', Cell 'H2', Converting to a String
READ: Worksheet: 'CE_CZ', Cell 'G2', Converting to a String
READ: Worksheet: 'CE_CZ', Cell 'E2', Converting to a String
READ: Worksheet: 'CE_CZ', Cell 'D2', Converting to a String
READ: Worksheet: 'CE_CZ', Cell 'C2', Converting to a String
READ: Worksheet: 'CE_CZ', Cell 'B2', Converting to a String
READ: Worksheet: 'CE_CZ', Cell 'A2', Converting to a String
READ: Worksheet: 'CE_CZ', Cell 'K2', Converting to a String
READ: Worksheet: 'CE_CZ', Cell 'J2', Converting to a String
READ: Worksheet: 'CE_CZ', Cell 'L2', Converting to a String
READ: Worksheet: 'CE_CZ', Cell 'F2', Converting to a String
READ: Worksheet: 'CE_CZ', Cell 'I2', Converting to a String
READ: Worksheet: 'CE_CZ', Cell 'A3', Converting to a String
READ: Worksheet: 'CE_CZ', Cell 'H3', Converting to a String
READ: Worksheet: 'CE_CZ', Cell 'G3', Converting to a String
READ: Worksheet: 'CE_CZ', Cell 'E3', Converting to a String
READ: Worksheet: 'CE_CZ', Cell 'D3', Converting to a String
READ: Worksheet: 'CE_CZ', Cell 'C3', Converting to a String
READ: Worksheet: 'CE_CZ', Cell 'B3', Converting to a String
READ: Worksheet: 'CE_CZ', Cell 'A3', Converting to a String
READ: Worksheet: 'CE_CZ', Cell 'K3', Converting to a String
READ: Worksheet: 'CE_CZ', Cell 'J3', Converting to a String
READ: Worksheet: 'CE_CZ', Cell 'L3', Converting to a String
READ: Worksheet: 'CE_CZ', Cell 'F3', Converting to a String
READ: Worksheet: 'CE_CZ', Cell 'I3', Converting to a String
READ: Worksheet: 'CE_CZ', Cell 'A4', Converting to a String
READ: Worksheet: 'SUMMARY', Cell 'M9', Converting to a String
READ: Worksheet: 'SUMMARY', Cell 'N9', Converting to a String
READ: Worksheet: 'SUMMARY', Cell 'O9', Converting to a String
READ: Worksheet: 'CoverPage', Cell 'B3', Converting to a String
READ: Worksheet: 'SUMMARY', Cell 'K9', Converting to a String
READ: Worksheet: 'SUMMARY', Cell 'C9', Converting to a String
READ: Worksheet: 'SUMMARY', Cell 'D9', Converting to a String
READ: Worksheet: 'SUMMARY', Cell 'L9', Converting to a String
READ: Worksheet: 'SUMMARY', Cell 'E9', Converting to a String
READ: Worksheet: 'SUMMARY', Cell 'G9', Converting to a String
READ: Worksheet: 'SUMMARY', Cell 'F9', Converting to a String
READ: Worksheet: 'SUMMARY', Cell 'H9', Converting to a String
READ: Worksheet: 'SUMMARY', Cell 'J9', Converting to a String
READ: Worksheet: 'SUMMARY', Cell 'I9', Converting to a String
READ: Worksheet: 'CE_DE', Cell 'A2', Converting to a String
READ: Worksheet: 'CE_DE', Cell 'H2', Converting to a String
READ: Worksheet: 'CE_DE', Cell 'G2', Converting to a String
READ: Worksheet: 'CE_DE', Cell 'E2', Converting to a String
READ: Worksheet: 'CE_DE', Cell 'D2', Converting to a String
READ: Worksheet: 'CE_DE', Cell 'C2', Converting to a String
READ: Worksheet: 'CE_DE', Cell 'B2', Converting to a String
READ: Worksheet: 'CE_DE', Cell 'A2', Converting to a String
READ: Worksheet: 'CE_DE', Cell 'K2', Converting to a String
READ: Worksheet: 'CE_DE', Cell 'J2', Converting to a String
READ: Worksheet: 'CE_DE', Cell 'L2', Converting to a String
READ: Worksheet: 'CE_DE', Cell 'F2', Converting to a String
READ: Worksheet: 'CE_DE', Cell 'I2', Converting to a String
READ: Worksheet: 'CE_DE', Cell 'A3', Converting to a String
READ: Worksheet: 'CE_DE', Cell 'H3', Converting to a String
READ: Worksheet: 'CE_DE', Cell 'G3', Converting to a String
READ: Worksheet: 'CE_DE', Cell 'E3', Converting to a String
READ: Worksheet: 'CE_DE', Cell 'D3', Converting to a String
READ: Worksheet: 'CE_DE', Cell 'C3', Converting to a String
READ: Worksheet: 'CE_DE', Cell 'B3', Converting to a String
READ: Worksheet: 'CE_DE', Cell 'A3', Converting to a String
READ: Worksheet: 'CE_DE', Cell 'K3', Converting to a String
READ: Worksheet: 'CE_DE', Cell 'J3', Converting to a String
READ: Worksheet: 'CE_DE', Cell 'L3', Converting to a String
READ: Worksheet: 'CE_DE', Cell 'F3', Converting to a String
READ: Worksheet: 'CE_DE', Cell 'I3', Converting to a String
READ: Worksheet: 'CE_DE', Cell 'A4', Converting to a String
READ: Worksheet: 'CE_DE', Cell 'H4', Converting to a String
READ: Worksheet: 'CE_DE', Cell 'G4', Converting to a String
READ: Worksheet: 'CE_DE', Cell 'E4', Converting to a String
READ: Worksheet: 'CE_DE', Cell 'D4', Converting to a String
READ: Worksheet: 'CE_DE', Cell 'C4', Converting to a String
READ: Worksheet: 'CE_DE', Cell 'B4', Converting to a String
READ: Worksheet: 'CE_DE', Cell 'A4', Converting to a String
READ: Worksheet: 'CE_DE', Cell 'K4', Converting to a String
READ: Worksheet: 'CE_DE', Cell 'J4', Converting to a String
READ: Worksheet: 'CE_DE', Cell 'L4', Converting to a String
READ: Worksheet: 'CE_DE', Cell 'F4', Converting to a String
READ: Worksheet: 'CE_DE', Cell 'I4', Converting to a String
READ: Worksheet: 'CE_DE', Cell 'A5', Converting to a String
READ: Worksheet: 'CE_DE', Cell 'H5', Converting to a String
READ: Worksheet: 'CE_DE', Cell 'G5', Converting to a String
READ: Worksheet: 'CE_DE', Cell 'E5', Converting to a String
READ: Worksheet: 'CE_DE', Cell 'D5', Converting to a String
READ: Worksheet: 'CE_DE', Cell 'C5', Converting to a String
READ: Worksheet: 'CE_DE', Cell 'B5', Converting to a String
READ: Worksheet: 'CE_DE', Cell 'A5', Converting to a String
READ: Worksheet: 'CE_DE', Cell 'K5', Converting to a String
READ: Worksheet: 'CE_DE', Cell 'J5', Converting to a String
READ: Worksheet: 'CE_DE', Cell 'L5', Converting to a String
READ: Worksheet: 'CE_DE', Cell 'F5', Converting to a String
READ: Worksheet: 'CE_DE', Cell 'I5', Converting to a String
READ: Worksheet: 'CE_DE', Cell 'A6', Converting to a String
READ: Worksheet: 'CE_DE', Cell 'H6', Converting to a String
READ: Worksheet: 'CE_DE', Cell 'G6', Converting to a String
READ: Worksheet: 'CE_DE', Cell 'E6', Converting to a String
READ: Worksheet: 'CE_DE', Cell 'D6', Converting to a String
READ: Worksheet: 'CE_DE', Cell 'C6', Converting to a String
READ: Worksheet: 'CE_DE', Cell 'B6', Converting to a String
READ: Worksheet: 'CE_DE', Cell 'A6', Converting to a String
READ: Worksheet: 'CE_DE', Cell 'K6', Converting to a String
READ: Worksheet: 'CE_DE', Cell 'J6', Converting to a String
READ: Worksheet: 'CE_DE', Cell 'L6', Converting to a String
READ: Worksheet: 'CE_DE', Cell 'F6', Converting to a String
READ: Worksheet: 'CE_DE', Cell 'I6', Converting to a String
READ: Worksheet: 'CE_DE', Cell 'A7', Converting to a String
READ: Worksheet: 'CE_DE', Cell 'H7', Converting to a String
READ: Worksheet: 'CE_DE', Cell 'G7', Converting to a String
READ: Worksheet: 'CE_DE', Cell 'E7', Converting to a String
READ: Worksheet: 'CE_DE', Cell 'D7', Converting to a String
READ: Worksheet: 'CE_DE', Cell 'C7', Converting to a String
READ: Worksheet: 'CE_DE', Cell 'B7', Converting to a String
READ: Worksheet: 'CE_DE', Cell 'A7', Converting to a String
READ: Worksheet: 'CE_DE', Cell 'K7', Converting to a String
READ: Worksheet: 'CE_DE', Cell 'J7', Converting to a String
READ: Worksheet: 'CE_DE', Cell 'L7', Converting to a String
READ: Worksheet: 'CE_DE', Cell 'F7', Converting to a String
READ: Worksheet: 'CE_DE', Cell 'I7', Converting to a String
READ: Worksheet: 'CE_DE', Cell 'A8', Converting to a String
READ: Worksheet: 'CE_DE', Cell 'H8', Converting to a String
READ: Worksheet: 'CE_DE', Cell 'G8', Converting to a String
READ: Worksheet: 'CE_DE', Cell 'E8', Converting to a String
READ: Worksheet: 'CE_DE', Cell 'D8', Converting to a String
READ: Worksheet: 'CE_DE', Cell 'C8', Converting to a String
READ: Worksheet: 'CE_DE', Cell 'B8', Converting to a String
READ: Worksheet: 'CE_DE', Cell 'A8', Converting to a String
READ: Worksheet: 'CE_DE', Cell 'K8', Converting to a String
READ: Worksheet: 'CE_DE', Cell 'J8', Converting to a String
READ: Worksheet: 'CE_DE', Cell 'L8', Converting to a String
READ: Worksheet: 'CE_DE', Cell 'F8', Converting to a String
READ: Worksheet: 'CE_DE', Cell 'I8', Converting to a String
READ: Worksheet: 'CE_DE', Cell 'A9', Converting to a String
READ: Worksheet: 'CE_DE', Cell 'H9', Converting to a String
READ: Worksheet: 'CE_DE', Cell 'G9', Converting to a String
READ: Worksheet: 'CE_DE', Cell 'E9', Converting to a String
READ: Worksheet: 'CE_DE', Cell 'D9', Converting to a String
READ: Worksheet: 'CE_DE', Cell 'C9', Converting to a String
READ: Worksheet: 'CE_DE', Cell 'B9', Converting to a String
READ: Worksheet: 'CE_DE', Cell 'A9', Converting to a String
READ: Worksheet: 'CE_DE', Cell 'K9', Converting to a String
READ: Worksheet: 'CE_DE', Cell 'J9', Converting to a String
READ: Worksheet: 'CE_DE', Cell 'L9', Converting to a String
READ: Worksheet: 'CE_DE', Cell 'F9', Converting to a String
READ: Worksheet: 'CE_DE', Cell 'I9', Converting to a String
READ: Worksheet: 'CE_DE', Cell 'A10', Converting to a String
READ: Worksheet: 'CE_DE', Cell 'H10', Converting to a String
READ: Worksheet: 'CE_DE', Cell 'G10', Converting to a String
READ: Worksheet: 'CE_DE', Cell 'E10', Converting to a String
READ: Worksheet: 'CE_DE', Cell 'D10', Converting to a String
READ: Worksheet: 'CE_DE', Cell 'C10', Converting to a String
READ: Worksheet: 'CE_DE', Cell 'B10', Converting to a String
READ: Worksheet: 'CE_DE', Cell 'A10', Converting to a String
READ: Worksheet: 'CE_DE', Cell 'K10', Converting to a String
READ: Worksheet: 'CE_DE', Cell 'J10', Converting to a String
READ: Worksheet: 'CE_DE', Cell 'L10', Converting to a String
READ: Worksheet: 'CE_DE', Cell 'F10', Converting to a String
READ: Worksheet: 'CE_DE', Cell 'I10', Converting to a String
READ: Worksheet: 'CE_DE', Cell 'A11', Converting to a String
READ: Worksheet: 'CE_DE', Cell 'H11', Converting to a String
READ: Worksheet: 'CE_DE', Cell 'G11', Converting to a String
READ: Worksheet: 'CE_DE', Cell 'E11', Converting to a String
READ: Worksheet: 'CE_DE', Cell 'D11', Converting to a String
READ: Worksheet: 'CE_DE', Cell 'C11', Converting to a String
READ: Worksheet: 'CE_DE', Cell 'B11', Converting to a String
READ: Worksheet: 'CE_DE', Cell 'A11', Converting to a String
READ: Worksheet: 'CE_DE', Cell 'K11', Converting to a String
READ: Worksheet: 'CE_DE', Cell 'J11', Converting to a String
READ: Worksheet: 'CE_DE', Cell 'L11', Converting to a String
READ: Worksheet: 'CE_DE', Cell 'F11', Converting to a String
READ: Worksheet: 'CE_DE', Cell 'I11', Converting to a String
READ: Worksheet: 'CE_DE', Cell 'A12', Converting to a String
READ: Worksheet: 'CE_DE', Cell 'H12', Converting to a String
READ: Worksheet: 'CE_DE', Cell 'G12', Converting to a String
READ: Worksheet: 'CE_DE', Cell 'E12', Converting to a String
READ: Worksheet: 'CE_DE', Cell 'D12', Converting to a String
READ: Worksheet: 'CE_DE', Cell 'C12', Converting to a String
READ: Worksheet: 'CE_DE', Cell 'B12', Converting to a String
READ: Worksheet: 'CE_DE', Cell 'A12', Converting to a String
READ: Worksheet: 'CE_DE', Cell 'K12', Converting to a String
READ: Worksheet: 'CE_DE', Cell 'J12', Converting to a String
READ: Worksheet: 'CE_DE', Cell 'L12', Converting to a String
READ: Worksheet: 'CE_DE', Cell 'F12', Converting to a String
READ: Worksheet: 'CE_DE', Cell 'I12', Converting to a String
READ: Worksheet: 'CE_DE', Cell 'A13', Converting to a String
READ: Worksheet: 'CE_DE', Cell 'H13', Converting to a String
READ: Worksheet: 'CE_DE', Cell 'G13', Converting to a String
READ: Worksheet: 'CE_DE', Cell 'E13', Converting to a String
READ: Worksheet: 'CE_DE', Cell 'D13', Converting to a String
READ: Worksheet: 'CE_DE', Cell 'C13', Converting to a String
READ: Worksheet: 'CE_DE', Cell 'B13', Converting to a String
READ: Worksheet: 'CE_DE', Cell 'A13', Converting to a String
READ: Worksheet: 'CE_DE', Cell 'K13', Converting to a String
READ: Worksheet: 'CE_DE', Cell 'J13', Converting to a String
READ: Worksheet: 'CE_DE', Cell 'L13', Converting to a String
READ: Worksheet: 'CE_DE', Cell 'F13', Converting to a String
READ: Worksheet: 'CE_DE', Cell 'I13', Converting to a String
READ: Worksheet: 'CE_DE', Cell 'A14', Converting to a String
READ: Worksheet: 'CE_DE', Cell 'H14', Converting to a String
READ: Worksheet: 'CE_DE', Cell 'G14', Converting to a String
READ: Worksheet: 'CE_DE', Cell 'E14', Converting to a String
READ: Worksheet: 'CE_DE', Cell 'D14', Converting to a String
READ: Worksheet: 'CE_DE', Cell 'C14', Converting to a String
READ: Worksheet: 'CE_DE', Cell 'B14', Converting to a String
READ: Worksheet: 'CE_DE', Cell 'A14', Converting to a String
READ: Worksheet: 'CE_DE', Cell 'K14', Converting to a String
READ: Worksheet: 'CE_DE', Cell 'J14', Converting to a String
READ: Worksheet: 'CE_DE', Cell 'L14', Converting to a String
READ: Worksheet: 'CE_DE', Cell 'F14', Converting to a String
READ: Worksheet: 'CE_DE', Cell 'I14', Converting to a String
READ: Worksheet: 'CE_DE', Cell 'A15', Converting to a String
READ: Worksheet: 'CE_DE', Cell 'H15', Converting to a String
READ: Worksheet: 'CE_DE', Cell 'G15', Converting to a String
READ: Worksheet: 'CE_DE', Cell 'E15', Converting to a String
READ: Worksheet: 'CE_DE', Cell 'D15', Converting to a String
READ: Worksheet: 'CE_DE', Cell 'C15', Converting to a String
READ: Worksheet: 'CE_DE', Cell 'B15', Converting to a String
READ: Worksheet: 'CE_DE', Cell 'A15', Converting to a String
READ: Worksheet: 'CE_DE', Cell 'K15', Converting to a String
READ: Worksheet: 'CE_DE', Cell 'J15', Converting to a String
READ: Worksheet: 'CE_DE', Cell 'L15', Converting to a String
READ: Worksheet: 'CE_DE', Cell 'F15', Converting to a String
READ: Worksheet: 'CE_DE', Cell 'I15', Converting to a String
READ: Worksheet: 'CE_DE', Cell 'A16', Converting to a String
READ: Worksheet: 'CE_DE', Cell 'H16', Converting to a String
READ: Worksheet: 'CE_DE', Cell 'G16', Converting to a String
READ: Worksheet: 'CE_DE', Cell 'E16', Converting to a String
READ: Worksheet: 'CE_DE', Cell 'D16', Converting to a String
READ: Worksheet: 'CE_DE', Cell 'C16', Converting to a String
READ: Worksheet: 'CE_DE', Cell 'B16', Converting to a String
READ: Worksheet: 'CE_DE', Cell 'A16', Converting to a String
READ: Worksheet: 'CE_DE', Cell 'K16', Converting to a String
READ: Worksheet: 'CE_DE', Cell 'J16', Converting to a String
READ: Worksheet: 'CE_DE', Cell 'L16', Converting to a String
READ: Worksheet: 'CE_DE', Cell 'F16', Converting to a String
READ: Worksheet: 'CE_DE', Cell 'I16', Converting to a String
READ: Worksheet: 'CE_DE', Cell 'A17', Converting to a String
READ: Worksheet: 'CE_DE', Cell 'H17', Converting to a String
READ: Worksheet: 'CE_DE', Cell 'G17', Converting to a String
READ: Worksheet: 'CE_DE', Cell 'E17', Converting to a String
READ: Worksheet: 'CE_DE', Cell 'D17', Converting to a String
READ: Worksheet: 'CE_DE', Cell 'C17', Converting to a String
READ: Worksheet: 'CE_DE', Cell 'B17', Converting to a String
READ: Worksheet: 'CE_DE', Cell 'A17', Converting to a String
READ: Worksheet: 'CE_DE', Cell 'K17', Converting to a String
READ: Worksheet: 'CE_DE', Cell 'J17', Converting to a String
READ: Worksheet: 'CE_DE', Cell 'L17', Converting to a String
READ: Worksheet: 'CE_DE', Cell 'F17', Converting to a String
READ: Worksheet: 'CE_DE', Cell 'I17', Converting to a String
READ: Worksheet: 'CE_DE', Cell 'A18', Converting to a String
READ: Worksheet: 'CE_DE', Cell 'H18', Converting to a String
READ: Worksheet: 'CE_DE', Cell 'G18', Converting to a String
READ: Worksheet: 'CE_DE', Cell 'E18', Converting to a String
READ: Worksheet: 'CE_DE', Cell 'D18', Converting to a String
READ: Worksheet: 'CE_DE', Cell 'C18', Converting to a String
READ: Worksheet: 'CE_DE', Cell 'B18', Converting to a String
READ: Worksheet: 'CE_DE', Cell 'A18', Converting to a String
READ: Worksheet: 'CE_DE', Cell 'K18', Converting to a String
READ: Worksheet: 'CE_DE', Cell 'J18', Converting to a String
READ: Worksheet: 'CE_DE', Cell 'L18', Converting to a String
READ: Worksheet: 'CE_DE', Cell 'F18', Converting to a String
READ: Worksheet: 'CE_DE', Cell 'I18', Converting to a String
READ: Worksheet: 'CE_DE', Cell 'A19', Converting to a String
READ: Worksheet: 'CE_DE', Cell 'H19', Converting to a String
READ: Worksheet: 'CE_DE', Cell 'G19', Converting to a String
READ: Worksheet: 'CE_DE', Cell 'E19', Converting to a String
READ: Worksheet: 'CE_DE', Cell 'D19', Converting to a String
READ: Worksheet: 'CE_DE', Cell 'C19', Converting to a String
READ: Worksheet: 'CE_DE', Cell 'B19', Converting to a String
READ: Worksheet: 'CE_DE', Cell 'A19', Converting to a String
READ: Worksheet: 'CE_DE', Cell 'K19', Converting to a String
READ: Worksheet: 'CE_DE', Cell 'J19', Converting to a String
READ: Worksheet: 'CE_DE', Cell 'L19', Converting to a String
READ: Worksheet: 'CE_DE', Cell 'F19', Converting to a String
READ: Worksheet: 'CE_DE', Cell 'I19', Converting to a String
READ: Worksheet: 'CE_DE', Cell 'A20', Converting to a String
READ: Worksheet: 'CE_DE', Cell 'H20', Converting to a String
READ: Worksheet: 'CE_DE', Cell 'G20', Converting to a String
READ: Worksheet: 'CE_DE', Cell 'E20', Converting to a String
READ: Worksheet: 'CE_DE', Cell 'D20', Converting to a String
READ: Worksheet: 'CE_DE', Cell 'C20', Converting to a String
READ: Worksheet: 'CE_DE', Cell 'B20', Converting to a String
READ: Worksheet: 'CE_DE', Cell 'A20', Converting to a String
READ: Worksheet: 'CE_DE', Cell 'K20', Converting to a String
READ: Worksheet: 'CE_DE', Cell 'J20', Converting to a String
READ: Worksheet: 'CE_DE', Cell 'L20', Converting to a String
READ: Worksheet: 'CE_DE', Cell 'F20', Converting to a String
READ: Worksheet: 'CE_DE', Cell 'I20', Converting to a String
READ: Worksheet: 'CE_DE', Cell 'A21', Converting to a String
READ: Worksheet: 'CE_DE', Cell 'H21', Converting to a String
READ: Worksheet: 'CE_DE', Cell 'G21', Converting to a String
READ: Worksheet: 'CE_DE', Cell 'E21', Converting to a String
READ: Worksheet: 'CE_DE', Cell 'D21', Converting to a String
READ: Worksheet: 'CE_DE', Cell 'C21', Converting to a String
READ: Worksheet: 'CE_DE', Cell 'B21', Converting to a String
READ: Worksheet: 'CE_DE', Cell 'A21', Converting to a String
READ: Worksheet: 'CE_DE', Cell 'K21', Converting to a String
READ: Worksheet: 'CE_DE', Cell 'J21', Converting to a String
READ: Worksheet: 'CE_DE', Cell 'L21', Converting to a String
READ: Worksheet: 'CE_DE', Cell 'F21', Converting to a String
READ: Worksheet: 'CE_DE', Cell 'I21', Converting to a String
READ: Worksheet: 'CE_DE', Cell 'A22', Converting to a String
READ: Worksheet: 'CE_DE', Cell 'H22', Converting to a String
READ: Worksheet: 'CE_DE', Cell 'G22', Converting to a String
READ: Worksheet: 'CE_DE', Cell 'E22', Converting to a String
READ: Worksheet: 'CE_DE', Cell 'D22', Converting to a String
READ: Worksheet: 'CE_DE', Cell 'C22', Converting to a String
READ: Worksheet: 'CE_DE', Cell 'B22', Converting to a String
READ: Worksheet: 'CE_DE', Cell 'A22', Converting to a String
READ: Worksheet: 'CE_DE', Cell 'K22', Converting to a String
READ: Worksheet: 'CE_DE', Cell 'J22', Converting to a String
READ: Worksheet: 'CE_DE', Cell 'L22', Converting to a String
READ: Worksheet: 'CE_DE', Cell 'F22', Converting to a String
READ: Worksheet: 'CE_DE', Cell 'I22', Converting to a String
READ: Worksheet: 'CE_DE', Cell 'A23', Converting to a String
READ: Worksheet: 'CE_DE', Cell 'H23', Converting to a String
READ: Worksheet: 'CE_DE', Cell 'G23', Converting to a String
READ: Worksheet: 'CE_DE', Cell 'E23', Converting to a String
READ: Worksheet: 'CE_DE', Cell 'D23', Converting to a String
READ: Worksheet: 'CE_DE', Cell 'C23', Converting to a String
READ: Worksheet: 'CE_DE', Cell 'B23', Converting to a String
READ: Worksheet: 'CE_DE', Cell 'A23', Converting to a String
READ: Worksheet: 'CE_DE', Cell 'K23', Converting to a String
READ: Worksheet: 'CE_DE', Cell 'J23', Converting to a String
READ: Worksheet: 'CE_DE', Cell 'L23', Converting to a String
READ: Worksheet: 'CE_DE', Cell 'F23', Converting to a String
READ: Worksheet: 'CE_DE', Cell 'I23', Converting to a String
READ: Worksheet: 'CE_DE', Cell 'A24', Converting to a String
READ: Worksheet: 'CE_DE', Cell 'H24', Converting to a String
READ: Worksheet: 'CE_DE', Cell 'G24', Converting to a String
READ: Worksheet: 'CE_DE', Cell 'E24', Converting to a String
READ: Worksheet: 'CE_DE', Cell 'D24', Converting to a String
READ: Worksheet: 'CE_DE', Cell 'C24', Converting to a String
READ: Worksheet: 'CE_DE', Cell 'B24', Converting to a String
READ: Worksheet: 'CE_DE', Cell 'A24', Converting to a String
READ: Worksheet: 'CE_DE', Cell 'K24', Converting to a String
READ: Worksheet: 'CE_DE', Cell 'J24', Converting to a String
READ: Worksheet: 'CE_DE', Cell 'L24', Converting to a String
READ: Worksheet: 'CE_DE', Cell 'F24', Converting to a String
READ: Worksheet: 'CE_DE', Cell 'I24', Converting to a String
READ: Worksheet: 'CE_DE', Cell 'A25', Converting to a String
READ: Worksheet: 'CE_DE', Cell 'H25', Converting to a String
READ: Worksheet: 'CE_DE', Cell 'G25', Converting to a String
READ: Worksheet: 'CE_DE', Cell 'E25', Converting to a String
READ: Worksheet: 'CE_DE', Cell 'D25', Converting to a String
READ: Worksheet: 'CE_DE', Cell 'C25', Converting to a String
READ: Worksheet: 'CE_DE', Cell 'B25', Converting to a String
READ: Worksheet: 'CE_DE', Cell 'A25', Converting to a String
READ: Worksheet: 'CE_DE', Cell 'K25', Converting to a String
READ: Worksheet: 'CE_DE', Cell 'J25', Converting to a String
READ: Worksheet: 'CE_DE', Cell 'L25', Converting to a String
READ: Worksheet: 'CE_DE', Cell 'F25', Converting to a String
READ: Worksheet: 'CE_DE', Cell 'I25', Converting to a String
READ: Worksheet: 'CE_DE', Cell 'A26', Converting to a String
READ: Worksheet: 'CE_DE', Cell 'H26', Converting to a String
READ: Worksheet: 'CE_DE', Cell 'G26', Converting to a String
READ: Worksheet: 'CE_DE', Cell 'E26', Converting to a String
READ: Worksheet: 'CE_DE', Cell 'D26', Converting to a String
READ: Worksheet: 'CE_DE', Cell 'C26', Converting to a String
READ: Worksheet: 'CE_DE', Cell 'B26', Converting to a String
READ: Worksheet: 'CE_DE', Cell 'A26', Converting to a String
READ: Worksheet: 'CE_DE', Cell 'K26', Converting to a String
READ: Worksheet: 'CE_DE', Cell 'J26', Converting to a String
READ: Worksheet: 'CE_DE', Cell 'L26', Converting to a String
READ: Worksheet: 'CE_DE', Cell 'F26', Converting to a String
READ: Worksheet: 'CE_DE', Cell 'I26', Converting to a String
READ: Worksheet: 'CE_DE', Cell 'A27', Converting to a String
READ: Worksheet: 'CE_DE', Cell 'H27', Converting to a String
READ: Worksheet: 'CE_DE', Cell 'G27', Converting to a String
READ: Worksheet: 'CE_DE', Cell 'E27', Converting to a String
READ: Worksheet: 'CE_DE', Cell 'D27', Converting to a String
READ: Worksheet: 'CE_DE', Cell 'C27', Converting to a String
READ: Worksheet: 'CE_DE', Cell 'B27', Converting to a String
READ: Worksheet: 'CE_DE', Cell 'A27', Converting to a String
READ: Worksheet: 'CE_DE', Cell 'K27', Converting to a String
READ: Worksheet: 'CE_DE', Cell 'J27', Converting to a String
READ: Worksheet: 'CE_DE', Cell 'L27', Converting to a String
READ: Worksheet: 'CE_DE', Cell 'F27', Converting to a String
READ: Worksheet: 'CE_DE', Cell 'I27', Converting to a String
READ: Worksheet: 'CE_DE', Cell 'A28', Converting to a String
READ: Worksheet: 'CE_DE', Cell 'H28', Converting to a String
READ: Worksheet: 'CE_DE', Cell 'G28', Converting to a String
READ: Worksheet: 'CE_DE', Cell 'E28', Converting to a String
READ: Worksheet: 'CE_DE', Cell 'D28', Converting to a String
READ: Worksheet: 'CE_DE', Cell 'C28', Converting to a String
READ: Worksheet: 'CE_DE', Cell 'B28', Converting to a String
READ: Worksheet: 'CE_DE', Cell 'A28', Converting to a String
READ: Worksheet: 'CE_DE', Cell 'K28', Converting to a String
READ: Worksheet: 'CE_DE', Cell 'J28', Converting to a String
READ: Worksheet: 'CE_DE', Cell 'L28', Converting to a String
READ: Worksheet: 'CE_DE', Cell 'F28', Converting to a String
READ: Worksheet: 'CE_DE', Cell 'I28', Converting to a String
READ: Worksheet: 'CE_DE', Cell 'A29', Converting to a String
READ: Worksheet: 'CE_DE', Cell 'H29', Converting to a String
READ: Worksheet: 'CE_DE', Cell 'G29', Converting to a String
READ: Worksheet: 'CE_DE', Cell 'E29', Converting to a String
READ: Worksheet: 'CE_DE', Cell 'D29', Converting to a String
READ: Worksheet: 'CE_DE', Cell 'C29', Converting to a String
READ: Worksheet: 'CE_DE', Cell 'B29', Converting to a String
READ: Worksheet: 'CE_DE', Cell 'A29', Converting to a String
READ: Worksheet: 'CE_DE', Cell 'K29', Converting to a String
READ: Worksheet: 'CE_DE', Cell 'J29', Converting to a String
READ: Worksheet: 'CE_DE', Cell 'L29', Converting to a String
READ: Worksheet: 'CE_DE', Cell 'F29', Converting to a String
READ: Worksheet: 'CE_DE', Cell 'I29', Converting to a String
READ: Worksheet: 'CE_DE', Cell 'A30', Converting to a String
READ: Worksheet: 'CE_DE', Cell 'H30', Converting to a String
READ: Worksheet: 'CE_DE', Cell 'G30', Converting to a String
READ: Worksheet: 'CE_DE', Cell 'E30', Converting to a String
READ: Worksheet: 'CE_DE', Cell 'D30', Converting to a String
READ: Worksheet: 'CE_DE', Cell 'C30', Converting to a String
READ: Worksheet: 'CE_DE', Cell 'B30', Converting to a String
READ: Worksheet: 'CE_DE', Cell 'A30', Converting to a String
READ: Worksheet: 'CE_DE', Cell 'K30', Converting to a String
READ: Worksheet: 'CE_DE', Cell 'J30', Converting to a String
READ: Worksheet: 'CE_DE', Cell 'L30', Converting to a String
READ: Worksheet: 'CE_DE', Cell 'F30', Converting to a String
READ: Worksheet: 'CE_DE', Cell 'I30', Converting to a String
READ: Worksheet: 'CE_DE', Cell 'A31', Converting to a String
READ: Worksheet: 'CE_DE', Cell 'H31', Converting to a String
READ: Worksheet: 'CE_DE', Cell 'G31', Converting to a String
READ: Worksheet: 'CE_DE', Cell 'E31', Converting to a String
READ: Worksheet: 'CE_DE', Cell 'D31', Converting to a String
READ: Worksheet: 'CE_DE', Cell 'C31', Converting to a String
READ: Worksheet: 'CE_DE', Cell 'B31', Converting to a String
READ: Worksheet: 'CE_DE', Cell 'A31', Converting to a String
READ: Worksheet: 'CE_DE', Cell 'K31', Converting to a String
READ: Worksheet: 'CE_DE', Cell 'J31', Converting to a String
READ: Worksheet: 'CE_DE', Cell 'L31', Converting to a String
READ: Worksheet: 'CE_DE', Cell 'F31', Converting to a String
READ: Worksheet: 'CE_DE', Cell 'I31', Converting to a String
READ: Worksheet: 'CE_DE', Cell 'A32', Converting to a String
READ: Worksheet: 'CE_DE', Cell 'H32', Converting to a String
READ: Worksheet: 'CE_DE', Cell 'G32', Converting to a String
READ: Worksheet: 'CE_DE', Cell 'E32', Converting to a String
READ: Worksheet: 'CE_DE', Cell 'D32', Converting to a String
READ: Worksheet: 'CE_DE', Cell 'C32', Converting to a String
READ: Worksheet: 'CE_DE', Cell 'B32', Converting to a String
READ: Worksheet: 'CE_DE', Cell 'A32', Converting to a String
READ: Worksheet: 'CE_DE', Cell 'K32', Converting to a String
READ: Worksheet: 'CE_DE', Cell 'J32', Converting to a String
READ: Worksheet: 'CE_DE', Cell 'L32', Converting to a String
READ: Worksheet: 'CE_DE', Cell 'F32', Converting to a String
READ: Worksheet: 'CE_DE', Cell 'I32', Converting to a String
READ: Worksheet: 'CE_DE', Cell 'A33', Converting to a String
READ: Worksheet: 'CE_DE', Cell 'H33', Converting to a String
READ: Worksheet: 'CE_DE', Cell 'G33', Converting to a String
READ: Worksheet: 'CE_DE', Cell 'E33', Converting to a String
READ: Worksheet: 'CE_DE', Cell 'D33', Converting to a String
READ: Worksheet: 'CE_DE', Cell 'C33', Converting to a String
READ: Worksheet: 'CE_DE', Cell 'B33', Converting to a String
READ: Worksheet: 'CE_DE', Cell 'A33', Converting to a String
READ: Worksheet: 'CE_DE', Cell 'K33', Converting to a String
READ: Worksheet: 'CE_DE', Cell 'J33', Converting to a String
READ: Worksheet: 'CE_DE', Cell 'L33', Converting to a String
READ: Worksheet: 'CE_DE', Cell 'F33', Converting to a String
READ: Worksheet: 'CE_DE', Cell 'I33', Converting to a String
READ: Worksheet: 'CE_DE', Cell 'A34', Converting to a String
READ: Worksheet: 'CE_DE', Cell 'H34', Converting to a String
READ: Worksheet: 'CE_DE', Cell 'G34', Converting to a String
READ: Worksheet: 'CE_DE', Cell 'E34', Converting to a String
READ: Worksheet: 'CE_DE', Cell 'D34', Converting to a String
READ: Worksheet: 'CE_DE', Cell 'C34', Converting to a String
READ: Worksheet: 'CE_DE', Cell 'B34', Converting to a String
READ: Worksheet: 'CE_DE', Cell 'A34', Converting to a String
READ: Worksheet: 'CE_DE', Cell 'K34', Converting to a String
READ: Worksheet: 'CE_DE', Cell 'J34', Converting to a String
READ: Worksheet: 'CE_DE', Cell 'L34', Converting to a String
READ: Worksheet: 'CE_DE', Cell 'F34', Converting to a String
READ: Worksheet: 'CE_DE', Cell 'I34', Converting to a String
READ: Worksheet: 'CE_DE', Cell 'A35', Converting to a String
READ: Worksheet: 'CE_DE', Cell 'H35', Converting to a String
READ: Worksheet: 'CE_DE', Cell 'G35', Converting to a String
READ: Worksheet: 'CE_DE', Cell 'E35', Converting to a String
READ: Worksheet: 'CE_DE', Cell 'D35', Converting to a String
READ: Worksheet: 'CE_DE', Cell 'C35', Converting to a String
READ: Worksheet: 'CE_DE', Cell 'B35', Converting to a String
READ: Worksheet: 'CE_DE', Cell 'A35', Converting to a String
READ: Worksheet: 'CE_DE', Cell 'K35', Converting to a String
READ: Worksheet: 'CE_DE', Cell 'J35', Converting to a String
READ: Worksheet: 'CE_DE', Cell 'L35', Converting to a String
READ: Worksheet: 'CE_DE', Cell 'F35', Converting to a String
READ: Worksheet: 'CE_DE', Cell 'I35', Converting to a String
READ: Worksheet: 'CE_DE', Cell 'A36', Converting to a String
READ: Worksheet: 'CE_DE', Cell 'H36', Converting to a String
READ: Worksheet: 'CE_DE', Cell 'G36', Converting to a String
READ: Worksheet: 'CE_DE', Cell 'E36', Converting to a String
READ: Worksheet: 'CE_DE', Cell 'D36', Converting to a String
READ: Worksheet: 'CE_DE', Cell 'C36', Converting to a String
READ: Worksheet: 'CE_DE', Cell 'B36', Converting to a String
READ: Worksheet: 'CE_DE', Cell 'A36', Converting to a String
READ: Worksheet: 'CE_DE', Cell 'K36', Converting to a String
READ: Worksheet: 'CE_DE', Cell 'J36', Converting to a String
READ: Worksheet: 'CE_DE', Cell 'L36', Converting to a String
READ: Worksheet: 'CE_DE', Cell 'F36', Converting to a String
READ: Worksheet: 'CE_DE', Cell 'I36', Converting to a String
READ: Worksheet: 'CE_DE', Cell 'A37', Converting to a String
READ: Worksheet: 'CE_DE', Cell 'H37', Converting to a String
READ: Worksheet: 'CE_DE', Cell 'G37', Converting to a String
READ: Worksheet: 'CE_DE', Cell 'E37', Converting to a String
READ: Worksheet: 'CE_DE', Cell 'D37', Converting to a String
READ: Worksheet: 'CE_DE', Cell 'C37', Converting to a String
READ: Worksheet: 'CE_DE', Cell 'B37', Converting to a String
READ: Worksheet: 'CE_DE', Cell 'A37', Converting to a String
READ: Worksheet: 'CE_DE', Cell 'K37', Converting to a String
READ: Worksheet: 'CE_DE', Cell 'J37', Converting to a String
READ: Worksheet: 'CE_DE', Cell 'L37', Converting to a String
READ: Worksheet: 'CE_DE', Cell 'F37', Converting to a String
READ: Worksheet: 'CE_DE', Cell 'I37', Converting to a String
READ: Worksheet: 'CE_DE', Cell 'A38', Converting to a String
READ: Worksheet: 'CE_DE', Cell 'H38', Converting to a String
READ: Worksheet: 'CE_DE', Cell 'G38', Converting to a String
READ: Worksheet: 'CE_DE', Cell 'E38', Converting to a String
READ: Worksheet: 'CE_DE', Cell 'D38', Converting to a String
READ: Worksheet: 'CE_DE', Cell 'C38', Converting to a String
READ: Worksheet: 'CE_DE', Cell 'B38', Converting to a String
READ: Worksheet: 'CE_DE', Cell 'A38', Converting to a String
READ: Worksheet: 'CE_DE', Cell 'K38', Converting to a String
READ: Worksheet: 'CE_DE', Cell 'J38', Converting to a String
READ: Worksheet: 'CE_DE', Cell 'L38', Converting to a String
READ: Worksheet: 'CE_DE', Cell 'F38', Converting to a String
READ: Worksheet: 'CE_DE', Cell 'I38', Converting to a String
READ: Worksheet: 'CE_DE', Cell 'A39', Converting to a String
READ: Worksheet: 'CE_DE', Cell 'H39', Converting to a String
READ: Worksheet: 'CE_DE', Cell 'G39', Converting to a String
READ: Worksheet: 'CE_DE', Cell 'E39', Converting to a String
READ: Worksheet: 'CE_DE', Cell 'D39', Converting to a String
READ: Worksheet: 'CE_DE', Cell 'C39', Converting to a String
READ: Worksheet: 'CE_DE', Cell 'B39', Converting to a String
READ: Worksheet: 'CE_DE', Cell 'A39', Converting to a String
READ: Worksheet: 'CE_DE', Cell 'K39', Converting to a String
READ: Worksheet: 'CE_DE', Cell 'J39', Converting to a String
READ: Worksheet: 'CE_DE', Cell 'L39', Converting to a String
READ: Worksheet: 'CE_DE', Cell 'F39', Converting to a String
READ: Worksheet: 'CE_DE', Cell 'I39', Converting to a String
READ: Worksheet: 'CE_DE', Cell 'A40', Converting to a String
READ: Worksheet: 'CE_DE', Cell 'H40', Converting to a String
READ: Worksheet: 'CE_DE', Cell 'G40', Converting to a String
READ: Worksheet: 'CE_DE', Cell 'E40', Converting to a String
READ: Worksheet: 'CE_DE', Cell 'D40', Converting to a String
READ: Worksheet: 'CE_DE', Cell 'C40', Converting to a String
READ: Worksheet: 'CE_DE', Cell 'B40', Converting to a String
READ: Worksheet: 'CE_DE', Cell 'A40', Converting to a String
READ: Worksheet: 'CE_DE', Cell 'K40', Converting to a String
READ: Worksheet: 'CE_DE', Cell 'J40', Converting to a String
READ: Worksheet: 'CE_DE', Cell 'L40', Converting to a String
READ: Worksheet: 'CE_DE', Cell 'F40', Converting to a String
READ: Worksheet: 'CE_DE', Cell 'I40', Converting to a String
READ: Worksheet: 'CE_DE', Cell 'A41', Converting to a String
READ: Worksheet: 'SUMMARY', Cell 'M10', Converting to a String
READ: Worksheet: 'SUMMARY', Cell 'N10', Converting to a String
READ: Worksheet: 'SUMMARY', Cell 'O10', Converting to a String
READ: Worksheet: 'CoverPage', Cell 'B3', Converting to a String
READ: Worksheet: 'SUMMARY', Cell 'K10', Converting to a String
READ: Worksheet: 'SUMMARY', Cell 'C10', Converting to a String
READ: Worksheet: 'SUMMARY', Cell 'D10', Converting to a String
READ: Worksheet: 'SUMMARY', Cell 'L10', Converting to a String
READ: Worksheet: 'SUMMARY', Cell 'E10', Converting to a String
READ: Worksheet: 'SUMMARY', Cell 'G10', Converting to a String
READ: Worksheet: 'SUMMARY', Cell 'F10', Converting to a String
READ: Worksheet: 'SUMMARY', Cell 'H10', Converting to a String
READ: Worksheet: 'SUMMARY', Cell 'J10', Converting to a String
READ: Worksheet: 'SUMMARY', Cell 'I10', Converting to a String
READ: Worksheet: 'CE_ES', Cell 'A2', Converting to a String
READ: Worksheet: 'CE_ES', Cell 'H2', Converting to a String
READ: Worksheet: 'CE_ES', Cell 'G2', Converting to a String
READ: Worksheet: 'CE_ES', Cell 'E2', Converting to a String
READ: Worksheet: 'CE_ES', Cell 'D2', Converting to a String
READ: Worksheet: 'CE_ES', Cell 'C2', Converting to a String
READ: Worksheet: 'CE_ES', Cell 'B2', Converting to a String
READ: Worksheet: 'CE_ES', Cell 'A2', Converting to a String
READ: Worksheet: 'CE_ES', Cell 'K2', Converting to a String
READ: Worksheet: 'CE_ES', Cell 'J2', Converting to a String
READ: Worksheet: 'CE_ES', Cell 'L2', Converting to a String
READ: Worksheet: 'CE_ES', Cell 'F2', Converting to a String
READ: Worksheet: 'CE_ES', Cell 'I2', Converting to a String
READ: Worksheet: 'CE_ES', Cell 'A3', Converting to a String
READ: Worksheet: 'CE_ES', Cell 'H3', Converting to a String
READ: Worksheet: 'CE_ES', Cell 'G3', Converting to a String
READ: Worksheet: 'CE_ES', Cell 'E3', Converting to a String
READ: Worksheet: 'CE_ES', Cell 'D3', Converting to a String
READ: Worksheet: 'CE_ES', Cell 'C3', Converting to a String
READ: Worksheet: 'CE_ES', Cell 'B3', Converting to a String
READ: Worksheet: 'CE_ES', Cell 'A3', Converting to a String
READ: Worksheet: 'CE_ES', Cell 'K3', Converting to a String
READ: Worksheet: 'CE_ES', Cell 'J3', Converting to a String
READ: Worksheet: 'CE_ES', Cell 'L3', Converting to a String
READ: Worksheet: 'CE_ES', Cell 'F3', Converting to a String
READ: Worksheet: 'CE_ES', Cell 'I3', Converting to a String
READ: Worksheet: 'CE_ES', Cell 'A4', Converting to a String
READ: Worksheet: 'SUMMARY', Cell 'M11', Converting to a String
READ: Worksheet: 'SUMMARY', Cell 'N11', Converting to a String
READ: Worksheet: 'SUMMARY', Cell 'O11', Converting to a String
READ: Worksheet: 'CoverPage', Cell 'B3', Converting to a String
READ: Worksheet: 'SUMMARY', Cell 'K11', Converting to a String
READ: Worksheet: 'SUMMARY', Cell 'C11', Converting to a String
READ: Worksheet: 'SUMMARY', Cell 'D11', Converting to a String
READ: Worksheet: 'SUMMARY', Cell 'L11', Converting to a String
READ: Worksheet: 'SUMMARY', Cell 'E11', Converting to a String
READ: Worksheet: 'SUMMARY', Cell 'G11', Converting to a String
READ: Worksheet: 'SUMMARY', Cell 'F11', Converting to a String
READ: Worksheet: 'SUMMARY', Cell 'H11', Converting to a String
READ: Worksheet: 'SUMMARY', Cell 'J11', Converting to a String
READ: Worksheet: 'SUMMARY', Cell 'I11', Converting to a String
READ: Worksheet: 'CE_FI', Cell 'A2', Converting to a String
READ: Worksheet: 'CE_FI', Cell 'H2', Converting to a String
READ: Worksheet: 'CE_FI', Cell 'G2', Converting to a String
READ: Worksheet: 'CE_FI', Cell 'E2', Converting to a String
READ: Worksheet: 'CE_FI', Cell 'D2', Converting to a String
READ: Worksheet: 'CE_FI', Cell 'C2', Converting to a String
READ: Worksheet: 'CE_FI', Cell 'B2', Converting to a String
READ: Worksheet: 'CE_FI', Cell 'A2', Converting to a String
READ: Worksheet: 'CE_FI', Cell 'K2', Converting to a String
READ: Worksheet: 'CE_FI', Cell 'J2', Converting to a String
READ: Worksheet: 'CE_FI', Cell 'L2', Converting to a String
READ: Worksheet: 'CE_FI', Cell 'F2', Converting to a String
READ: Worksheet: 'CE_FI', Cell 'I2', Converting to a String
READ: Worksheet: 'CE_FI', Cell 'A3', Converting to a String
READ: Worksheet: 'SUMMARY', Cell 'M12', Converting to a String
READ: Worksheet: 'SUMMARY', Cell 'N12', Converting to a String
READ: Worksheet: 'SUMMARY', Cell 'O12', Converting to a String
READ: Worksheet: 'CoverPage', Cell 'B3', Converting to a String
READ: Worksheet: 'SUMMARY', Cell 'K12', Converting to a String
READ: Worksheet: 'SUMMARY', Cell 'C12', Converting to a String
READ: Worksheet: 'SUMMARY', Cell 'D12', Converting to a String
READ: Worksheet: 'SUMMARY', Cell 'L12', Converting to a String
READ: Worksheet: 'SUMMARY', Cell 'E12', Converting to a String
READ: Worksheet: 'SUMMARY', Cell 'G12', Converting to a String
READ: Worksheet: 'SUMMARY', Cell 'F12', Converting to a String
READ: Worksheet: 'SUMMARY', Cell 'H12', Converting to a String
READ: Worksheet: 'SUMMARY', Cell 'J12', Converting to a String
READ: Worksheet: 'SUMMARY', Cell 'I12', Converting to a String
READ: Worksheet: 'CE_FR', Cell 'A2', Converting to a String
READ: Worksheet: 'CE_FR', Cell 'H2', Converting to a String
READ: Worksheet: 'CE_FR', Cell 'G2', Converting to a String
READ: Worksheet: 'CE_FR', Cell 'E2', Converting to a String
READ: Worksheet: 'CE_FR', Cell 'D2', Converting to a String
READ: Worksheet: 'CE_FR', Cell 'C2', Converting to a String
READ: Worksheet: 'CE_FR', Cell 'B2', Converting to a String
READ: Worksheet: 'CE_FR', Cell 'A2', Converting to a String
READ: Worksheet: 'CE_FR', Cell 'K2', Converting to a String
READ: Worksheet: 'CE_FR', Cell 'J2', Converting to a String
READ: Worksheet: 'CE_FR', Cell 'L2', Converting to a String
READ: Worksheet: 'CE_FR', Cell 'F2', Converting to a String
READ: Worksheet: 'CE_FR', Cell 'I2', Converting to a String
READ: Worksheet: 'CE_FR', Cell 'A3', Converting to a String
READ: Worksheet: 'CE_FR', Cell 'H3', Converting to a String
READ: Worksheet: 'CE_FR', Cell 'G3', Converting to a String
READ: Worksheet: 'CE_FR', Cell 'E3', Converting to a String
READ: Worksheet: 'CE_FR', Cell 'D3', Converting to a String
READ: Worksheet: 'CE_FR', Cell 'C3', Converting to a String
READ: Worksheet: 'CE_FR', Cell 'B3', Converting to a String
READ: Worksheet: 'CE_FR', Cell 'A3', Converting to a String
READ: Worksheet: 'CE_FR', Cell 'K3', Converting to a String
READ: Worksheet: 'CE_FR', Cell 'J3', Converting to a String
READ: Worksheet: 'CE_FR', Cell 'L3', Converting to a String
READ: Worksheet: 'CE_FR', Cell 'F3', Converting to a String
READ: Worksheet: 'CE_FR', Cell 'I3', Converting to a String
READ: Worksheet: 'CE_FR', Cell 'A4', Converting to a String
READ: Worksheet: 'CE_FR', Cell 'H4', Converting to a String
READ: Worksheet: 'CE_FR', Cell 'G4', Converting to a String
READ: Worksheet: 'CE_FR', Cell 'E4', Converting to a String
READ: Worksheet: 'CE_FR', Cell 'D4', Converting to a String
READ: Worksheet: 'CE_FR', Cell 'C4', Converting to a String
READ: Worksheet: 'CE_FR', Cell 'B4', Converting to a String
READ: Worksheet: 'CE_FR', Cell 'A4', Converting to a String
READ: Worksheet: 'CE_FR', Cell 'K4', Converting to a String
READ: Worksheet: 'CE_FR', Cell 'J4', Converting to a String
READ: Worksheet: 'CE_FR', Cell 'L4', Converting to a String
READ: Worksheet: 'CE_FR', Cell 'F4', Converting to a String
READ: Worksheet: 'CE_FR', Cell 'I4', Converting to a String
READ: Worksheet: 'CE_FR', Cell 'A5', Converting to a String
READ: Worksheet: 'CE_FR', Cell 'H5', Converting to a String
READ: Worksheet: 'CE_FR', Cell 'G5', Converting to a String
READ: Worksheet: 'CE_FR', Cell 'E5', Converting to a String
READ: Worksheet: 'CE_FR', Cell 'D5', Converting to a String
READ: Worksheet: 'CE_FR', Cell 'C5', Converting to a String
READ: Worksheet: 'CE_FR', Cell 'B5', Converting to a String
READ: Worksheet: 'CE_FR', Cell 'A5', Converting to a String
READ: Worksheet: 'CE_FR', Cell 'K5', Converting to a String
READ: Worksheet: 'CE_FR', Cell 'J5', Converting to a String
READ: Worksheet: 'CE_FR', Cell 'L5', Converting to a String
READ: Worksheet: 'CE_FR', Cell 'F5', Converting to a String
READ: Worksheet: 'CE_FR', Cell 'I5', Converting to a String
READ: Worksheet: 'CE_FR', Cell 'A6', Converting to a String
READ: Worksheet: 'SUMMARY', Cell 'M13', Converting to a String
READ: Worksheet: 'SUMMARY', Cell 'N13', Converting to a String
READ: Worksheet: 'SUMMARY', Cell 'O13', Converting to a String
READ: Worksheet: 'CoverPage', Cell 'B3', Converting to a String
READ: Worksheet: 'SUMMARY', Cell 'K13', Converting to a String
READ: Worksheet: 'SUMMARY', Cell 'C13', Converting to a String
READ: Worksheet: 'SUMMARY', Cell 'D13', Converting to a String
READ: Worksheet: 'SUMMARY', Cell 'L13', Converting to a String
READ: Worksheet: 'SUMMARY', Cell 'E13', Converting to a String
READ: Worksheet: 'SUMMARY', Cell 'G13', Converting to a String
READ: Worksheet: 'SUMMARY', Cell 'F13', Converting to a String
READ: Worksheet: 'SUMMARY', Cell 'H13', Converting to a String
READ: Worksheet: 'SUMMARY', Cell 'J13', Converting to a String
READ: Worksheet: 'SUMMARY', Cell 'I13', Converting to a String
READ: Worksheet: 'CE_GB', Cell 'A2', Converting to a String
READ: Worksheet: 'CE_GB', Cell 'H2', Converting to a String
READ: Worksheet: 'CE_GB', Cell 'G2', Converting to a String
READ: Worksheet: 'CE_GB', Cell 'E2', Converting to a String
READ: Worksheet: 'CE_GB', Cell 'D2', Converting to a String
READ: Worksheet: 'CE_GB', Cell 'C2', Converting to a String
READ: Worksheet: 'CE_GB', Cell 'B2', Converting to a String
READ: Worksheet: 'CE_GB', Cell 'A2', Converting to a String
READ: Worksheet: 'CE_GB', Cell 'K2', Converting to a String
READ: Worksheet: 'CE_GB', Cell 'J2', Converting to a String
READ: Worksheet: 'CE_GB', Cell 'L2', Converting to a String
READ: Worksheet: 'CE_GB', Cell 'F2', Converting to a String
READ: Worksheet: 'CE_GB', Cell 'I2', Converting to a String
READ: Worksheet: 'CE_GB', Cell 'A3', Converting to a String
READ: Worksheet: 'CE_GB', Cell 'H3', Converting to a String
READ: Worksheet: 'CE_GB', Cell 'G3', Converting to a String
READ: Worksheet: 'CE_GB', Cell 'E3', Converting to a String
READ: Worksheet: 'CE_GB', Cell 'D3', Converting to a String
READ: Worksheet: 'CE_GB', Cell 'C3', Converting to a String
READ: Worksheet: 'CE_GB', Cell 'B3', Converting to a String
READ: Worksheet: 'CE_GB', Cell 'A3', Converting to a String
READ: Worksheet: 'CE_GB', Cell 'K3', Converting to a String
READ: Worksheet: 'CE_GB', Cell 'J3', Converting to a String
READ: Worksheet: 'CE_GB', Cell 'L3', Converting to a String
READ: Worksheet: 'CE_GB', Cell 'F3', Converting to a String
READ: Worksheet: 'CE_GB', Cell 'I3', Converting to a String
READ: Worksheet: 'CE_GB', Cell 'A4', Converting to a String
READ: Worksheet: 'CE_GB', Cell 'H4', Converting to a String
READ: Worksheet: 'CE_GB', Cell 'G4', Converting to a String
READ: Worksheet: 'CE_GB', Cell 'E4', Converting to a String
READ: Worksheet: 'CE_GB', Cell 'D4', Converting to a String
READ: Worksheet: 'CE_GB', Cell 'C4', Converting to a String
READ: Worksheet: 'CE_GB', Cell 'B4', Converting to a String
READ: Worksheet: 'CE_GB', Cell 'A4', Converting to a String
READ: Worksheet: 'CE_GB', Cell 'K4', Converting to a String
READ: Worksheet: 'CE_GB', Cell 'J4', Converting to a String
READ: Worksheet: 'CE_GB', Cell 'L4', Converting to a String
READ: Worksheet: 'CE_GB', Cell 'F4', Converting to a String
READ: Worksheet: 'CE_GB', Cell 'I4', Converting to a String
READ: Worksheet: 'CE_GB', Cell 'A5', Converting to a String
READ: Worksheet: 'CE_GB', Cell 'H5', Converting to a String
READ: Worksheet: 'CE_GB', Cell 'G5', Converting to a String
READ: Worksheet: 'CE_GB', Cell 'E5', Converting to a String
READ: Worksheet: 'CE_GB', Cell 'D5', Converting to a String
READ: Worksheet: 'CE_GB', Cell 'C5', Converting to a String
READ: Worksheet: 'CE_GB', Cell 'B5', Converting to a String
READ: Worksheet: 'CE_GB', Cell 'A5', Converting to a String
READ: Worksheet: 'CE_GB', Cell 'K5', Converting to a String
READ: Worksheet: 'CE_GB', Cell 'J5', Converting to a String
READ: Worksheet: 'CE_GB', Cell 'L5', Converting to a String
READ: Worksheet: 'CE_GB', Cell 'F5', Converting to a String
READ: Worksheet: 'CE_GB', Cell 'I5', Converting to a String
READ: Worksheet: 'CE_GB', Cell 'A6', Converting to a String
READ: Worksheet: 'CE_GB', Cell 'H6', Converting to a String
READ: Worksheet: 'CE_GB', Cell 'G6', Converting to a String
READ: Worksheet: 'CE_GB', Cell 'E6', Converting to a String
READ: Worksheet: 'CE_GB', Cell 'D6', Converting to a String
READ: Worksheet: 'CE_GB', Cell 'C6', Converting to a String
READ: Worksheet: 'CE_GB', Cell 'B6', Converting to a String
READ: Worksheet: 'CE_GB', Cell 'A6', Converting to a String
READ: Worksheet: 'CE_GB', Cell 'K6', Converting to a String
READ: Worksheet: 'CE_GB', Cell 'J6', Converting to a String
READ: Worksheet: 'CE_GB', Cell 'L6', Converting to a String
READ: Worksheet: 'CE_GB', Cell 'F6', Converting to a String
READ: Worksheet: 'CE_GB', Cell 'I6', Converting to a String
READ: Worksheet: 'CE_GB', Cell 'A7', Converting to a String
READ: Worksheet: 'CE_GB', Cell 'H7', Converting to a String
READ: Worksheet: 'CE_GB', Cell 'G7', Converting to a String
READ: Worksheet: 'CE_GB', Cell 'E7', Converting to a String
READ: Worksheet: 'CE_GB', Cell 'D7', Converting to a String
READ: Worksheet: 'CE_GB', Cell 'C7', Converting to a String
READ: Worksheet: 'CE_GB', Cell 'B7', Converting to a String
READ: Worksheet: 'CE_GB', Cell 'A7', Converting to a String
READ: Worksheet: 'CE_GB', Cell 'K7', Converting to a String
READ: Worksheet: 'CE_GB', Cell 'J7', Converting to a String
READ: Worksheet: 'CE_GB', Cell 'L7', Converting to a String
READ: Worksheet: 'CE_GB', Cell 'F7', Converting to a String
READ: Worksheet: 'CE_GB', Cell 'I7', Converting to a String
READ: Worksheet: 'CE_GB', Cell 'A8', Converting to a String
READ: Worksheet: 'CE_GB', Cell 'H8', Converting to a String
READ: Worksheet: 'CE_GB', Cell 'G8', Converting to a String
READ: Worksheet: 'CE_GB', Cell 'E8', Converting to a String
READ: Worksheet: 'CE_GB', Cell 'D8', Converting to a String
READ: Worksheet: 'CE_GB', Cell 'C8', Converting to a String
READ: Worksheet: 'CE_GB', Cell 'B8', Converting to a String
READ: Worksheet: 'CE_GB', Cell 'A8', Converting to a String
READ: Worksheet: 'CE_GB', Cell 'K8', Converting to a String
READ: Worksheet: 'CE_GB', Cell 'J8', Converting to a String
READ: Worksheet: 'CE_GB', Cell 'L8', Converting to a String
READ: Worksheet: 'CE_GB', Cell 'F8', Converting to a String
READ: Worksheet: 'CE_GB', Cell 'I8', Converting to a String
READ: Worksheet: 'CE_GB', Cell 'A9', Converting to a String
READ: Worksheet: 'CE_GB', Cell 'H9', Converting to a String
READ: Worksheet: 'CE_GB', Cell 'G9', Converting to a String
READ: Worksheet: 'CE_GB', Cell 'E9', Converting to a String
READ: Worksheet: 'CE_GB', Cell 'D9', Converting to a String
READ: Worksheet: 'CE_GB', Cell 'C9', Converting to a String
READ: Worksheet: 'CE_GB', Cell 'B9', Converting to a String
READ: Worksheet: 'CE_GB', Cell 'A9', Converting to a String
READ: Worksheet: 'CE_GB', Cell 'K9', Converting to a String
READ: Worksheet: 'CE_GB', Cell 'J9', Converting to a String
READ: Worksheet: 'CE_GB', Cell 'L9', Converting to a String
READ: Worksheet: 'CE_GB', Cell 'F9', Converting to a String
READ: Worksheet: 'CE_GB', Cell 'I9', Converting to a String
READ: Worksheet: 'CE_GB', Cell 'A10', Converting to a String
READ: Worksheet: 'CE_GB', Cell 'H10', Converting to a String
READ: Worksheet: 'CE_GB', Cell 'G10', Converting to a String
READ: Worksheet: 'CE_GB', Cell 'E10', Converting to a String
READ: Worksheet: 'CE_GB', Cell 'D10', Converting to a String
READ: Worksheet: 'CE_GB', Cell 'C10', Converting to a String
READ: Worksheet: 'CE_GB', Cell 'B10', Converting to a String
READ: Worksheet: 'CE_GB', Cell 'A10', Converting to a String
READ: Worksheet: 'CE_GB', Cell 'K10', Converting to a String
READ: Worksheet: 'CE_GB', Cell 'J10', Converting to a String
READ: Worksheet: 'CE_GB', Cell 'L10', Converting to a String
READ: Worksheet: 'CE_GB', Cell 'F10', Converting to a String
READ: Worksheet: 'CE_GB', Cell 'I10', Converting to a String
READ: Worksheet: 'CE_GB', Cell 'A11', Converting to a String
READ: Worksheet: 'SUMMARY', Cell 'M14', Converting to a String
READ: Worksheet: 'SUMMARY', Cell 'N14', Converting to a String
READ: Worksheet: 'SUMMARY', Cell 'O14', Converting to a String
READ: Worksheet: 'CoverPage', Cell 'B3', Converting to a String
READ: Worksheet: 'SUMMARY', Cell 'K14', Converting to a String
READ: Worksheet: 'SUMMARY', Cell 'C14', Converting to a String
READ: Worksheet: 'SUMMARY', Cell 'D14', Converting to a String
READ: Worksheet: 'SUMMARY', Cell 'L14', Converting to a String
READ: Worksheet: 'SUMMARY', Cell 'E14', Converting to a String
READ: Worksheet: 'SUMMARY', Cell 'G14', Converting to a String
READ: Worksheet: 'SUMMARY', Cell 'F14', Converting to a String
READ: Worksheet: 'SUMMARY', Cell 'H14', Converting to a String
READ: Worksheet: 'SUMMARY', Cell 'J14', Converting to a String
READ: Worksheet: 'SUMMARY', Cell 'I14', Converting to a String
READ: Worksheet: 'CE_GH', Cell 'A2', Converting to a String
READ: Worksheet: 'CE_GH', Cell 'H2', Converting to a String
READ: Worksheet: 'CE_GH', Cell 'G2', Converting to a String
READ: Worksheet: 'CE_GH', Cell 'E2', Converting to a String
READ: Worksheet: 'CE_GH', Cell 'D2', Converting to a String
READ: Worksheet: 'CE_GH', Cell 'C2', Converting to a String
READ: Worksheet: 'CE_GH', Cell 'B2', Converting to a String
READ: Worksheet: 'CE_GH', Cell 'A2', Converting to a String
READ: Worksheet: 'CE_GH', Cell 'K2', Converting to a String
READ: Worksheet: 'CE_GH', Cell 'J2', Converting to a String
READ: Worksheet: 'CE_GH', Cell 'L2', Converting to a String
READ: Worksheet: 'CE_GH', Cell 'F2', Converting to a String
READ: Worksheet: 'CE_GH', Cell 'I2', Converting to a String
READ: Worksheet: 'CE_GH', Cell 'A3', Converting to a String
READ: Worksheet: 'CE_GH', Cell 'H3', Converting to a String
READ: Worksheet: 'CE_GH', Cell 'G3', Converting to a String
READ: Worksheet: 'CE_GH', Cell 'E3', Converting to a String
READ: Worksheet: 'CE_GH', Cell 'D3', Converting to a String
READ: Worksheet: 'CE_GH', Cell 'C3', Converting to a String
READ: Worksheet: 'CE_GH', Cell 'B3', Converting to a String
READ: Worksheet: 'CE_GH', Cell 'A3', Converting to a String
READ: Worksheet: 'CE_GH', Cell 'K3', Converting to a String
READ: Worksheet: 'CE_GH', Cell 'J3', Converting to a String
READ: Worksheet: 'CE_GH', Cell 'L3', Converting to a String
READ: Worksheet: 'CE_GH', Cell 'F3', Converting to a String
READ: Worksheet: 'CE_GH', Cell 'I3', Converting to a String
READ: Worksheet: 'CE_GH', Cell 'A4', Converting to a String
READ: Worksheet: 'CE_GH', Cell 'H4', Converting to a String
READ: Worksheet: 'CE_GH', Cell 'G4', Converting to a String
READ: Worksheet: 'CE_GH', Cell 'E4', Converting to a String
READ: Worksheet: 'CE_GH', Cell 'D4', Converting to a String
READ: Worksheet: 'CE_GH', Cell 'C4', Converting to a String
READ: Worksheet: 'CE_GH', Cell 'B4', Converting to a String
READ: Worksheet: 'CE_GH', Cell 'A4', Converting to a String
READ: Worksheet: 'CE_GH', Cell 'K4', Converting to a String
READ: Worksheet: 'CE_GH', Cell 'J4', Converting to a String
READ: Worksheet: 'CE_GH', Cell 'L4', Converting to a String
READ: Worksheet: 'CE_GH', Cell 'F4', Converting to a String
READ: Worksheet: 'CE_GH', Cell 'I4', Converting to a String
READ: Worksheet: 'CE_GH', Cell 'A5', Converting to a String
READ: Worksheet: 'CE_GH', Cell 'H5', Converting to a String
READ: Worksheet: 'CE_GH', Cell 'G5', Converting to a String
READ: Worksheet: 'CE_GH', Cell 'E5', Converting to a String
READ: Worksheet: 'CE_GH', Cell 'D5', Converting to a String
READ: Worksheet: 'CE_GH', Cell 'C5', Converting to a String
READ: Worksheet: 'CE_GH', Cell 'B5', Converting to a String
READ: Worksheet: 'CE_GH', Cell 'A5', Converting to a String
READ: Worksheet: 'CE_GH', Cell 'K5', Converting to a String
READ: Worksheet: 'CE_GH', Cell 'J5', Converting to a String
READ: Worksheet: 'CE_GH', Cell 'L5', Converting to a String
READ: Worksheet: 'CE_GH', Cell 'F5', Converting to a String
READ: Worksheet: 'CE_GH', Cell 'I5', Converting to a String
READ: Worksheet: 'CE_GH', Cell 'A6', Converting to a String
READ: Worksheet: 'SUMMARY', Cell 'M15', Converting to a String
READ: Worksheet: 'SUMMARY', Cell 'N15', Converting to a String
READ: Worksheet: 'SUMMARY', Cell 'O15', Converting to a String
READ: Worksheet: 'CoverPage', Cell 'B3', Converting to a String
READ: Worksheet: 'SUMMARY', Cell 'K15', Converting to a String
READ: Worksheet: 'SUMMARY', Cell 'C15', Converting to a String
READ: Worksheet: 'SUMMARY', Cell 'D15', Converting to a String
READ: Worksheet: 'SUMMARY', Cell 'L15', Converting to a String
READ: Worksheet: 'SUMMARY', Cell 'E15', Converting to a String
READ: Worksheet: 'SUMMARY', Cell 'G15', Converting to a String
READ: Worksheet: 'SUMMARY', Cell 'F15', Converting to a String
READ: Worksheet: 'SUMMARY', Cell 'H15', Converting to a String
READ: Worksheet: 'SUMMARY', Cell 'J15', Converting to a String
READ: Worksheet: 'SUMMARY', Cell 'I15', Converting to a String
READ: Worksheet: 'CE_HU', Cell 'A2', Converting to a String
READ: Worksheet: 'CE_HU', Cell 'H2', Converting to a String
READ: Worksheet: 'CE_HU', Cell 'G2', Converting to a String
READ: Worksheet: 'CE_HU', Cell 'E2', Converting to a String
READ: Worksheet: 'CE_HU', Cell 'D2', Converting to a String
READ: Worksheet: 'CE_HU', Cell 'C2', Converting to a String
READ: Worksheet: 'CE_HU', Cell 'B2', Converting to a String
READ: Worksheet: 'CE_HU', Cell 'A2', Converting to a String
READ: Worksheet: 'CE_HU', Cell 'K2', Converting to a String
READ: Worksheet: 'CE_HU', Cell 'J2', Converting to a String
READ: Worksheet: 'CE_HU', Cell 'L2', Converting to a String
READ: Worksheet: 'CE_HU', Cell 'F2', Converting to a String
READ: Worksheet: 'CE_HU', Cell 'I2', Converting to a String
READ: Worksheet: 'CE_HU', Cell 'A3', Converting to a String
READ: Worksheet: 'CE_HU', Cell 'H3', Converting to a String
READ: Worksheet: 'CE_HU', Cell 'G3', Converting to a String
READ: Worksheet: 'CE_HU', Cell 'E3', Converting to a String
READ: Worksheet: 'CE_HU', Cell 'D3', Converting to a String
READ: Worksheet: 'CE_HU', Cell 'C3', Converting to a String
READ: Worksheet: 'CE_HU', Cell 'B3', Converting to a String
READ: Worksheet: 'CE_HU', Cell 'A3', Converting to a String
READ: Worksheet: 'CE_HU', Cell 'K3', Converting to a String
READ: Worksheet: 'CE_HU', Cell 'J3', Converting to a String
READ: Worksheet: 'CE_HU', Cell 'L3', Converting to a String
READ: Worksheet: 'CE_HU', Cell 'F3', Converting to a String
READ: Worksheet: 'CE_HU', Cell 'I3', Converting to a String
READ: Worksheet: 'CE_HU', Cell 'A4', Converting to a String
READ: Worksheet: 'SUMMARY', Cell 'M16', Converting to a String
READ: Worksheet: 'SUMMARY', Cell 'N16', Converting to a String
READ: Worksheet: 'SUMMARY', Cell 'O16', Converting to a String
READ: Worksheet: 'CoverPage', Cell 'B3', Converting to a String
READ: Worksheet: 'SUMMARY', Cell 'K16', Converting to a String
READ: Worksheet: 'SUMMARY', Cell 'C16', Converting to a String
READ: Worksheet: 'SUMMARY', Cell 'D16', Converting to a String
READ: Worksheet: 'SUMMARY', Cell 'L16', Converting to a String
READ: Worksheet: 'SUMMARY', Cell 'E16', Converting to a String
READ: Worksheet: 'SUMMARY', Cell 'G16', Converting to a String
READ: Worksheet: 'SUMMARY', Cell 'F16', Converting to a String
READ: Worksheet: 'SUMMARY', Cell 'H16', Converting to a String
READ: Worksheet: 'SUMMARY', Cell 'J16', Converting to a String
READ: Worksheet: 'SUMMARY', Cell 'I16', Converting to a String
READ: Worksheet: 'CE_IT', Cell 'A2', Converting to a String
READ: Worksheet: 'CE_IT', Cell 'H2', Converting to a String
READ: Worksheet: 'CE_IT', Cell 'G2', Converting to a String
READ: Worksheet: 'CE_IT', Cell 'E2', Converting to a String
READ: Worksheet: 'CE_IT', Cell 'D2', Converting to a String
READ: Worksheet: 'CE_IT', Cell 'C2', Converting to a String
READ: Worksheet: 'CE_IT', Cell 'B2', Converting to a String
READ: Worksheet: 'CE_IT', Cell 'A2', Converting to a String
READ: Worksheet: 'CE_IT', Cell 'K2', Converting to a String
READ: Worksheet: 'CE_IT', Cell 'J2', Converting to a String
READ: Worksheet: 'CE_IT', Cell 'L2', Converting to a String
READ: Worksheet: 'CE_IT', Cell 'F2', Converting to a String
READ: Worksheet: 'CE_IT', Cell 'I2', Converting to a String
READ: Worksheet: 'CE_IT', Cell 'A3', Converting to a String
READ: Worksheet: 'SUMMARY', Cell 'M17', Converting to a String
READ: Worksheet: 'SUMMARY', Cell 'N17', Converting to a String
READ: Worksheet: 'SUMMARY', Cell 'O17', Converting to a String
READ: Worksheet: 'CoverPage', Cell 'B3', Converting to a String
READ: Worksheet: 'SUMMARY', Cell 'K17', Converting to a String
READ: Worksheet: 'SUMMARY', Cell 'C17', Converting to a String
READ: Worksheet: 'SUMMARY', Cell 'D17', Converting to a String
READ: Worksheet: 'SUMMARY', Cell 'L17', Converting to a String
READ: Worksheet: 'SUMMARY', Cell 'E17', Converting to a String
READ: Worksheet: 'SUMMARY', Cell 'G17', Converting to a String
READ: Worksheet: 'SUMMARY', Cell 'F17', Converting to a String
READ: Worksheet: 'SUMMARY', Cell 'H17', Converting to a String
READ: Worksheet: 'SUMMARY', Cell 'J17', Converting to a String
READ: Worksheet: 'SUMMARY', Cell 'I17', Converting to a String
READ: Worksheet: 'CE_KE', Cell 'A2', Converting to a String
READ: Worksheet: 'CE_KE', Cell 'H2', Converting to a String
READ: Worksheet: 'CE_KE', Cell 'G2', Converting to a String
READ: Worksheet: 'CE_KE', Cell 'E2', Converting to a String
READ: Worksheet: 'CE_KE', Cell 'D2', Converting to a String
READ: Worksheet: 'CE_KE', Cell 'C2', Converting to a String
READ: Worksheet: 'CE_KE', Cell 'B2', Converting to a String
READ: Worksheet: 'CE_KE', Cell 'A2', Converting to a String
READ: Worksheet: 'CE_KE', Cell 'K2', Converting to a String
READ: Worksheet: 'CE_KE', Cell 'J2', Converting to a String
READ: Worksheet: 'CE_KE', Cell 'L2', Converting to a String
READ: Worksheet: 'CE_KE', Cell 'F2', Converting to a String
READ: Worksheet: 'CE_KE', Cell 'I2', Converting to a String
READ: Worksheet: 'CE_KE', Cell 'A3', Converting to a String
READ: Worksheet: 'CE_KE', Cell 'H3', Converting to a String
READ: Worksheet: 'CE_KE', Cell 'G3', Converting to a String
READ: Worksheet: 'CE_KE', Cell 'E3', Converting to a String
READ: Worksheet: 'CE_KE', Cell 'D3', Converting to a String
READ: Worksheet: 'CE_KE', Cell 'C3', Converting to a String
READ: Worksheet: 'CE_KE', Cell 'B3', Converting to a String
READ: Worksheet: 'CE_KE', Cell 'A3', Converting to a String
READ: Worksheet: 'CE_KE', Cell 'K3', Converting to a String
READ: Worksheet: 'CE_KE', Cell 'J3', Converting to a String
READ: Worksheet: 'CE_KE', Cell 'L3', Converting to a String
READ: Worksheet: 'CE_KE', Cell 'F3', Converting to a String
READ: Worksheet: 'CE_KE', Cell 'I3', Converting to a String
READ: Worksheet: 'CE_KE', Cell 'A4', Converting to a String
READ: Worksheet: 'CE_KE', Cell 'H4', Converting to a String
READ: Worksheet: 'CE_KE', Cell 'G4', Converting to a String
READ: Worksheet: 'CE_KE', Cell 'E4', Converting to a String
READ: Worksheet: 'CE_KE', Cell 'D4', Converting to a String
READ: Worksheet: 'CE_KE', Cell 'C4', Converting to a String
READ: Worksheet: 'CE_KE', Cell 'B4', Converting to a String
READ: Worksheet: 'CE_KE', Cell 'A4', Converting to a String
READ: Worksheet: 'CE_KE', Cell 'K4', Converting to a String
READ: Worksheet: 'CE_KE', Cell 'J4', Converting to a String
READ: Worksheet: 'CE_KE', Cell 'L4', Converting to a String
READ: Worksheet: 'CE_KE', Cell 'F4', Converting to a String
READ: Worksheet: 'CE_KE', Cell 'I4', Converting to a String
READ: Worksheet: 'CE_KE', Cell 'A5', Converting to a String
READ: Worksheet: 'SUMMARY', Cell 'M18', Converting to a String
READ: Worksheet: 'SUMMARY', Cell 'N18', Converting to a String
READ: Worksheet: 'SUMMARY', Cell 'O18', Converting to a String
READ: Worksheet: 'CoverPage', Cell 'B3', Converting to a String
READ: Worksheet: 'SUMMARY', Cell 'K18', Converting to a String
READ: Worksheet: 'SUMMARY', Cell 'C18', Converting to a String
READ: Worksheet: 'SUMMARY', Cell 'D18', Converting to a String
READ: Worksheet: 'SUMMARY', Cell 'L18', Converting to a String
READ: Worksheet: 'SUMMARY', Cell 'E18', Converting to a String
READ: Worksheet: 'SUMMARY', Cell 'G18', Converting to a String
READ: Worksheet: 'SUMMARY', Cell 'F18', Converting to a String
READ: Worksheet: 'SUMMARY', Cell 'H18', Converting to a String
READ: Worksheet: 'SUMMARY', Cell 'J18', Converting to a String
READ: Worksheet: 'SUMMARY', Cell 'I18', Converting to a String
READ: Worksheet: 'CE_LU', Cell 'A2', Converting to a String
READ: Worksheet: 'CE_LU', Cell 'H2', Converting to a String
READ: Worksheet: 'CE_LU', Cell 'G2', Converting to a String
READ: Worksheet: 'CE_LU', Cell 'E2', Converting to a String
READ: Worksheet: 'CE_LU', Cell 'D2', Converting to a String
READ: Worksheet: 'CE_LU', Cell 'C2', Converting to a String
READ: Worksheet: 'CE_LU', Cell 'B2', Converting to a String
READ: Worksheet: 'CE_LU', Cell 'A2', Converting to a String
READ: Worksheet: 'CE_LU', Cell 'K2', Converting to a String
READ: Worksheet: 'CE_LU', Cell 'J2', Converting to a String
READ: Worksheet: 'CE_LU', Cell 'L2', Converting to a String
READ: Worksheet: 'CE_LU', Cell 'F2', Converting to a String
READ: Worksheet: 'CE_LU', Cell 'I2', Converting to a String
READ: Worksheet: 'CE_LU', Cell 'A3', Converting to a String
READ: Worksheet: 'CE_LU', Cell 'H3', Converting to a String
READ: Worksheet: 'CE_LU', Cell 'G3', Converting to a String
READ: Worksheet: 'CE_LU', Cell 'E3', Converting to a String
READ: Worksheet: 'CE_LU', Cell 'D3', Converting to a String
READ: Worksheet: 'CE_LU', Cell 'C3', Converting to a String
READ: Worksheet: 'CE_LU', Cell 'B3', Converting to a String
READ: Worksheet: 'CE_LU', Cell 'A3', Converting to a String
READ: Worksheet: 'CE_LU', Cell 'K3', Converting to a String
READ: Worksheet: 'CE_LU', Cell 'J3', Converting to a String
READ: Worksheet: 'CE_LU', Cell 'L3', Converting to a String
READ: Worksheet: 'CE_LU', Cell 'F3', Converting to a String
READ: Worksheet: 'CE_LU', Cell 'I3', Converting to a String
READ: Worksheet: 'CE_LU', Cell 'A4', Converting to a String
READ: Worksheet: 'CE_LU', Cell 'H4', Converting to a String
READ: Worksheet: 'CE_LU', Cell 'G4', Converting to a String
READ: Worksheet: 'CE_LU', Cell 'E4', Converting to a String
READ: Worksheet: 'CE_LU', Cell 'D4', Converting to a String
READ: Worksheet: 'CE_LU', Cell 'C4', Converting to a String
READ: Worksheet: 'CE_LU', Cell 'B4', Converting to a String
READ: Worksheet: 'CE_LU', Cell 'A4', Converting to a String
READ: Worksheet: 'CE_LU', Cell 'K4', Converting to a String
READ: Worksheet: 'CE_LU', Cell 'J4', Converting to a String
READ: Worksheet: 'CE_LU', Cell 'L4', Converting to a String
READ: Worksheet: 'CE_LU', Cell 'F4', Converting to a String
READ: Worksheet: 'CE_LU', Cell 'I4', Converting to a String
READ: Worksheet: 'CE_LU', Cell 'A5', Converting to a String
READ: Worksheet: 'CE_LU', Cell 'H5', Converting to a String
READ: Worksheet: 'CE_LU', Cell 'G5', Converting to a String
READ: Worksheet: 'CE_LU', Cell 'E5', Converting to a String
READ: Worksheet: 'CE_LU', Cell 'D5', Converting to a String
READ: Worksheet: 'CE_LU', Cell 'C5', Converting to a String
READ: Worksheet: 'CE_LU', Cell 'B5', Converting to a String
READ: Worksheet: 'CE_LU', Cell 'A5', Converting to a String
READ: Worksheet: 'CE_LU', Cell 'K5', Converting to a String
READ: Worksheet: 'CE_LU', Cell 'J5', Converting to a String
READ: Worksheet: 'CE_LU', Cell 'L5', Converting to a String
READ: Worksheet: 'CE_LU', Cell 'F5', Converting to a String
READ: Worksheet: 'CE_LU', Cell 'I5', Converting to a String
READ: Worksheet: 'CE_LU', Cell 'A6', Converting to a String
READ: Worksheet: 'CE_LU', Cell 'H6', Converting to a String
READ: Worksheet: 'CE_LU', Cell 'G6', Converting to a String
READ: Worksheet: 'CE_LU', Cell 'E6', Converting to a String
READ: Worksheet: 'CE_LU', Cell 'D6', Converting to a String
READ: Worksheet: 'CE_LU', Cell 'C6', Converting to a String
READ: Worksheet: 'CE_LU', Cell 'B6', Converting to a String
READ: Worksheet: 'CE_LU', Cell 'A6', Converting to a String
READ: Worksheet: 'CE_LU', Cell 'K6', Converting to a String
READ: Worksheet: 'CE_LU', Cell 'J6', Converting to a String
READ: Worksheet: 'CE_LU', Cell 'L6', Converting to a String
READ: Worksheet: 'CE_LU', Cell 'F6', Converting to a String
READ: Worksheet: 'CE_LU', Cell 'I6', Converting to a String
READ: Worksheet: 'CE_LU', Cell 'A7', Converting to a String
READ: Worksheet: 'CE_LU', Cell 'H7', Converting to a String
READ: Worksheet: 'CE_LU', Cell 'G7', Converting to a String
READ: Worksheet: 'CE_LU', Cell 'E7', Converting to a String
READ: Worksheet: 'CE_LU', Cell 'D7', Converting to a String
READ: Worksheet: 'CE_LU', Cell 'C7', Converting to a String
READ: Worksheet: 'CE_LU', Cell 'B7', Converting to a String
READ: Worksheet: 'CE_LU', Cell 'A7', Converting to a String
READ: Worksheet: 'CE_LU', Cell 'K7', Converting to a String
READ: Worksheet: 'CE_LU', Cell 'J7', Converting to a String
READ: Worksheet: 'CE_LU', Cell 'L7', Converting to a String
READ: Worksheet: 'CE_LU', Cell 'F7', Converting to a String
READ: Worksheet: 'CE_LU', Cell 'I7', Converting to a String
READ: Worksheet: 'CE_LU', Cell 'A8', Converting to a String
READ: Worksheet: 'CE_LU', Cell 'H8', Converting to a String
READ: Worksheet: 'CE_LU', Cell 'G8', Converting to a String
READ: Worksheet: 'CE_LU', Cell 'E8', Converting to a String
READ: Worksheet: 'CE_LU', Cell 'D8', Converting to a String
READ: Worksheet: 'CE_LU', Cell 'C8', Converting to a String
READ: Worksheet: 'CE_LU', Cell 'B8', Converting to a String
READ: Worksheet: 'CE_LU', Cell 'A8', Converting to a String
READ: Worksheet: 'CE_LU', Cell 'K8', Converting to a String
READ: Worksheet: 'CE_LU', Cell 'J8', Converting to a String
READ: Worksheet: 'CE_LU', Cell 'L8', Converting to a String
READ: Worksheet: 'CE_LU', Cell 'F8', Converting to a String
READ: Worksheet: 'CE_LU', Cell 'I8', Converting to a String
READ: Worksheet: 'CE_LU', Cell 'A9', Converting to a String
READ: Worksheet: 'SUMMARY', Cell 'M19', Converting to a String
READ: Worksheet: 'SUMMARY', Cell 'N19', Converting to a String
READ: Worksheet: 'SUMMARY', Cell 'O19', Converting to a String
READ: Worksheet: 'CoverPage', Cell 'B3', Converting to a String
READ: Worksheet: 'SUMMARY', Cell 'K19', Converting to a String
READ: Worksheet: 'SUMMARY', Cell 'C19', Converting to a String
READ: Worksheet: 'SUMMARY', Cell 'D19', Converting to a String
READ: Worksheet: 'SUMMARY', Cell 'L19', Converting to a String
READ: Worksheet: 'SUMMARY', Cell 'E19', Converting to a String
READ: Worksheet: 'SUMMARY', Cell 'G19', Converting to a String
READ: Worksheet: 'SUMMARY', Cell 'F19', Converting to a String
READ: Worksheet: 'SUMMARY', Cell 'H19', Converting to a String
READ: Worksheet: 'SUMMARY', Cell 'J19', Converting to a String
READ: Worksheet: 'SUMMARY', Cell 'I19', Converting to a String
READ: Worksheet: 'CE_MU', Cell 'A2', Converting to a String
READ: Worksheet: 'CE_MU', Cell 'H2', Converting to a String
READ: Worksheet: 'CE_MU', Cell 'G2', Converting to a String
READ: Worksheet: 'CE_MU', Cell 'E2', Converting to a String
READ: Worksheet: 'CE_MU', Cell 'D2', Converting to a String
READ: Worksheet: 'CE_MU', Cell 'C2', Converting to a String
READ: Worksheet: 'CE_MU', Cell 'B2', Converting to a String
READ: Worksheet: 'CE_MU', Cell 'A2', Converting to a String
READ: Worksheet: 'CE_MU', Cell 'K2', Converting to a String
READ: Worksheet: 'CE_MU', Cell 'J2', Converting to a String
READ: Worksheet: 'CE_MU', Cell 'L2', Converting to a String
READ: Worksheet: 'CE_MU', Cell 'F2', Converting to a String
READ: Worksheet: 'CE_MU', Cell 'I2', Converting to a String
READ: Worksheet: 'CE_MU', Cell 'A3', Converting to a String
READ: Worksheet: 'CE_MU', Cell 'H3', Converting to a String
READ: Worksheet: 'CE_MU', Cell 'G3', Converting to a String
READ: Worksheet: 'CE_MU', Cell 'E3', Converting to a String
READ: Worksheet: 'CE_MU', Cell 'D3', Converting to a String
READ: Worksheet: 'CE_MU', Cell 'C3', Converting to a String
READ: Worksheet: 'CE_MU', Cell 'B3', Converting to a String
READ: Worksheet: 'CE_MU', Cell 'A3', Converting to a String
READ: Worksheet: 'CE_MU', Cell 'K3', Converting to a String
READ: Worksheet: 'CE_MU', Cell 'J3', Converting to a String
READ: Worksheet: 'CE_MU', Cell 'L3', Converting to a String
READ: Worksheet: 'CE_MU', Cell 'F3', Converting to a String
READ: Worksheet: 'CE_MU', Cell 'I3', Converting to a String
READ: Worksheet: 'CE_MU', Cell 'A4', Converting to a String
READ: Worksheet: 'SUMMARY', Cell 'M20', Converting to a String
READ: Worksheet: 'SUMMARY', Cell 'N20', Converting to a String
READ: Worksheet: 'SUMMARY', Cell 'O20', Converting to a String
READ: Worksheet: 'CoverPage', Cell 'B3', Converting to a String
READ: Worksheet: 'SUMMARY', Cell 'K20', Converting to a String
READ: Worksheet: 'SUMMARY', Cell 'C20', Converting to a String
READ: Worksheet: 'SUMMARY', Cell 'D20', Converting to a String
READ: Worksheet: 'SUMMARY', Cell 'L20', Converting to a String
READ: Worksheet: 'SUMMARY', Cell 'E20', Converting to a String
READ: Worksheet: 'SUMMARY', Cell 'G20', Converting to a String
READ: Worksheet: 'SUMMARY', Cell 'F20', Converting to a String
READ: Worksheet: 'SUMMARY', Cell 'H20', Converting to a String
READ: Worksheet: 'SUMMARY', Cell 'J20', Converting to a String
READ: Worksheet: 'SUMMARY', Cell 'I20', Converting to a String
READ: Worksheet: 'CE_MW', Cell 'A2', Converting to a String
READ: Worksheet: 'CE_MW', Cell 'H2', Converting to a String
READ: Worksheet: 'CE_MW', Cell 'G2', Converting to a String
READ: Worksheet: 'CE_MW', Cell 'E2', Converting to a String
READ: Worksheet: 'CE_MW', Cell 'D2', Converting to a String
READ: Worksheet: 'CE_MW', Cell 'C2', Converting to a String
READ: Worksheet: 'CE_MW', Cell 'B2', Converting to a String
READ: Worksheet: 'CE_MW', Cell 'A2', Converting to a String
READ: Worksheet: 'CE_MW', Cell 'K2', Converting to a String
READ: Worksheet: 'CE_MW', Cell 'J2', Converting to a String
READ: Worksheet: 'CE_MW', Cell 'L2', Converting to a String
READ: Worksheet: 'CE_MW', Cell 'F2', Converting to a String
READ: Worksheet: 'CE_MW', Cell 'I2', Converting to a String
READ: Worksheet: 'CE_MW', Cell 'A3', Converting to a String
READ: Worksheet: 'SUMMARY', Cell 'M21', Converting to a String
READ: Worksheet: 'SUMMARY', Cell 'N21', Converting to a String
READ: Worksheet: 'SUMMARY', Cell 'O21', Converting to a String
READ: Worksheet: 'CoverPage', Cell 'B3', Converting to a String
READ: Worksheet: 'SUMMARY', Cell 'K21', Converting to a String
READ: Worksheet: 'SUMMARY', Cell 'C21', Converting to a String
READ: Worksheet: 'SUMMARY', Cell 'D21', Converting to a String
READ: Worksheet: 'SUMMARY', Cell 'L21', Converting to a String
READ: Worksheet: 'SUMMARY', Cell 'E21', Converting to a String
READ: Worksheet: 'SUMMARY', Cell 'G21', Converting to a String
READ: Worksheet: 'SUMMARY', Cell 'F21', Converting to a String
READ: Worksheet: 'SUMMARY', Cell 'H21', Converting to a String
READ: Worksheet: 'SUMMARY', Cell 'J21', Converting to a String
READ: Worksheet: 'SUMMARY', Cell 'I21', Converting to a String
READ: Worksheet: 'CE_MZ', Cell 'A2', Converting to a String
READ: Worksheet: 'CE_MZ', Cell 'H2', Converting to a String
READ: Worksheet: 'CE_MZ', Cell 'G2', Converting to a String
READ: Worksheet: 'CE_MZ', Cell 'E2', Converting to a String
READ: Worksheet: 'CE_MZ', Cell 'D2', Converting to a String
READ: Worksheet: 'CE_MZ', Cell 'C2', Converting to a String
READ: Worksheet: 'CE_MZ', Cell 'B2', Converting to a String
READ: Worksheet: 'CE_MZ', Cell 'A2', Converting to a String
READ: Worksheet: 'CE_MZ', Cell 'K2', Converting to a String
READ: Worksheet: 'CE_MZ', Cell 'J2', Converting to a String
READ: Worksheet: 'CE_MZ', Cell 'L2', Converting to a String
READ: Worksheet: 'CE_MZ', Cell 'F2', Converting to a String
READ: Worksheet: 'CE_MZ', Cell 'I2', Converting to a String
READ: Worksheet: 'CE_MZ', Cell 'A3', Converting to a String
READ: Worksheet: 'CE_MZ', Cell 'H3', Converting to a String
READ: Worksheet: 'CE_MZ', Cell 'G3', Converting to a String
READ: Worksheet: 'CE_MZ', Cell 'E3', Converting to a String
READ: Worksheet: 'CE_MZ', Cell 'D3', Converting to a String
READ: Worksheet: 'CE_MZ', Cell 'C3', Converting to a String
READ: Worksheet: 'CE_MZ', Cell 'B3', Converting to a String
READ: Worksheet: 'CE_MZ', Cell 'A3', Converting to a String
READ: Worksheet: 'CE_MZ', Cell 'K3', Converting to a String
READ: Worksheet: 'CE_MZ', Cell 'J3', Converting to a String
READ: Worksheet: 'CE_MZ', Cell 'L3', Converting to a String
READ: Worksheet: 'CE_MZ', Cell 'F3', Converting to a String
READ: Worksheet: 'CE_MZ', Cell 'I3', Converting to a String
READ: Worksheet: 'CE_MZ', Cell 'A4', Converting to a String
READ: Worksheet: 'CE_MZ', Cell 'H4', Converting to a String
READ: Worksheet: 'CE_MZ', Cell 'G4', Converting to a String
READ: Worksheet: 'CE_MZ', Cell 'E4', Converting to a String
READ: Worksheet: 'CE_MZ', Cell 'D4', Converting to a String
READ: Worksheet: 'CE_MZ', Cell 'C4', Converting to a String
READ: Worksheet: 'CE_MZ', Cell 'B4', Converting to a String
READ: Worksheet: 'CE_MZ', Cell 'A4', Converting to a String
READ: Worksheet: 'CE_MZ', Cell 'K4', Converting to a String
READ: Worksheet: 'CE_MZ', Cell 'J4', Converting to a String
READ: Worksheet: 'CE_MZ', Cell 'L4', Converting to a String
READ: Worksheet: 'CE_MZ', Cell 'F4', Converting to a String
READ: Worksheet: 'CE_MZ', Cell 'I4', Converting to a String
READ: Worksheet: 'CE_MZ', Cell 'A5', Converting to a String
READ: Worksheet: 'SUMMARY', Cell 'M22', Converting to a String
READ: Worksheet: 'SUMMARY', Cell 'N22', Converting to a String
READ: Worksheet: 'SUMMARY', Cell 'O22', Converting to a String
READ: Worksheet: 'CoverPage', Cell 'B3', Converting to a String
READ: Worksheet: 'SUMMARY', Cell 'K22', Converting to a String
READ: Worksheet: 'SUMMARY', Cell 'C22', Converting to a String
READ: Worksheet: 'SUMMARY', Cell 'D22', Converting to a String
READ: Worksheet: 'SUMMARY', Cell 'L22', Converting to a String
READ: Worksheet: 'SUMMARY', Cell 'E22', Converting to a String
READ: Worksheet: 'SUMMARY', Cell 'G22', Converting to a String
READ: Worksheet: 'SUMMARY', Cell 'F22', Converting to a String
READ: Worksheet: 'SUMMARY', Cell 'H22', Converting to a String
READ: Worksheet: 'SUMMARY', Cell 'J22', Converting to a String
READ: Worksheet: 'SUMMARY', Cell 'I22', Converting to a String
READ: Worksheet: 'CE_NA', Cell 'A2', Converting to a String
READ: Worksheet: 'CE_NA', Cell 'H2', Converting to a String
READ: Worksheet: 'CE_NA', Cell 'G2', Converting to a String
READ: Worksheet: 'CE_NA', Cell 'E2', Converting to a String
READ: Worksheet: 'CE_NA', Cell 'D2', Converting to a String
READ: Worksheet: 'CE_NA', Cell 'C2', Converting to a String
READ: Worksheet: 'CE_NA', Cell 'B2', Converting to a String
READ: Worksheet: 'CE_NA', Cell 'A2', Converting to a String
READ: Worksheet: 'CE_NA', Cell 'K2', Converting to a String
READ: Worksheet: 'CE_NA', Cell 'J2', Converting to a String
READ: Worksheet: 'CE_NA', Cell 'L2', Converting to a String
READ: Worksheet: 'CE_NA', Cell 'F2', Converting to a String
READ: Worksheet: 'CE_NA', Cell 'I2', Converting to a String
READ: Worksheet: 'CE_NA', Cell 'A3', Converting to a String
READ: Worksheet: 'CE_NA', Cell 'H3', Converting to a String
READ: Worksheet: 'CE_NA', Cell 'G3', Converting to a String
READ: Worksheet: 'CE_NA', Cell 'E3', Converting to a String
READ: Worksheet: 'CE_NA', Cell 'D3', Converting to a String
READ: Worksheet: 'CE_NA', Cell 'C3', Converting to a String
READ: Worksheet: 'CE_NA', Cell 'B3', Converting to a String
READ: Worksheet: 'CE_NA', Cell 'A3', Converting to a String
READ: Worksheet: 'CE_NA', Cell 'K3', Converting to a String
READ: Worksheet: 'CE_NA', Cell 'J3', Converting to a String
READ: Worksheet: 'CE_NA', Cell 'L3', Converting to a String
READ: Worksheet: 'CE_NA', Cell 'F3', Converting to a String
READ: Worksheet: 'CE_NA', Cell 'I3', Converting to a String
READ: Worksheet: 'CE_NA', Cell 'A4', Converting to a String
READ: Worksheet: 'CE_NA', Cell 'H4', Converting to a String
READ: Worksheet: 'CE_NA', Cell 'G4', Converting to a String
READ: Worksheet: 'CE_NA', Cell 'E4', Converting to a String
READ: Worksheet: 'CE_NA', Cell 'D4', Converting to a String
READ: Worksheet: 'CE_NA', Cell 'C4', Converting to a String
READ: Worksheet: 'CE_NA', Cell 'B4', Converting to a String
READ: Worksheet: 'CE_NA', Cell 'A4', Converting to a String
READ: Worksheet: 'CE_NA', Cell 'K4', Converting to a String
READ: Worksheet: 'CE_NA', Cell 'J4', Converting to a String
READ: Worksheet: 'CE_NA', Cell 'L4', Converting to a String
READ: Worksheet: 'CE_NA', Cell 'F4', Converting to a String
READ: Worksheet: 'CE_NA', Cell 'I4', Converting to a String
READ: Worksheet: 'CE_NA', Cell 'A5', Converting to a String
READ: Worksheet: 'CE_NA', Cell 'H5', Converting to a String
READ: Worksheet: 'CE_NA', Cell 'G5', Converting to a String
READ: Worksheet: 'CE_NA', Cell 'E5', Converting to a String
READ: Worksheet: 'CE_NA', Cell 'D5', Converting to a String
READ: Worksheet: 'CE_NA', Cell 'C5', Converting to a String
READ: Worksheet: 'CE_NA', Cell 'B5', Converting to a String
READ: Worksheet: 'CE_NA', Cell 'A5', Converting to a String
READ: Worksheet: 'CE_NA', Cell 'K5', Converting to a String
READ: Worksheet: 'CE_NA', Cell 'J5', Converting to a String
READ: Worksheet: 'CE_NA', Cell 'L5', Converting to a String
READ: Worksheet: 'CE_NA', Cell 'F5', Converting to a String
READ: Worksheet: 'CE_NA', Cell 'I5', Converting to a String
READ: Worksheet: 'CE_NA', Cell 'A6', Converting to a String
READ: Worksheet: 'CE_NA', Cell 'H6', Converting to a String
READ: Worksheet: 'CE_NA', Cell 'G6', Converting to a String
READ: Worksheet: 'CE_NA', Cell 'E6', Converting to a String
READ: Worksheet: 'CE_NA', Cell 'D6', Converting to a String
READ: Worksheet: 'CE_NA', Cell 'C6', Converting to a String
READ: Worksheet: 'CE_NA', Cell 'B6', Converting to a String
READ: Worksheet: 'CE_NA', Cell 'A6', Converting to a String
READ: Worksheet: 'CE_NA', Cell 'K6', Converting to a String
READ: Worksheet: 'CE_NA', Cell 'J6', Converting to a String
READ: Worksheet: 'CE_NA', Cell 'L6', Converting to a String
READ: Worksheet: 'CE_NA', Cell 'F6', Converting to a String
READ: Worksheet: 'CE_NA', Cell 'I6', Converting to a String
READ: Worksheet: 'CE_NA', Cell 'A7', Converting to a String
READ: Worksheet: 'CE_NA', Cell 'H7', Converting to a String
READ: Worksheet: 'CE_NA', Cell 'G7', Converting to a String
READ: Worksheet: 'CE_NA', Cell 'E7', Converting to a String
READ: Worksheet: 'CE_NA', Cell 'D7', Converting to a String
READ: Worksheet: 'CE_NA', Cell 'C7', Converting to a String
READ: Worksheet: 'CE_NA', Cell 'B7', Converting to a String
READ: Worksheet: 'CE_NA', Cell 'A7', Converting to a String
READ: Worksheet: 'CE_NA', Cell 'K7', Converting to a String
READ: Worksheet: 'CE_NA', Cell 'J7', Converting to a String
READ: Worksheet: 'CE_NA', Cell 'L7', Converting to a String
READ: Worksheet: 'CE_NA', Cell 'F7', Converting to a String
READ: Worksheet: 'CE_NA', Cell 'I7', Converting to a String
READ: Worksheet: 'CE_NA', Cell 'A8', Converting to a String
READ: Worksheet: 'CE_NA', Cell 'H8', Converting to a String
READ: Worksheet: 'CE_NA', Cell 'G8', Converting to a String
READ: Worksheet: 'CE_NA', Cell 'E8', Converting to a String
READ: Worksheet: 'CE_NA', Cell 'D8', Converting to a String
READ: Worksheet: 'CE_NA', Cell 'C8', Converting to a String
READ: Worksheet: 'CE_NA', Cell 'B8', Converting to a String
READ: Worksheet: 'CE_NA', Cell 'A8', Converting to a String
READ: Worksheet: 'CE_NA', Cell 'K8', Converting to a String
READ: Worksheet: 'CE_NA', Cell 'J8', Converting to a String
READ: Worksheet: 'CE_NA', Cell 'L8', Converting to a String
READ: Worksheet: 'CE_NA', Cell 'F8', Converting to a String
READ: Worksheet: 'CE_NA', Cell 'I8', Converting to a String
READ: Worksheet: 'CE_NA', Cell 'A9', Converting to a String
READ: Worksheet: 'CE_NA', Cell 'H9', Converting to a String
READ: Worksheet: 'CE_NA', Cell 'G9', Converting to a String
READ: Worksheet: 'CE_NA', Cell 'E9', Converting to a String
READ: Worksheet: 'CE_NA', Cell 'D9', Converting to a String
READ: Worksheet: 'CE_NA', Cell 'C9', Converting to a String
READ: Worksheet: 'CE_NA', Cell 'B9', Converting to a String
READ: Worksheet: 'CE_NA', Cell 'A9', Converting to a String
READ: Worksheet: 'CE_NA', Cell 'K9', Converting to a String
READ: Worksheet: 'CE_NA', Cell 'J9', Converting to a String
READ: Worksheet: 'CE_NA', Cell 'L9', Converting to a String
READ: Worksheet: 'CE_NA', Cell 'F9', Converting to a String
READ: Worksheet: 'CE_NA', Cell 'I9', Converting to a String
READ: Worksheet: 'CE_NA', Cell 'A10', Converting to a String
READ: Worksheet: 'CE_NA', Cell 'H10', Converting to a String
READ: Worksheet: 'CE_NA', Cell 'G10', Converting to a String
READ: Worksheet: 'CE_NA', Cell 'E10', Converting to a String
READ: Worksheet: 'CE_NA', Cell 'D10', Converting to a String
READ: Worksheet: 'CE_NA', Cell 'C10', Converting to a String
READ: Worksheet: 'CE_NA', Cell 'B10', Converting to a String
READ: Worksheet: 'CE_NA', Cell 'A10', Converting to a String
READ: Worksheet: 'CE_NA', Cell 'K10', Converting to a String
READ: Worksheet: 'CE_NA', Cell 'J10', Converting to a String
READ: Worksheet: 'CE_NA', Cell 'L10', Converting to a String
READ: Worksheet: 'CE_NA', Cell 'F10', Converting to a String
READ: Worksheet: 'CE_NA', Cell 'I10', Converting to a String
READ: Worksheet: 'CE_NA', Cell 'A11', Converting to a String
READ: Worksheet: 'CE_NA', Cell 'H11', Converting to a String
READ: Worksheet: 'CE_NA', Cell 'G11', Converting to a String
READ: Worksheet: 'CE_NA', Cell 'E11', Converting to a String
READ: Worksheet: 'CE_NA', Cell 'D11', Converting to a String
READ: Worksheet: 'CE_NA', Cell 'C11', Converting to a String
READ: Worksheet: 'CE_NA', Cell 'B11', Converting to a String
READ: Worksheet: 'CE_NA', Cell 'A11', Converting to a String
READ: Worksheet: 'CE_NA', Cell 'K11', Converting to a String
READ: Worksheet: 'CE_NA', Cell 'J11', Converting to a String
READ: Worksheet: 'CE_NA', Cell 'L11', Converting to a String
READ: Worksheet: 'CE_NA', Cell 'F11', Converting to a String
READ: Worksheet: 'CE_NA', Cell 'I11', Converting to a String
READ: Worksheet: 'CE_NA', Cell 'A12', Converting to a String
READ: Worksheet: 'SUMMARY', Cell 'M23', Converting to a String
READ: Worksheet: 'SUMMARY', Cell 'N23', Converting to a String
READ: Worksheet: 'SUMMARY', Cell 'O23', Converting to a String
READ: Worksheet: 'CoverPage', Cell 'B3', Converting to a String
READ: Worksheet: 'SUMMARY', Cell 'K23', Converting to a String
READ: Worksheet: 'SUMMARY', Cell 'C23', Converting to a String
READ: Worksheet: 'SUMMARY', Cell 'D23', Converting to a String
READ: Worksheet: 'SUMMARY', Cell 'L23', Converting to a String
READ: Worksheet: 'SUMMARY', Cell 'E23', Converting to a String
READ: Worksheet: 'SUMMARY', Cell 'G23', Converting to a String
READ: Worksheet: 'SUMMARY', Cell 'F23', Converting to a String
READ: Worksheet: 'SUMMARY', Cell 'H23', Converting to a String
READ: Worksheet: 'SUMMARY', Cell 'J23', Converting to a String
READ: Worksheet: 'SUMMARY', Cell 'I23', Converting to a String
READ: Worksheet: 'CE_NG', Cell 'A2', Converting to a String
READ: Worksheet: 'CE_NG', Cell 'H2', Converting to a String
READ: Worksheet: 'CE_NG', Cell 'G2', Converting to a String
READ: Worksheet: 'CE_NG', Cell 'E2', Converting to a String
READ: Worksheet: 'CE_NG', Cell 'D2', Converting to a String
READ: Worksheet: 'CE_NG', Cell 'C2', Converting to a String
READ: Worksheet: 'CE_NG', Cell 'B2', Converting to a String
READ: Worksheet: 'CE_NG', Cell 'A2', Converting to a String
READ: Worksheet: 'CE_NG', Cell 'K2', Converting to a String
READ: Worksheet: 'CE_NG', Cell 'J2', Converting to a String
READ: Worksheet: 'CE_NG', Cell 'L2', Converting to a String
READ: Worksheet: 'CE_NG', Cell 'F2', Converting to a String
READ: Worksheet: 'CE_NG', Cell 'I2', Converting to a String
READ: Worksheet: 'CE_NG', Cell 'A3', Converting to a String
READ: Worksheet: 'CE_NG', Cell 'H3', Converting to a String
READ: Worksheet: 'CE_NG', Cell 'G3', Converting to a String
READ: Worksheet: 'CE_NG', Cell 'E3', Converting to a String
READ: Worksheet: 'CE_NG', Cell 'D3', Converting to a String
READ: Worksheet: 'CE_NG', Cell 'C3', Converting to a String
READ: Worksheet: 'CE_NG', Cell 'B3', Converting to a String
READ: Worksheet: 'CE_NG', Cell 'A3', Converting to a String
READ: Worksheet: 'CE_NG', Cell 'K3', Converting to a String
READ: Worksheet: 'CE_NG', Cell 'J3', Converting to a String
READ: Worksheet: 'CE_NG', Cell 'L3', Converting to a String
READ: Worksheet: 'CE_NG', Cell 'F3', Converting to a String
READ: Worksheet: 'CE_NG', Cell 'I3', Converting to a String
READ: Worksheet: 'CE_NG', Cell 'A4', Converting to a String
READ: Worksheet: 'CE_NG', Cell 'H4', Converting to a String
READ: Worksheet: 'CE_NG', Cell 'G4', Converting to a String
READ: Worksheet: 'CE_NG', Cell 'E4', Converting to a String
READ: Worksheet: 'CE_NG', Cell 'D4', Converting to a String
READ: Worksheet: 'CE_NG', Cell 'C4', Converting to a String
READ: Worksheet: 'CE_NG', Cell 'B4', Converting to a String
READ: Worksheet: 'CE_NG', Cell 'A4', Converting to a String
READ: Worksheet: 'CE_NG', Cell 'K4', Converting to a String
READ: Worksheet: 'CE_NG', Cell 'J4', Converting to a String
READ: Worksheet: 'CE_NG', Cell 'L4', Converting to a String
READ: Worksheet: 'CE_NG', Cell 'F4', Converting to a String
READ: Worksheet: 'CE_NG', Cell 'I4', Converting to a String
READ: Worksheet: 'CE_NG', Cell 'A5', Converting to a String
READ: Worksheet: 'CE_NG', Cell 'H5', Converting to a String
READ: Worksheet: 'CE_NG', Cell 'G5', Converting to a String
READ: Worksheet: 'CE_NG', Cell 'E5', Converting to a String
READ: Worksheet: 'CE_NG', Cell 'D5', Converting to a String
READ: Worksheet: 'CE_NG', Cell 'C5', Converting to a String
READ: Worksheet: 'CE_NG', Cell 'B5', Converting to a String
READ: Worksheet: 'CE_NG', Cell 'A5', Converting to a String
READ: Worksheet: 'CE_NG', Cell 'K5', Converting to a String
READ: Worksheet: 'CE_NG', Cell 'J5', Converting to a String
READ: Worksheet: 'CE_NG', Cell 'L5', Converting to a String
READ: Worksheet: 'CE_NG', Cell 'F5', Converting to a String
READ: Worksheet: 'CE_NG', Cell 'I5', Converting to a String
READ: Worksheet: 'CE_NG', Cell 'A6', Converting to a String
READ: Worksheet: 'CE_NG', Cell 'H6', Converting to a String
READ: Worksheet: 'CE_NG', Cell 'G6', Converting to a String
READ: Worksheet: 'CE_NG', Cell 'E6', Converting to a String
READ: Worksheet: 'CE_NG', Cell 'D6', Converting to a String
READ: Worksheet: 'CE_NG', Cell 'C6', Converting to a String
READ: Worksheet: 'CE_NG', Cell 'B6', Converting to a String
READ: Worksheet: 'CE_NG', Cell 'A6', Converting to a String
READ: Worksheet: 'CE_NG', Cell 'K6', Converting to a String
READ: Worksheet: 'CE_NG', Cell 'J6', Converting to a String
READ: Worksheet: 'CE_NG', Cell 'L6', Converting to a String
READ: Worksheet: 'CE_NG', Cell 'F6', Converting to a String
READ: Worksheet: 'CE_NG', Cell 'I6', Converting to a String
READ: Worksheet: 'CE_NG', Cell 'A7', Converting to a String
READ: Worksheet: 'CE_NG', Cell 'H7', Converting to a String
READ: Worksheet: 'CE_NG', Cell 'G7', Converting to a String
READ: Worksheet: 'CE_NG', Cell 'E7', Converting to a String
READ: Worksheet: 'CE_NG', Cell 'D7', Converting to a String
READ: Worksheet: 'CE_NG', Cell 'C7', Converting to a String
READ: Worksheet: 'CE_NG', Cell 'B7', Converting to a String
READ: Worksheet: 'CE_NG', Cell 'A7', Converting to a String
READ: Worksheet: 'CE_NG', Cell 'K7', Converting to a String
READ: Worksheet: 'CE_NG', Cell 'J7', Converting to a String
READ: Worksheet: 'CE_NG', Cell 'L7', Converting to a String
READ: Worksheet: 'CE_NG', Cell 'F7', Converting to a String
READ: Worksheet: 'CE_NG', Cell 'I7', Converting to a String
READ: Worksheet: 'CE_NG', Cell 'A8', Converting to a String
READ: Worksheet: 'CE_NG', Cell 'H8', Converting to a String
READ: Worksheet: 'CE_NG', Cell 'G8', Converting to a String
READ: Worksheet: 'CE_NG', Cell 'E8', Converting to a String
READ: Worksheet: 'CE_NG', Cell 'D8', Converting to a String
READ: Worksheet: 'CE_NG', Cell 'C8', Converting to a String
READ: Worksheet: 'CE_NG', Cell 'B8', Converting to a String
READ: Worksheet: 'CE_NG', Cell 'A8', Converting to a String
READ: Worksheet: 'CE_NG', Cell 'K8', Converting to a String
READ: Worksheet: 'CE_NG', Cell 'J8', Converting to a String
READ: Worksheet: 'CE_NG', Cell 'L8', Converting to a String
READ: Worksheet: 'CE_NG', Cell 'F8', Converting to a String
READ: Worksheet: 'CE_NG', Cell 'I8', Converting to a String
READ: Worksheet: 'CE_NG', Cell 'A9', Converting to a String
READ: Worksheet: 'CE_NG', Cell 'H9', Converting to a String
READ: Worksheet: 'CE_NG', Cell 'G9', Converting to a String
READ: Worksheet: 'CE_NG', Cell 'E9', Converting to a String
READ: Worksheet: 'CE_NG', Cell 'D9', Converting to a String
READ: Worksheet: 'CE_NG', Cell 'C9', Converting to a String
READ: Worksheet: 'CE_NG', Cell 'B9', Converting to a String
READ: Worksheet: 'CE_NG', Cell 'A9', Converting to a String
READ: Worksheet: 'CE_NG', Cell 'K9', Converting to a String
READ: Worksheet: 'CE_NG', Cell 'J9', Converting to a String
READ: Worksheet: 'CE_NG', Cell 'L9', Converting to a String
READ: Worksheet: 'CE_NG', Cell 'F9', Converting to a String
READ: Worksheet: 'CE_NG', Cell 'I9', Converting to a String
READ: Worksheet: 'CE_NG', Cell 'A10', Converting to a String
READ: Worksheet: 'CE_NG', Cell 'H10', Converting to a String
READ: Worksheet: 'CE_NG', Cell 'G10', Converting to a String
READ: Worksheet: 'CE_NG', Cell 'E10', Converting to a String
READ: Worksheet: 'CE_NG', Cell 'D10', Converting to a String
READ: Worksheet: 'CE_NG', Cell 'C10', Converting to a String
READ: Worksheet: 'CE_NG', Cell 'B10', Converting to a String
READ: Worksheet: 'CE_NG', Cell 'A10', Converting to a String
READ: Worksheet: 'CE_NG', Cell 'K10', Converting to a String
READ: Worksheet: 'CE_NG', Cell 'J10', Converting to a String
READ: Worksheet: 'CE_NG', Cell 'L10', Converting to a String
READ: Worksheet: 'CE_NG', Cell 'F10', Converting to a String
READ: Worksheet: 'CE_NG', Cell 'I10', Converting to a String
READ: Worksheet: 'CE_NG', Cell 'A11', Converting to a String
READ: Worksheet: 'SUMMARY', Cell 'M24', Converting to a String
READ: Worksheet: 'SUMMARY', Cell 'N24', Converting to a String
READ: Worksheet: 'SUMMARY', Cell 'O24', Converting to a String
READ: Worksheet: 'CoverPage', Cell 'B3', Converting to a String
READ: Worksheet: 'SUMMARY', Cell 'K24', Converting to a String
READ: Worksheet: 'SUMMARY', Cell 'C24', Converting to a String
READ: Worksheet: 'SUMMARY', Cell 'D24', Converting to a String
READ: Worksheet: 'SUMMARY', Cell 'L24', Converting to a String
READ: Worksheet: 'SUMMARY', Cell 'E24', Converting to a String
READ: Worksheet: 'SUMMARY', Cell 'G24', Converting to a String
READ: Worksheet: 'SUMMARY', Cell 'F24', Converting to a String
READ: Worksheet: 'SUMMARY', Cell 'H24', Converting to a String
READ: Worksheet: 'SUMMARY', Cell 'J24', Converting to a String
READ: Worksheet: 'SUMMARY', Cell 'I24', Converting to a String
READ: Worksheet: 'CE_NL', Cell 'A2', Converting to a String
READ: Worksheet: 'CE_NL', Cell 'H2', Converting to a String
READ: Worksheet: 'CE_NL', Cell 'G2', Converting to a String
READ: Worksheet: 'CE_NL', Cell 'E2', Converting to a String
READ: Worksheet: 'CE_NL', Cell 'D2', Converting to a String
READ: Worksheet: 'CE_NL', Cell 'C2', Converting to a String
READ: Worksheet: 'CE_NL', Cell 'B2', Converting to a String
READ: Worksheet: 'CE_NL', Cell 'A2', Converting to a String
READ: Worksheet: 'CE_NL', Cell 'K2', Converting to a String
READ: Worksheet: 'CE_NL', Cell 'J2', Converting to a String
READ: Worksheet: 'CE_NL', Cell 'L2', Converting to a String
READ: Worksheet: 'CE_NL', Cell 'F2', Converting to a String
READ: Worksheet: 'CE_NL', Cell 'I2', Converting to a String
READ: Worksheet: 'CE_NL', Cell 'A3', Converting to a String
READ: Worksheet: 'CE_NL', Cell 'H3', Converting to a String
READ: Worksheet: 'CE_NL', Cell 'G3', Converting to a String
READ: Worksheet: 'CE_NL', Cell 'E3', Converting to a String
READ: Worksheet: 'CE_NL', Cell 'D3', Converting to a String
READ: Worksheet: 'CE_NL', Cell 'C3', Converting to a String
READ: Worksheet: 'CE_NL', Cell 'B3', Converting to a String
READ: Worksheet: 'CE_NL', Cell 'A3', Converting to a String
READ: Worksheet: 'CE_NL', Cell 'K3', Converting to a String
READ: Worksheet: 'CE_NL', Cell 'J3', Converting to a String
READ: Worksheet: 'CE_NL', Cell 'L3', Converting to a String
READ: Worksheet: 'CE_NL', Cell 'F3', Converting to a String
READ: Worksheet: 'CE_NL', Cell 'I3', Converting to a String
READ: Worksheet: 'CE_NL', Cell 'A4', Converting to a String
READ: Worksheet: 'CE_NL', Cell 'H4', Converting to a String
READ: Worksheet: 'CE_NL', Cell 'G4', Converting to a String
READ: Worksheet: 'CE_NL', Cell 'E4', Converting to a String
READ: Worksheet: 'CE_NL', Cell 'D4', Converting to a String
READ: Worksheet: 'CE_NL', Cell 'C4', Converting to a String
READ: Worksheet: 'CE_NL', Cell 'B4', Converting to a String
READ: Worksheet: 'CE_NL', Cell 'A4', Converting to a String
READ: Worksheet: 'CE_NL', Cell 'K4', Converting to a String
READ: Worksheet: 'CE_NL', Cell 'J4', Converting to a String
READ: Worksheet: 'CE_NL', Cell 'L4', Converting to a String
READ: Worksheet: 'CE_NL', Cell 'F4', Converting to a String
READ: Worksheet: 'CE_NL', Cell 'I4', Converting to a String
READ: Worksheet: 'CE_NL', Cell 'A5', Converting to a String
READ: Worksheet: 'CE_NL', Cell 'H5', Converting to a String
READ: Worksheet: 'CE_NL', Cell 'G5', Converting to a String
READ: Worksheet: 'CE_NL', Cell 'E5', Converting to a String
READ: Worksheet: 'CE_NL', Cell 'D5', Converting to a String
READ: Worksheet: 'CE_NL', Cell 'C5', Converting to a String
READ: Worksheet: 'CE_NL', Cell 'B5', Converting to a String
READ: Worksheet: 'CE_NL', Cell 'A5', Converting to a String
READ: Worksheet: 'CE_NL', Cell 'K5', Converting to a String
READ: Worksheet: 'CE_NL', Cell 'J5', Converting to a String
READ: Worksheet: 'CE_NL', Cell 'L5', Converting to a String
READ: Worksheet: 'CE_NL', Cell 'F5', Converting to a String
READ: Worksheet: 'CE_NL', Cell 'I5', Converting to a String
READ: Worksheet: 'CE_NL', Cell 'A6', Converting to a String
READ: Worksheet: 'CE_NL', Cell 'H6', Converting to a String
READ: Worksheet: 'CE_NL', Cell 'G6', Converting to a String
READ: Worksheet: 'CE_NL', Cell 'E6', Converting to a String
READ: Worksheet: 'CE_NL', Cell 'D6', Converting to a String
READ: Worksheet: 'CE_NL', Cell 'C6', Converting to a String
READ: Worksheet: 'CE_NL', Cell 'B6', Converting to a String
READ: Worksheet: 'CE_NL', Cell 'A6', Converting to a String
READ: Worksheet: 'CE_NL', Cell 'K6', Converting to a String
READ: Worksheet: 'CE_NL', Cell 'J6', Converting to a String
READ: Worksheet: 'CE_NL', Cell 'L6', Converting to a String
READ: Worksheet: 'CE_NL', Cell 'F6', Converting to a String
READ: Worksheet: 'CE_NL', Cell 'I6', Converting to a String
READ: Worksheet: 'CE_NL', Cell 'A7', Converting to a String
READ: Worksheet: 'CE_NL', Cell 'H7', Converting to a String
READ: Worksheet: 'CE_NL', Cell 'G7', Converting to a String
READ: Worksheet: 'CE_NL', Cell 'E7', Converting to a String
READ: Worksheet: 'CE_NL', Cell 'D7', Converting to a String
READ: Worksheet: 'CE_NL', Cell 'C7', Converting to a String
READ: Worksheet: 'CE_NL', Cell 'B7', Converting to a String
READ: Worksheet: 'CE_NL', Cell 'A7', Converting to a String
READ: Worksheet: 'CE_NL', Cell 'K7', Converting to a String
READ: Worksheet: 'CE_NL', Cell 'J7', Converting to a String
READ: Worksheet: 'CE_NL', Cell 'L7', Converting to a String
READ: Worksheet: 'CE_NL', Cell 'F7', Converting to a String
READ: Worksheet: 'CE_NL', Cell 'I7', Converting to a String
READ: Worksheet: 'CE_NL', Cell 'A8', Converting to a String
READ: Worksheet: 'CE_NL', Cell 'H8', Converting to a String
READ: Worksheet: 'CE_NL', Cell 'G8', Converting to a String
READ: Worksheet: 'CE_NL', Cell 'E8', Converting to a String
READ: Worksheet: 'CE_NL', Cell 'D8', Converting to a String
READ: Worksheet: 'CE_NL', Cell 'C8', Converting to a String
READ: Worksheet: 'CE_NL', Cell 'B8', Converting to a String
READ: Worksheet: 'CE_NL', Cell 'A8', Converting to a String
READ: Worksheet: 'CE_NL', Cell 'K8', Converting to a String
READ: Worksheet: 'CE_NL', Cell 'J8', Converting to a String
READ: Worksheet: 'CE_NL', Cell 'L8', Converting to a String
READ: Worksheet: 'CE_NL', Cell 'F8', Converting to a String
READ: Worksheet: 'CE_NL', Cell 'I8', Converting to a String
READ: Worksheet: 'CE_NL', Cell 'A9', Converting to a String
READ: Worksheet: 'CE_NL', Cell 'H9', Converting to a String
READ: Worksheet: 'CE_NL', Cell 'G9', Converting to a String
READ: Worksheet: 'CE_NL', Cell 'E9', Converting to a String
READ: Worksheet: 'CE_NL', Cell 'D9', Converting to a String
READ: Worksheet: 'CE_NL', Cell 'C9', Converting to a String
READ: Worksheet: 'CE_NL', Cell 'B9', Converting to a String
READ: Worksheet: 'CE_NL', Cell 'A9', Converting to a String
READ: Worksheet: 'CE_NL', Cell 'K9', Converting to a String
READ: Worksheet: 'CE_NL', Cell 'J9', Converting to a String
READ: Worksheet: 'CE_NL', Cell 'L9', Converting to a String
READ: Worksheet: 'CE_NL', Cell 'F9', Converting to a String
READ: Worksheet: 'CE_NL', Cell 'I9', Converting to a String
READ: Worksheet: 'CE_NL', Cell 'A10', Converting to a String
READ: Worksheet: 'CE_NL', Cell 'H10', Converting to a String
READ: Worksheet: 'CE_NL', Cell 'G10', Converting to a String
READ: Worksheet: 'CE_NL', Cell 'E10', Converting to a String
READ: Worksheet: 'CE_NL', Cell 'D10', Converting to a String
READ: Worksheet: 'CE_NL', Cell 'C10', Converting to a String
READ: Worksheet: 'CE_NL', Cell 'B10', Converting to a String
READ: Worksheet: 'CE_NL', Cell 'A10', Converting to a String
READ: Worksheet: 'CE_NL', Cell 'K10', Converting to a String
READ: Worksheet: 'CE_NL', Cell 'J10', Converting to a String
READ: Worksheet: 'CE_NL', Cell 'L10', Converting to a String
READ: Worksheet: 'CE_NL', Cell 'F10', Converting to a String
READ: Worksheet: 'CE_NL', Cell 'I10', Converting to a String
READ: Worksheet: 'CE_NL', Cell 'A11', Converting to a String
READ: Worksheet: 'CE_NL', Cell 'H11', Converting to a String
READ: Worksheet: 'CE_NL', Cell 'G11', Converting to a String
READ: Worksheet: 'CE_NL', Cell 'E11', Converting to a String
READ: Worksheet: 'CE_NL', Cell 'D11', Converting to a String
READ: Worksheet: 'CE_NL', Cell 'C11', Converting to a String
READ: Worksheet: 'CE_NL', Cell 'B11', Converting to a String
READ: Worksheet: 'CE_NL', Cell 'A11', Converting to a String
READ: Worksheet: 'CE_NL', Cell 'K11', Converting to a String
READ: Worksheet: 'CE_NL', Cell 'J11', Converting to a String
READ: Worksheet: 'CE_NL', Cell 'L11', Converting to a String
READ: Worksheet: 'CE_NL', Cell 'F11', Converting to a String
READ: Worksheet: 'CE_NL', Cell 'I11', Converting to a String
READ: Worksheet: 'CE_NL', Cell 'A12', Converting to a String
READ: Worksheet: 'CE_NL', Cell 'H12', Converting to a String
READ: Worksheet: 'CE_NL', Cell 'G12', Converting to a String
READ: Worksheet: 'CE_NL', Cell 'E12', Converting to a String
READ: Worksheet: 'CE_NL', Cell 'D12', Converting to a String
READ: Worksheet: 'CE_NL', Cell 'C12', Converting to a String
READ: Worksheet: 'CE_NL', Cell 'B12', Converting to a String
READ: Worksheet: 'CE_NL', Cell 'A12', Converting to a String
READ: Worksheet: 'CE_NL', Cell 'K12', Converting to a String
READ: Worksheet: 'CE_NL', Cell 'J12', Converting to a String
READ: Worksheet: 'CE_NL', Cell 'L12', Converting to a String
READ: Worksheet: 'CE_NL', Cell 'F12', Converting to a String
READ: Worksheet: 'CE_NL', Cell 'I12', Converting to a String
READ: Worksheet: 'CE_NL', Cell 'A13', Converting to a String
READ: Worksheet: 'CE_NL', Cell 'H13', Converting to a String
READ: Worksheet: 'CE_NL', Cell 'G13', Converting to a String
READ: Worksheet: 'CE_NL', Cell 'E13', Converting to a String
READ: Worksheet: 'CE_NL', Cell 'D13', Converting to a String
READ: Worksheet: 'CE_NL', Cell 'C13', Converting to a String
READ: Worksheet: 'CE_NL', Cell 'B13', Converting to a String
READ: Worksheet: 'CE_NL', Cell 'A13', Converting to a String
READ: Worksheet: 'CE_NL', Cell 'K13', Converting to a String
READ: Worksheet: 'CE_NL', Cell 'J13', Converting to a String
READ: Worksheet: 'CE_NL', Cell 'L13', Converting to a String
READ: Worksheet: 'CE_NL', Cell 'F13', Converting to a String
READ: Worksheet: 'CE_NL', Cell 'I13', Converting to a String
READ: Worksheet: 'CE_NL', Cell 'A14', Converting to a String
READ: Worksheet: 'CE_NL', Cell 'H14', Converting to a String
READ: Worksheet: 'CE_NL', Cell 'G14', Converting to a String
READ: Worksheet: 'CE_NL', Cell 'E14', Converting to a String
READ: Worksheet: 'CE_NL', Cell 'D14', Converting to a String
READ: Worksheet: 'CE_NL', Cell 'C14', Converting to a String
READ: Worksheet: 'CE_NL', Cell 'B14', Converting to a String
READ: Worksheet: 'CE_NL', Cell 'A14', Converting to a String
READ: Worksheet: 'CE_NL', Cell 'K14', Converting to a String
READ: Worksheet: 'CE_NL', Cell 'J14', Converting to a String
READ: Worksheet: 'CE_NL', Cell 'L14', Converting to a String
READ: Worksheet: 'CE_NL', Cell 'F14', Converting to a String
READ: Worksheet: 'CE_NL', Cell 'I14', Converting to a String
READ: Worksheet: 'CE_NL', Cell 'A15', Converting to a String
READ: Worksheet: 'CE_NL', Cell 'H15', Converting to a String
READ: Worksheet: 'CE_NL', Cell 'G15', Converting to a String
READ: Worksheet: 'CE_NL', Cell 'E15', Converting to a String
READ: Worksheet: 'CE_NL', Cell 'D15', Converting to a String
READ: Worksheet: 'CE_NL', Cell 'C15', Converting to a String
READ: Worksheet: 'CE_NL', Cell 'B15', Converting to a String
READ: Worksheet: 'CE_NL', Cell 'A15', Converting to a String
READ: Worksheet: 'CE_NL', Cell 'K15', Converting to a String
READ: Worksheet: 'CE_NL', Cell 'J15', Converting to a String
READ: Worksheet: 'CE_NL', Cell 'L15', Converting to a String
READ: Worksheet: 'CE_NL', Cell 'F15', Converting to a String
READ: Worksheet: 'CE_NL', Cell 'I15', Converting to a String
READ: Worksheet: 'CE_NL', Cell 'A16', Converting to a String
READ: Worksheet: 'CE_NL', Cell 'H16', Converting to a String
READ: Worksheet: 'CE_NL', Cell 'G16', Converting to a String
READ: Worksheet: 'CE_NL', Cell 'E16', Converting to a String
READ: Worksheet: 'CE_NL', Cell 'D16', Converting to a String
READ: Worksheet: 'CE_NL', Cell 'C16', Converting to a String
READ: Worksheet: 'CE_NL', Cell 'B16', Converting to a String
READ: Worksheet: 'CE_NL', Cell 'A16', Converting to a String
READ: Worksheet: 'CE_NL', Cell 'K16', Converting to a String
READ: Worksheet: 'CE_NL', Cell 'J16', Converting to a String
READ: Worksheet: 'CE_NL', Cell 'L16', Converting to a String
READ: Worksheet: 'CE_NL', Cell 'F16', Converting to a String
READ: Worksheet: 'CE_NL', Cell 'I16', Converting to a String
READ: Worksheet: 'CE_NL', Cell 'A17', Converting to a String
READ: Worksheet: 'CE_NL', Cell 'H17', Converting to a String
READ: Worksheet: 'CE_NL', Cell 'G17', Converting to a String
READ: Worksheet: 'CE_NL', Cell 'E17', Converting to a String
READ: Worksheet: 'CE_NL', Cell 'D17', Converting to a String
READ: Worksheet: 'CE_NL', Cell 'C17', Converting to a String
READ: Worksheet: 'CE_NL', Cell 'B17', Converting to a String
READ: Worksheet: 'CE_NL', Cell 'A17', Converting to a String
READ: Worksheet: 'CE_NL', Cell 'K17', Converting to a String
READ: Worksheet: 'CE_NL', Cell 'J17', Converting to a String
READ: Worksheet: 'CE_NL', Cell 'L17', Converting to a String
READ: Worksheet: 'CE_NL', Cell 'F17', Converting to a String
READ: Worksheet: 'CE_NL', Cell 'I17', Converting to a String
READ: Worksheet: 'CE_NL', Cell 'A18', Converting to a String
READ: Worksheet: 'CE_NL', Cell 'H18', Converting to a String
READ: Worksheet: 'CE_NL', Cell 'G18', Converting to a String
READ: Worksheet: 'CE_NL', Cell 'E18', Converting to a String
READ: Worksheet: 'CE_NL', Cell 'D18', Converting to a String
READ: Worksheet: 'CE_NL', Cell 'C18', Converting to a String
READ: Worksheet: 'CE_NL', Cell 'B18', Converting to a String
READ: Worksheet: 'CE_NL', Cell 'A18', Converting to a String
READ: Worksheet: 'CE_NL', Cell 'K18', Converting to a String
READ: Worksheet: 'CE_NL', Cell 'J18', Converting to a String
READ: Worksheet: 'CE_NL', Cell 'L18', Converting to a String
READ: Worksheet: 'CE_NL', Cell 'F18', Converting to a String
READ: Worksheet: 'CE_NL', Cell 'I18', Converting to a String
READ: Worksheet: 'CE_NL', Cell 'A19', Converting to a String
READ: Worksheet: 'CE_NL', Cell 'H19', Converting to a String
READ: Worksheet: 'CE_NL', Cell 'G19', Converting to a String
READ: Worksheet: 'CE_NL', Cell 'E19', Converting to a String
READ: Worksheet: 'CE_NL', Cell 'D19', Converting to a String
READ: Worksheet: 'CE_NL', Cell 'C19', Converting to a String
READ: Worksheet: 'CE_NL', Cell 'B19', Converting to a String
READ: Worksheet: 'CE_NL', Cell 'A19', Converting to a String
READ: Worksheet: 'CE_NL', Cell 'K19', Converting to a String
READ: Worksheet: 'CE_NL', Cell 'J19', Converting to a String
READ: Worksheet: 'CE_NL', Cell 'L19', Converting to a String
READ: Worksheet: 'CE_NL', Cell 'F19', Converting to a String
READ: Worksheet: 'CE_NL', Cell 'I19', Converting to a String
READ: Worksheet: 'CE_NL', Cell 'A20', Converting to a String
READ: Worksheet: 'CE_NL', Cell 'H20', Converting to a String
READ: Worksheet: 'CE_NL', Cell 'G20', Converting to a String
READ: Worksheet: 'CE_NL', Cell 'E20', Converting to a String
READ: Worksheet: 'CE_NL', Cell 'D20', Converting to a String
READ: Worksheet: 'CE_NL', Cell 'C20', Converting to a String
READ: Worksheet: 'CE_NL', Cell 'B20', Converting to a String
READ: Worksheet: 'CE_NL', Cell 'A20', Converting to a String
READ: Worksheet: 'CE_NL', Cell 'K20', Converting to a String
READ: Worksheet: 'CE_NL', Cell 'J20', Converting to a String
READ: Worksheet: 'CE_NL', Cell 'L20', Converting to a String
READ: Worksheet: 'CE_NL', Cell 'F20', Converting to a String
READ: Worksheet: 'CE_NL', Cell 'I20', Converting to a String
READ: Worksheet: 'CE_NL', Cell 'A21', Converting to a String
READ: Worksheet: 'CE_NL', Cell 'H21', Converting to a String
READ: Worksheet: 'CE_NL', Cell 'G21', Converting to a String
READ: Worksheet: 'CE_NL', Cell 'E21', Converting to a String
READ: Worksheet: 'CE_NL', Cell 'D21', Converting to a String
READ: Worksheet: 'CE_NL', Cell 'C21', Converting to a String
READ: Worksheet: 'CE_NL', Cell 'B21', Converting to a String
READ: Worksheet: 'CE_NL', Cell 'A21', Converting to a String
READ: Worksheet: 'CE_NL', Cell 'K21', Converting to a String
READ: Worksheet: 'CE_NL', Cell 'J21', Converting to a String
READ: Worksheet: 'CE_NL', Cell 'L21', Converting to a String
READ: Worksheet: 'CE_NL', Cell 'F21', Converting to a String
READ: Worksheet: 'CE_NL', Cell 'I21', Converting to a String
READ: Worksheet: 'CE_NL', Cell 'A22', Converting to a String
READ: Worksheet: 'CE_NL', Cell 'H22', Converting to a String
READ: Worksheet: 'CE_NL', Cell 'G22', Converting to a String
READ: Worksheet: 'CE_NL', Cell 'E22', Converting to a String
READ: Worksheet: 'CE_NL', Cell 'D22', Converting to a String
READ: Worksheet: 'CE_NL', Cell 'C22', Converting to a String
READ: Worksheet: 'CE_NL', Cell 'B22', Converting to a String
READ: Worksheet: 'CE_NL', Cell 'A22', Converting to a String
READ: Worksheet: 'CE_NL', Cell 'K22', Converting to a String
READ: Worksheet: 'CE_NL', Cell 'J22', Converting to a String
READ: Worksheet: 'CE_NL', Cell 'L22', Converting to a String
READ: Worksheet: 'CE_NL', Cell 'F22', Converting to a String
READ: Worksheet: 'CE_NL', Cell 'I22', Converting to a String
READ: Worksheet: 'CE_NL', Cell 'A23', Converting to a String
READ: Worksheet: 'CE_NL', Cell 'H23', Converting to a String
READ: Worksheet: 'CE_NL', Cell 'G23', Converting to a String
READ: Worksheet: 'CE_NL', Cell 'E23', Converting to a String
READ: Worksheet: 'CE_NL', Cell 'D23', Converting to a String
READ: Worksheet: 'CE_NL', Cell 'C23', Converting to a String
READ: Worksheet: 'CE_NL', Cell 'B23', Converting to a String
READ: Worksheet: 'CE_NL', Cell 'A23', Converting to a String
READ: Worksheet: 'CE_NL', Cell 'K23', Converting to a String
READ: Worksheet: 'CE_NL', Cell 'J23', Converting to a String
READ: Worksheet: 'CE_NL', Cell 'L23', Converting to a String
READ: Worksheet: 'CE_NL', Cell 'F23', Converting to a String
READ: Worksheet: 'CE_NL', Cell 'I23', Converting to a String
READ: Worksheet: 'CE_NL', Cell 'A24', Converting to a String
READ: Worksheet: 'CE_NL', Cell 'H24', Converting to a String
READ: Worksheet: 'CE_NL', Cell 'G24', Converting to a String
READ: Worksheet: 'CE_NL', Cell 'E24', Converting to a String
READ: Worksheet: 'CE_NL', Cell 'D24', Converting to a String
READ: Worksheet: 'CE_NL', Cell 'C24', Converting to a String
READ: Worksheet: 'CE_NL', Cell 'B24', Converting to a String
READ: Worksheet: 'CE_NL', Cell 'A24', Converting to a String
READ: Worksheet: 'CE_NL', Cell 'K24', Converting to a String
READ: Worksheet: 'CE_NL', Cell 'J24', Converting to a String
READ: Worksheet: 'CE_NL', Cell 'L24', Converting to a String
READ: Worksheet: 'CE_NL', Cell 'F24', Converting to a String
READ: Worksheet: 'CE_NL', Cell 'I24', Converting to a String
READ: Worksheet: 'CE_NL', Cell 'A25', Converting to a String
READ: Worksheet: 'SUMMARY', Cell 'M25', Converting to a String
READ: Worksheet: 'SUMMARY', Cell 'N25', Converting to a String
READ: Worksheet: 'SUMMARY', Cell 'O25', Converting to a String
READ: Worksheet: 'CoverPage', Cell 'B3', Converting to a String
READ: Worksheet: 'SUMMARY', Cell 'K25', Converting to a String
READ: Worksheet: 'SUMMARY', Cell 'C25', Converting to a String
READ: Worksheet: 'SUMMARY', Cell 'D25', Converting to a String
READ: Worksheet: 'SUMMARY', Cell 'L25', Converting to a String
READ: Worksheet: 'SUMMARY', Cell 'E25', Converting to a String
READ: Worksheet: 'SUMMARY', Cell 'G25', Converting to a String
READ: Worksheet: 'SUMMARY', Cell 'F25', Converting to a String
READ: Worksheet: 'SUMMARY', Cell 'H25', Converting to a String
READ: Worksheet: 'SUMMARY', Cell 'J25', Converting to a String
READ: Worksheet: 'SUMMARY', Cell 'I25', Converting to a String
READ: Worksheet: 'CE_PL', Cell 'A2', Converting to a String
READ: Worksheet: 'CE_PL', Cell 'H2', Converting to a String
READ: Worksheet: 'CE_PL', Cell 'G2', Converting to a String
READ: Worksheet: 'CE_PL', Cell 'E2', Converting to a String
READ: Worksheet: 'CE_PL', Cell 'D2', Converting to a String
READ: Worksheet: 'CE_PL', Cell 'C2', Converting to a String
READ: Worksheet: 'CE_PL', Cell 'B2', Converting to a String
READ: Worksheet: 'CE_PL', Cell 'A2', Converting to a String
READ: Worksheet: 'CE_PL', Cell 'K2', Converting to a String
READ: Worksheet: 'CE_PL', Cell 'J2', Converting to a String
READ: Worksheet: 'CE_PL', Cell 'L2', Converting to a String
READ: Worksheet: 'CE_PL', Cell 'F2', Converting to a String
READ: Worksheet: 'CE_PL', Cell 'I2', Converting to a String
READ: Worksheet: 'CE_PL', Cell 'A3', Converting to a String
READ: Worksheet: 'CE_PL', Cell 'H3', Converting to a String
READ: Worksheet: 'CE_PL', Cell 'G3', Converting to a String
READ: Worksheet: 'CE_PL', Cell 'E3', Converting to a String
READ: Worksheet: 'CE_PL', Cell 'D3', Converting to a String
READ: Worksheet: 'CE_PL', Cell 'C3', Converting to a String
READ: Worksheet: 'CE_PL', Cell 'B3', Converting to a String
READ: Worksheet: 'CE_PL', Cell 'A3', Converting to a String
READ: Worksheet: 'CE_PL', Cell 'K3', Converting to a String
READ: Worksheet: 'CE_PL', Cell 'J3', Converting to a String
READ: Worksheet: 'CE_PL', Cell 'L3', Converting to a String
READ: Worksheet: 'CE_PL', Cell 'F3', Converting to a String
READ: Worksheet: 'CE_PL', Cell 'I3', Converting to a String
READ: Worksheet: 'CE_PL', Cell 'A4', Converting to a String
READ: Worksheet: 'CE_PL', Cell 'H4', Converting to a String
READ: Worksheet: 'CE_PL', Cell 'G4', Converting to a String
READ: Worksheet: 'CE_PL', Cell 'E4', Converting to a String
READ: Worksheet: 'CE_PL', Cell 'D4', Converting to a String
READ: Worksheet: 'CE_PL', Cell 'C4', Converting to a String
READ: Worksheet: 'CE_PL', Cell 'B4', Converting to a String
READ: Worksheet: 'CE_PL', Cell 'A4', Converting to a String
READ: Worksheet: 'CE_PL', Cell 'K4', Converting to a String
READ: Worksheet: 'CE_PL', Cell 'J4', Converting to a String
READ: Worksheet: 'CE_PL', Cell 'L4', Converting to a String
READ: Worksheet: 'CE_PL', Cell 'F4', Converting to a String
READ: Worksheet: 'CE_PL', Cell 'I4', Converting to a String
READ: Worksheet: 'CE_PL', Cell 'A5', Converting to a String
READ: Worksheet: 'CE_PL', Cell 'H5', Converting to a String
READ: Worksheet: 'CE_PL', Cell 'G5', Converting to a String
READ: Worksheet: 'CE_PL', Cell 'E5', Converting to a String
READ: Worksheet: 'CE_PL', Cell 'D5', Converting to a String
READ: Worksheet: 'CE_PL', Cell 'C5', Converting to a String
READ: Worksheet: 'CE_PL', Cell 'B5', Converting to a String
READ: Worksheet: 'CE_PL', Cell 'A5', Converting to a String
READ: Worksheet: 'CE_PL', Cell 'K5', Converting to a String
READ: Worksheet: 'CE_PL', Cell 'J5', Converting to a String
READ: Worksheet: 'CE_PL', Cell 'L5', Converting to a String
READ: Worksheet: 'CE_PL', Cell 'F5', Converting to a String
READ: Worksheet: 'CE_PL', Cell 'I5', Converting to a String
READ: Worksheet: 'CE_PL', Cell 'A6', Converting to a String
READ: Worksheet: 'CE_PL', Cell 'H6', Converting to a String
READ: Worksheet: 'CE_PL', Cell 'G6', Converting to a String
READ: Worksheet: 'CE_PL', Cell 'E6', Converting to a String
READ: Worksheet: 'CE_PL', Cell 'D6', Converting to a String
READ: Worksheet: 'CE_PL', Cell 'C6', Converting to a String
READ: Worksheet: 'CE_PL', Cell 'B6', Converting to a String
READ: Worksheet: 'CE_PL', Cell 'A6', Converting to a String
READ: Worksheet: 'CE_PL', Cell 'K6', Converting to a String
READ: Worksheet: 'CE_PL', Cell 'J6', Converting to a String
READ: Worksheet: 'CE_PL', Cell 'L6', Converting to a String
READ: Worksheet: 'CE_PL', Cell 'F6', Converting to a String
READ: Worksheet: 'CE_PL', Cell 'I6', Converting to a String
READ: Worksheet: 'CE_PL', Cell 'A7', Converting to a String
READ: Worksheet: 'SUMMARY', Cell 'M26', Converting to a String
READ: Worksheet: 'SUMMARY', Cell 'N26', Converting to a String
READ: Worksheet: 'SUMMARY', Cell 'O26', Converting to a String
READ: Worksheet: 'CoverPage', Cell 'B3', Converting to a String
READ: Worksheet: 'SUMMARY', Cell 'K26', Converting to a String
READ: Worksheet: 'SUMMARY', Cell 'C26', Converting to a String
READ: Worksheet: 'SUMMARY', Cell 'D26', Converting to a String
READ: Worksheet: 'SUMMARY', Cell 'L26', Converting to a String
READ: Worksheet: 'SUMMARY', Cell 'E26', Converting to a String
READ: Worksheet: 'SUMMARY', Cell 'G26', Converting to a String
READ: Worksheet: 'SUMMARY', Cell 'F26', Converting to a String
READ: Worksheet: 'SUMMARY', Cell 'H26', Converting to a String
READ: Worksheet: 'SUMMARY', Cell 'J26', Converting to a String
READ: Worksheet: 'SUMMARY', Cell 'I26', Converting to a String
READ: Worksheet: 'CE_PY', Cell 'A2', Converting to a String
READ: Worksheet: 'CE_PY', Cell 'H2', Converting to a String
READ: Worksheet: 'CE_PY', Cell 'G2', Converting to a String
READ: Worksheet: 'CE_PY', Cell 'E2', Converting to a String
READ: Worksheet: 'CE_PY', Cell 'D2', Converting to a String
READ: Worksheet: 'CE_PY', Cell 'C2', Converting to a String
READ: Worksheet: 'CE_PY', Cell 'B2', Converting to a String
READ: Worksheet: 'CE_PY', Cell 'A2', Converting to a String
READ: Worksheet: 'CE_PY', Cell 'K2', Converting to a String
READ: Worksheet: 'CE_PY', Cell 'J2', Converting to a String
READ: Worksheet: 'CE_PY', Cell 'L2', Converting to a String
READ: Worksheet: 'CE_PY', Cell 'F2', Converting to a String
READ: Worksheet: 'CE_PY', Cell 'I2', Converting to a String
READ: Worksheet: 'CE_PY', Cell 'A3', Converting to a String
READ: Worksheet: 'SUMMARY', Cell 'M27', Converting to a String
READ: Worksheet: 'SUMMARY', Cell 'N27', Converting to a String
READ: Worksheet: 'SUMMARY', Cell 'O27', Converting to a String
READ: Worksheet: 'CoverPage', Cell 'B3', Converting to a String
READ: Worksheet: 'SUMMARY', Cell 'K27', Converting to a String
READ: Worksheet: 'SUMMARY', Cell 'C27', Converting to a String
READ: Worksheet: 'SUMMARY', Cell 'D27', Converting to a String
READ: Worksheet: 'SUMMARY', Cell 'L27', Converting to a String
READ: Worksheet: 'SUMMARY', Cell 'E27', Converting to a String
READ: Worksheet: 'SUMMARY', Cell 'G27', Converting to a String
READ: Worksheet: 'SUMMARY', Cell 'F27', Converting to a String
READ: Worksheet: 'SUMMARY', Cell 'H27', Converting to a String
READ: Worksheet: 'SUMMARY', Cell 'J27', Converting to a String
READ: Worksheet: 'SUMMARY', Cell 'I27', Converting to a String
READ: Worksheet: 'CE_SE', Cell 'A2', Converting to a String
READ: Worksheet: 'CE_SE', Cell 'H2', Converting to a String
READ: Worksheet: 'CE_SE', Cell 'G2', Converting to a String
READ: Worksheet: 'CE_SE', Cell 'E2', Converting to a String
READ: Worksheet: 'CE_SE', Cell 'D2', Converting to a String
READ: Worksheet: 'CE_SE', Cell 'C2', Converting to a String
READ: Worksheet: 'CE_SE', Cell 'B2', Converting to a String
READ: Worksheet: 'CE_SE', Cell 'A2', Converting to a String
READ: Worksheet: 'CE_SE', Cell 'K2', Converting to a String
READ: Worksheet: 'CE_SE', Cell 'J2', Converting to a String
READ: Worksheet: 'CE_SE', Cell 'L2', Converting to a String
READ: Worksheet: 'CE_SE', Cell 'F2', Converting to a String
READ: Worksheet: 'CE_SE', Cell 'I2', Converting to a String
READ: Worksheet: 'CE_SE', Cell 'A3', Converting to a String
READ: Worksheet: 'CE_SE', Cell 'H3', Converting to a String
READ: Worksheet: 'CE_SE', Cell 'G3', Converting to a String
READ: Worksheet: 'CE_SE', Cell 'E3', Converting to a String
READ: Worksheet: 'CE_SE', Cell 'D3', Converting to a String
READ: Worksheet: 'CE_SE', Cell 'C3', Converting to a String
READ: Worksheet: 'CE_SE', Cell 'B3', Converting to a String
READ: Worksheet: 'CE_SE', Cell 'A3', Converting to a String
READ: Worksheet: 'CE_SE', Cell 'K3', Converting to a String
READ: Worksheet: 'CE_SE', Cell 'J3', Converting to a String
READ: Worksheet: 'CE_SE', Cell 'L3', Converting to a String
READ: Worksheet: 'CE_SE', Cell 'F3', Converting to a String
READ: Worksheet: 'CE_SE', Cell 'I3', Converting to a String
READ: Worksheet: 'CE_SE', Cell 'A4', Converting to a String
READ: Worksheet: 'SUMMARY', Cell 'M28', Converting to a String
READ: Worksheet: 'SUMMARY', Cell 'N28', Converting to a String
READ: Worksheet: 'SUMMARY', Cell 'O28', Converting to a String
READ: Worksheet: 'CoverPage', Cell 'B3', Converting to a String
READ: Worksheet: 'SUMMARY', Cell 'K28', Converting to a String
READ: Worksheet: 'SUMMARY', Cell 'C28', Converting to a String
READ: Worksheet: 'SUMMARY', Cell 'D28', Converting to a String
READ: Worksheet: 'SUMMARY', Cell 'L28', Converting to a String
READ: Worksheet: 'SUMMARY', Cell 'E28', Converting to a String
READ: Worksheet: 'SUMMARY', Cell 'G28', Converting to a String
READ: Worksheet: 'SUMMARY', Cell 'F28', Converting to a String
READ: Worksheet: 'SUMMARY', Cell 'H28', Converting to a String
READ: Worksheet: 'SUMMARY', Cell 'J28', Converting to a String
READ: Worksheet: 'SUMMARY', Cell 'I28', Converting to a String
READ: Worksheet: 'CE_SZ', Cell 'A2', Converting to a String
READ: Worksheet: 'CE_SZ', Cell 'H2', Converting to a String
READ: Worksheet: 'CE_SZ', Cell 'G2', Converting to a String
READ: Worksheet: 'CE_SZ', Cell 'E2', Converting to a String
READ: Worksheet: 'CE_SZ', Cell 'D2', Converting to a String
READ: Worksheet: 'CE_SZ', Cell 'C2', Converting to a String
READ: Worksheet: 'CE_SZ', Cell 'B2', Converting to a String
READ: Worksheet: 'CE_SZ', Cell 'A2', Converting to a String
READ: Worksheet: 'CE_SZ', Cell 'K2', Converting to a String
READ: Worksheet: 'CE_SZ', Cell 'J2', Converting to a String
READ: Worksheet: 'CE_SZ', Cell 'L2', Converting to a String
READ: Worksheet: 'CE_SZ', Cell 'F2', Converting to a String
READ: Worksheet: 'CE_SZ', Cell 'I2', Converting to a String
READ: Worksheet: 'CE_SZ', Cell 'A3', Converting to a String
READ: Worksheet: 'CE_SZ', Cell 'H3', Converting to a String
READ: Worksheet: 'CE_SZ', Cell 'G3', Converting to a String
READ: Worksheet: 'CE_SZ', Cell 'E3', Converting to a String
READ: Worksheet: 'CE_SZ', Cell 'D3', Converting to a String
READ: Worksheet: 'CE_SZ', Cell 'C3', Converting to a String
READ: Worksheet: 'CE_SZ', Cell 'B3', Converting to a String
READ: Worksheet: 'CE_SZ', Cell 'A3', Converting to a String
READ: Worksheet: 'CE_SZ', Cell 'K3', Converting to a String
READ: Worksheet: 'CE_SZ', Cell 'J3', Converting to a String
READ: Worksheet: 'CE_SZ', Cell 'L3', Converting to a String
READ: Worksheet: 'CE_SZ', Cell 'F3', Converting to a String
READ: Worksheet: 'CE_SZ', Cell 'I3', Converting to a String
READ: Worksheet: 'CE_SZ', Cell 'A4', Converting to a String
READ: Worksheet: 'CE_SZ', Cell 'H4', Converting to a String
READ: Worksheet: 'CE_SZ', Cell 'G4', Converting to a String
READ: Worksheet: 'CE_SZ', Cell 'E4', Converting to a String
READ: Worksheet: 'CE_SZ', Cell 'D4', Converting to a String
READ: Worksheet: 'CE_SZ', Cell 'C4', Converting to a String
READ: Worksheet: 'CE_SZ', Cell 'B4', Converting to a String
READ: Worksheet: 'CE_SZ', Cell 'A4', Converting to a String
READ: Worksheet: 'CE_SZ', Cell 'K4', Converting to a String
READ: Worksheet: 'CE_SZ', Cell 'J4', Converting to a String
READ: Worksheet: 'CE_SZ', Cell 'L4', Converting to a String
READ: Worksheet: 'CE_SZ', Cell 'F4', Converting to a String
READ: Worksheet: 'CE_SZ', Cell 'I4', Converting to a String
READ: Worksheet: 'CE_SZ', Cell 'A5', Converting to a String
READ: Worksheet: 'CE_SZ', Cell 'H5', Converting to a String
READ: Worksheet: 'CE_SZ', Cell 'G5', Converting to a String
READ: Worksheet: 'CE_SZ', Cell 'E5', Converting to a String
READ: Worksheet: 'CE_SZ', Cell 'D5', Converting to a String
READ: Worksheet: 'CE_SZ', Cell 'C5', Converting to a String
READ: Worksheet: 'CE_SZ', Cell 'B5', Converting to a String
READ: Worksheet: 'CE_SZ', Cell 'A5', Converting to a String
READ: Worksheet: 'CE_SZ', Cell 'K5', Converting to a String
READ: Worksheet: 'CE_SZ', Cell 'J5', Converting to a String
READ: Worksheet: 'CE_SZ', Cell 'L5', Converting to a String
READ: Worksheet: 'CE_SZ', Cell 'F5', Converting to a String
READ: Worksheet: 'CE_SZ', Cell 'I5', Converting to a String
READ: Worksheet: 'CE_SZ', Cell 'A6', Converting to a String
READ: Worksheet: 'SUMMARY', Cell 'M29', Converting to a String
READ: Worksheet: 'SUMMARY', Cell 'N29', Converting to a String
READ: Worksheet: 'SUMMARY', Cell 'O29', Converting to a String
READ: Worksheet: 'CoverPage', Cell 'B3', Converting to a String
READ: Worksheet: 'SUMMARY', Cell 'K29', Converting to a String
READ: Worksheet: 'SUMMARY', Cell 'C29', Converting to a String
READ: Worksheet: 'SUMMARY', Cell 'D29', Converting to a String
READ: Worksheet: 'SUMMARY', Cell 'L29', Converting to a String
READ: Worksheet: 'SUMMARY', Cell 'E29', Converting to a String
READ: Worksheet: 'SUMMARY', Cell 'G29', Converting to a String
READ: Worksheet: 'SUMMARY', Cell 'F29', Converting to a String
READ: Worksheet: 'SUMMARY', Cell 'H29', Converting to a String
READ: Worksheet: 'SUMMARY', Cell 'J29', Converting to a String
READ: Worksheet: 'SUMMARY', Cell 'I29', Converting to a String
READ: Worksheet: 'CE_US', Cell 'A2', Converting to a String
READ: Worksheet: 'CE_US', Cell 'H2', Converting to a String
READ: Worksheet: 'CE_US', Cell 'G2', Converting to a String
READ: Worksheet: 'CE_US', Cell 'E2', Converting to a String
READ: Worksheet: 'CE_US', Cell 'D2', Converting to a String
READ: Worksheet: 'CE_US', Cell 'C2', Converting to a String
READ: Worksheet: 'CE_US', Cell 'B2', Converting to a String
READ: Worksheet: 'CE_US', Cell 'A2', Converting to a String
READ: Worksheet: 'CE_US', Cell 'K2', Converting to a String
READ: Worksheet: 'CE_US', Cell 'J2', Converting to a String
READ: Worksheet: 'CE_US', Cell 'L2', Converting to a String
READ: Worksheet: 'CE_US', Cell 'F2', Converting to a String
READ: Worksheet: 'CE_US', Cell 'I2', Converting to a String
READ: Worksheet: 'CE_US', Cell 'A3', Converting to a String
READ: Worksheet: 'CE_US', Cell 'H3', Converting to a String
READ: Worksheet: 'CE_US', Cell 'G3', Converting to a String
READ: Worksheet: 'CE_US', Cell 'E3', Converting to a String
READ: Worksheet: 'CE_US', Cell 'D3', Converting to a String
READ: Worksheet: 'CE_US', Cell 'C3', Converting to a String
READ: Worksheet: 'CE_US', Cell 'B3', Converting to a String
READ: Worksheet: 'CE_US', Cell 'A3', Converting to a String
READ: Worksheet: 'CE_US', Cell 'K3', Converting to a String
READ: Worksheet: 'CE_US', Cell 'J3', Converting to a String
READ: Worksheet: 'CE_US', Cell 'L3', Converting to a String
READ: Worksheet: 'CE_US', Cell 'F3', Converting to a String
READ: Worksheet: 'CE_US', Cell 'I3', Converting to a String
READ: Worksheet: 'CE_US', Cell 'A4', Converting to a String
READ: Worksheet: 'CE_US', Cell 'H4', Converting to a String
READ: Worksheet: 'CE_US', Cell 'G4', Converting to a String
READ: Worksheet: 'CE_US', Cell 'E4', Converting to a String
READ: Worksheet: 'CE_US', Cell 'D4', Converting to a String
READ: Worksheet: 'CE_US', Cell 'C4', Converting to a String
READ: Worksheet: 'CE_US', Cell 'B4', Converting to a String
READ: Worksheet: 'CE_US', Cell 'A4', Converting to a String
READ: Worksheet: 'CE_US', Cell 'K4', Converting to a String
READ: Worksheet: 'CE_US', Cell 'J4', Converting to a String
READ: Worksheet: 'CE_US', Cell 'L4', Converting to a String
READ: Worksheet: 'CE_US', Cell 'F4', Converting to a String
READ: Worksheet: 'CE_US', Cell 'I4', Converting to a String
READ: Worksheet: 'CE_US', Cell 'A5', Converting to a String
READ: Worksheet: 'CE_US', Cell 'H5', Converting to a String
READ: Worksheet: 'CE_US', Cell 'G5', Converting to a String
READ: Worksheet: 'CE_US', Cell 'E5', Converting to a String
READ: Worksheet: 'CE_US', Cell 'D5', Converting to a String
READ: Worksheet: 'CE_US', Cell 'C5', Converting to a String
READ: Worksheet: 'CE_US', Cell 'B5', Converting to a String
READ: Worksheet: 'CE_US', Cell 'A5', Converting to a String
READ: Worksheet: 'CE_US', Cell 'K5', Converting to a String
READ: Worksheet: 'CE_US', Cell 'J5', Converting to a String
READ: Worksheet: 'CE_US', Cell 'L5', Converting to a String
READ: Worksheet: 'CE_US', Cell 'F5', Converting to a String
READ: Worksheet: 'CE_US', Cell 'I5', Converting to a String
READ: Worksheet: 'CE_US', Cell 'A6', Converting to a String
READ: Worksheet: 'CE_US', Cell 'H6', Converting to a String
READ: Worksheet: 'CE_US', Cell 'G6', Converting to a String
READ: Worksheet: 'CE_US', Cell 'E6', Converting to a String
READ: Worksheet: 'CE_US', Cell 'D6', Converting to a String
READ: Worksheet: 'CE_US', Cell 'C6', Converting to a String
READ: Worksheet: 'CE_US', Cell 'B6', Converting to a String
READ: Worksheet: 'CE_US', Cell 'A6', Converting to a String
READ: Worksheet: 'CE_US', Cell 'K6', Converting to a String
READ: Worksheet: 'CE_US', Cell 'J6', Converting to a String
READ: Worksheet: 'CE_US', Cell 'L6', Converting to a String
READ: Worksheet: 'CE_US', Cell 'F6', Converting to a String
READ: Worksheet: 'CE_US', Cell 'I6', Converting to a String
READ: Worksheet: 'CE_US', Cell 'A7', Converting to a String
READ: Worksheet: 'SUMMARY', Cell 'M30', Converting to a String
READ: Worksheet: 'SUMMARY', Cell 'N30', Converting to a String
READ: Worksheet: 'SUMMARY', Cell 'O30', Converting to a String
READ: Worksheet: 'CoverPage', Cell 'B3', Converting to a String
READ: Worksheet: 'SUMMARY', Cell 'K30', Converting to a String
READ: Worksheet: 'SUMMARY', Cell 'C30', Converting to a String
READ: Worksheet: 'SUMMARY', Cell 'D30', Converting to a String
READ: Worksheet: 'SUMMARY', Cell 'L30', Converting to a String
READ: Worksheet: 'SUMMARY', Cell 'E30', Converting to a String
READ: Worksheet: 'SUMMARY', Cell 'G30', Converting to a String
READ: Worksheet: 'SUMMARY', Cell 'F30', Converting to a String
READ: Worksheet: 'SUMMARY', Cell 'H30', Converting to a String
READ: Worksheet: 'SUMMARY', Cell 'J30', Converting to a String
READ: Worksheet: 'SUMMARY', Cell 'I30', Converting to a String
READ: Worksheet: 'CE_ZA', Cell 'A2', Converting to a String
READ: Worksheet: 'CE_ZA', Cell 'H2', Converting to a String
READ: Worksheet: 'CE_ZA', Cell 'G2', Converting to a String
READ: Worksheet: 'CE_ZA', Cell 'E2', Converting to a String
READ: Worksheet: 'CE_ZA', Cell 'D2', Converting to a String
READ: Worksheet: 'CE_ZA', Cell 'C2', Converting to a String
READ: Worksheet: 'CE_ZA', Cell 'B2', Converting to a String
READ: Worksheet: 'CE_ZA', Cell 'A2', Converting to a String
READ: Worksheet: 'CE_ZA', Cell 'K2', Converting to a String
READ: Worksheet: 'CE_ZA', Cell 'J2', Converting to a String
READ: Worksheet: 'CE_ZA', Cell 'L2', Converting to a String
READ: Worksheet: 'CE_ZA', Cell 'F2', Converting to a String
READ: Worksheet: 'CE_ZA', Cell 'I2', Converting to a String
READ: Worksheet: 'CE_ZA', Cell 'A3', Converting to a String
READ: Worksheet: 'CE_ZA', Cell 'H3', Converting to a String
READ: Worksheet: 'CE_ZA', Cell 'G3', Converting to a String
READ: Worksheet: 'CE_ZA', Cell 'E3', Converting to a String
READ: Worksheet: 'CE_ZA', Cell 'D3', Converting to a String
READ: Worksheet: 'CE_ZA', Cell 'C3', Converting to a String
READ: Worksheet: 'CE_ZA', Cell 'B3', Converting to a String
READ: Worksheet: 'CE_ZA', Cell 'A3', Converting to a String
READ: Worksheet: 'CE_ZA', Cell 'K3', Converting to a String
READ: Worksheet: 'CE_ZA', Cell 'J3', Converting to a String
READ: Worksheet: 'CE_ZA', Cell 'L3', Converting to a String
READ: Worksheet: 'CE_ZA', Cell 'F3', Converting to a String
READ: Worksheet: 'CE_ZA', Cell 'I3', Converting to a String
READ: Worksheet: 'CE_ZA', Cell 'A4', Converting to a String
READ: Worksheet: 'CE_ZA', Cell 'H4', Converting to a String
READ: Worksheet: 'CE_ZA', Cell 'G4', Converting to a String
READ: Worksheet: 'CE_ZA', Cell 'E4', Converting to a String
READ: Worksheet: 'CE_ZA', Cell 'D4', Converting to a String
READ: Worksheet: 'CE_ZA', Cell 'C4', Converting to a String
READ: Worksheet: 'CE_ZA', Cell 'B4', Converting to a String
READ: Worksheet: 'CE_ZA', Cell 'A4', Converting to a String
READ: Worksheet: 'CE_ZA', Cell 'K4', Converting to a String
READ: Worksheet: 'CE_ZA', Cell 'J4', Converting to a String
READ: Worksheet: 'CE_ZA', Cell 'L4', Converting to a String
READ: Worksheet: 'CE_ZA', Cell 'F4', Converting to a String
READ: Worksheet: 'CE_ZA', Cell 'I4', Converting to a String
READ: Worksheet: 'CE_ZA', Cell 'A5', Converting to a String
READ: Worksheet: 'CE_ZA', Cell 'H5', Converting to a String
READ: Worksheet: 'CE_ZA', Cell 'G5', Converting to a String
READ: Worksheet: 'CE_ZA', Cell 'E5', Converting to a String
READ: Worksheet: 'CE_ZA', Cell 'D5', Converting to a String
READ: Worksheet: 'CE_ZA', Cell 'C5', Converting to a String
READ: Worksheet: 'CE_ZA', Cell 'B5', Converting to a String
READ: Worksheet: 'CE_ZA', Cell 'A5', Converting to a String
READ: Worksheet: 'CE_ZA', Cell 'K5', Converting to a String
READ: Worksheet: 'CE_ZA', Cell 'J5', Converting to a String
READ: Worksheet: 'CE_ZA', Cell 'L5', Converting to a String
READ: Worksheet: 'CE_ZA', Cell 'F5', Converting to a String
READ: Worksheet: 'CE_ZA', Cell 'I5', Converting to a String
READ: Worksheet: 'CE_ZA', Cell 'A6', Converting to a String
READ: Worksheet: 'CE_ZA', Cell 'H6', Converting to a String
READ: Worksheet: 'CE_ZA', Cell 'G6', Converting to a String
READ: Worksheet: 'CE_ZA', Cell 'E6', Converting to a String
READ: Worksheet: 'CE_ZA', Cell 'D6', Converting to a String
READ: Worksheet: 'CE_ZA', Cell 'C6', Converting to a String
READ: Worksheet: 'CE_ZA', Cell 'B6', Converting to a String
READ: Worksheet: 'CE_ZA', Cell 'A6', Converting to a String
READ: Worksheet: 'CE_ZA', Cell 'K6', Converting to a String
READ: Worksheet: 'CE_ZA', Cell 'J6', Converting to a String
READ: Worksheet: 'CE_ZA', Cell 'L6', Converting to a String
READ: Worksheet: 'CE_ZA', Cell 'F6', Converting to a String
READ: Worksheet: 'CE_ZA', Cell 'I6', Converting to a String
READ: Worksheet: 'CE_ZA', Cell 'A7', Converting to a String
READ: Worksheet: 'CE_ZA', Cell 'H7', Converting to a String
READ: Worksheet: 'CE_ZA', Cell 'G7', Converting to a String
READ: Worksheet: 'CE_ZA', Cell 'E7', Converting to a String
READ: Worksheet: 'CE_ZA', Cell 'D7', Converting to a String
READ: Worksheet: 'CE_ZA', Cell 'C7', Converting to a String
READ: Worksheet: 'CE_ZA', Cell 'B7', Converting to a String
READ: Worksheet: 'CE_ZA', Cell 'A7', Converting to a String
READ: Worksheet: 'CE_ZA', Cell 'K7', Converting to a String
READ: Worksheet: 'CE_ZA', Cell 'J7', Converting to a String
READ: Worksheet: 'CE_ZA', Cell 'L7', Converting to a String
READ: Worksheet: 'CE_ZA', Cell 'F7', Converting to a String
READ: Worksheet: 'CE_ZA', Cell 'I7', Converting to a String
READ: Worksheet: 'CE_ZA', Cell 'A8', Converting to a String
READ: Worksheet: 'CE_ZA', Cell 'H8', Converting to a String
READ: Worksheet: 'CE_ZA', Cell 'G8', Converting to a String
READ: Worksheet: 'CE_ZA', Cell 'E8', Converting to a String
READ: Worksheet: 'CE_ZA', Cell 'D8', Converting to a String
READ: Worksheet: 'CE_ZA', Cell 'C8', Converting to a String
READ: Worksheet: 'CE_ZA', Cell 'B8', Converting to a String
READ: Worksheet: 'CE_ZA', Cell 'A8', Converting to a String
READ: Worksheet: 'CE_ZA', Cell 'K8', Converting to a String
READ: Worksheet: 'CE_ZA', Cell 'J8', Converting to a String
READ: Worksheet: 'CE_ZA', Cell 'L8', Converting to a String
READ: Worksheet: 'CE_ZA', Cell 'F8', Converting to a String
READ: Worksheet: 'CE_ZA', Cell 'I8', Converting to a String
READ: Worksheet: 'CE_ZA', Cell 'A9', Converting to a String
READ: Worksheet: 'CE_ZA', Cell 'H9', Converting to a String
READ: Worksheet: 'CE_ZA', Cell 'G9', Converting to a String
READ: Worksheet: 'CE_ZA', Cell 'E9', Converting to a String
READ: Worksheet: 'CE_ZA', Cell 'D9', Converting to a String
READ: Worksheet: 'CE_ZA', Cell 'C9', Converting to a String
READ: Worksheet: 'CE_ZA', Cell 'B9', Converting to a String
READ: Worksheet: 'CE_ZA', Cell 'A9', Converting to a String
READ: Worksheet: 'CE_ZA', Cell 'K9', Converting to a String
READ: Worksheet: 'CE_ZA', Cell 'J9', Converting to a String
READ: Worksheet: 'CE_ZA', Cell 'L9', Converting to a String
READ: Worksheet: 'CE_ZA', Cell 'F9', Converting to a String
READ: Worksheet: 'CE_ZA', Cell 'I9', Converting to a String
READ: Worksheet: 'CE_ZA', Cell 'A10', Converting to a String
READ: Worksheet: 'CE_ZA', Cell 'H10', Converting to a String
READ: Worksheet: 'CE_ZA', Cell 'G10', Converting to a String
READ: Worksheet: 'CE_ZA', Cell 'E10', Converting to a String
READ: Worksheet: 'CE_ZA', Cell 'D10', Converting to a String
READ: Worksheet: 'CE_ZA', Cell 'C10', Converting to a String
READ: Worksheet: 'CE_ZA', Cell 'B10', Converting to a String
READ: Worksheet: 'CE_ZA', Cell 'A10', Converting to a String
READ: Worksheet: 'CE_ZA', Cell 'K10', Converting to a String
READ: Worksheet: 'CE_ZA', Cell 'J10', Converting to a String
READ: Worksheet: 'CE_ZA', Cell 'L10', Converting to a String
READ: Worksheet: 'CE_ZA', Cell 'F10', Converting to a String
READ: Worksheet: 'CE_ZA', Cell 'I10', Converting to a String
READ: Worksheet: 'CE_ZA', Cell 'A11', Converting to a String
READ: Worksheet: 'CE_ZA', Cell 'H11', Converting to a String
READ: Worksheet: 'CE_ZA', Cell 'G11', Converting to a String
READ: Worksheet: 'CE_ZA', Cell 'E11', Converting to a String
READ: Worksheet: 'CE_ZA', Cell 'D11', Converting to a String
READ: Worksheet: 'CE_ZA', Cell 'C11', Converting to a String
READ: Worksheet: 'CE_ZA', Cell 'B11', Converting to a String
READ: Worksheet: 'CE_ZA', Cell 'A11', Converting to a String
READ: Worksheet: 'CE_ZA', Cell 'K11', Converting to a String
READ: Worksheet: 'CE_ZA', Cell 'J11', Converting to a String
READ: Worksheet: 'CE_ZA', Cell 'L11', Converting to a String
READ: Worksheet: 'CE_ZA', Cell 'F11', Converting to a String
READ: Worksheet: 'CE_ZA', Cell 'I11', Converting to a String
READ: Worksheet: 'CE_ZA', Cell 'A12', Converting to a String
READ: Worksheet: 'CE_ZA', Cell 'H12', Converting to a String
READ: Worksheet: 'CE_ZA', Cell 'G12', Converting to a String
READ: Worksheet: 'CE_ZA', Cell 'E12', Converting to a String
READ: Worksheet: 'CE_ZA', Cell 'D12', Converting to a String
READ: Worksheet: 'CE_ZA', Cell 'C12', Converting to a String
READ: Worksheet: 'CE_ZA', Cell 'B12', Converting to a String
READ: Worksheet: 'CE_ZA', Cell 'A12', Converting to a String
READ: Worksheet: 'CE_ZA', Cell 'K12', Converting to a String
READ: Worksheet: 'CE_ZA', Cell 'J12', Converting to a String
READ: Worksheet: 'CE_ZA', Cell 'L12', Converting to a String
READ: Worksheet: 'CE_ZA', Cell 'F12', Converting to a String
READ: Worksheet: 'CE_ZA', Cell 'I12', Converting to a String
READ: Worksheet: 'CE_ZA', Cell 'A13', Converting to a String
READ: Worksheet: 'CE_ZA', Cell 'H13', Converting to a String
READ: Worksheet: 'CE_ZA', Cell 'G13', Converting to a String
READ: Worksheet: 'CE_ZA', Cell 'E13', Converting to a String
READ: Worksheet: 'CE_ZA', Cell 'D13', Converting to a String
READ: Worksheet: 'CE_ZA', Cell 'C13', Converting to a String
READ: Worksheet: 'CE_ZA', Cell 'B13', Converting to a String
READ: Worksheet: 'CE_ZA', Cell 'A13', Converting to a String
READ: Worksheet: 'CE_ZA', Cell 'K13', Converting to a String
READ: Worksheet: 'CE_ZA', Cell 'J13', Converting to a String
READ: Worksheet: 'CE_ZA', Cell 'L13', Converting to a String
READ: Worksheet: 'CE_ZA', Cell 'F13', Converting to a String
READ: Worksheet: 'CE_ZA', Cell 'I13', Converting to a String
READ: Worksheet: 'CE_ZA', Cell 'A14', Converting to a String
READ: Worksheet: 'CE_ZA', Cell 'H14', Converting to a String
READ: Worksheet: 'CE_ZA', Cell 'G14', Converting to a String
READ: Worksheet: 'CE_ZA', Cell 'E14', Converting to a String
READ: Worksheet: 'CE_ZA', Cell 'D14', Converting to a String
READ: Worksheet: 'CE_ZA', Cell 'C14', Converting to a String
READ: Worksheet: 'CE_ZA', Cell 'B14', Converting to a String
READ: Worksheet: 'CE_ZA', Cell 'A14', Converting to a String
READ: Worksheet: 'CE_ZA', Cell 'K14', Converting to a String
READ: Worksheet: 'CE_ZA', Cell 'J14', Converting to a String
READ: Worksheet: 'CE_ZA', Cell 'L14', Converting to a String
READ: Worksheet: 'CE_ZA', Cell 'F14', Converting to a String
READ: Worksheet: 'CE_ZA', Cell 'I14', Converting to a String
READ: Worksheet: 'CE_ZA', Cell 'A15', Converting to a String
READ: Worksheet: 'CE_ZA', Cell 'H15', Converting to a String
READ: Worksheet: 'CE_ZA', Cell 'G15', Converting to a String
READ: Worksheet: 'CE_ZA', Cell 'E15', Converting to a String
READ: Worksheet: 'CE_ZA', Cell 'D15', Converting to a String
READ: Worksheet: 'CE_ZA', Cell 'C15', Converting to a String
READ: Worksheet: 'CE_ZA', Cell 'B15', Converting to a String
READ: Worksheet: 'CE_ZA', Cell 'A15', Converting to a String
READ: Worksheet: 'CE_ZA', Cell 'K15', Converting to a String
READ: Worksheet: 'CE_ZA', Cell 'J15', Converting to a String
READ: Worksheet: 'CE_ZA', Cell 'L15', Converting to a String
READ: Worksheet: 'CE_ZA', Cell 'F15', Converting to a String
READ: Worksheet: 'CE_ZA', Cell 'I15', Converting to a String
READ: Worksheet: 'CE_ZA', Cell 'A16', Converting to a String
READ: Worksheet: 'CE_ZA', Cell 'H16', Converting to a String
READ: Worksheet: 'CE_ZA', Cell 'G16', Converting to a String
READ: Worksheet: 'CE_ZA', Cell 'E16', Converting to a String
READ: Worksheet: 'CE_ZA', Cell 'D16', Converting to a String
READ: Worksheet: 'CE_ZA', Cell 'C16', Converting to a String
READ: Worksheet: 'CE_ZA', Cell 'B16', Converting to a String
READ: Worksheet: 'CE_ZA', Cell 'A16', Converting to a String
READ: Worksheet: 'CE_ZA', Cell 'K16', Converting to a String
READ: Worksheet: 'CE_ZA', Cell 'J16', Converting to a String
READ: Worksheet: 'CE_ZA', Cell 'L16', Converting to a String
READ: Worksheet: 'CE_ZA', Cell 'F16', Converting to a String
READ: Worksheet: 'CE_ZA', Cell 'I16', Converting to a String
READ: Worksheet: 'CE_ZA', Cell 'A17', Converting to a String
READ: Worksheet: 'CE_ZA', Cell 'H17', Converting to a String
READ: Worksheet: 'CE_ZA', Cell 'G17', Converting to a String
READ: Worksheet: 'CE_ZA', Cell 'E17', Converting to a String
READ: Worksheet: 'CE_ZA', Cell 'D17', Converting to a String
READ: Worksheet: 'CE_ZA', Cell 'C17', Converting to a String
READ: Worksheet: 'CE_ZA', Cell 'B17', Converting to a String
READ: Worksheet: 'CE_ZA', Cell 'A17', Converting to a String
READ: Worksheet: 'CE_ZA', Cell 'K17', Converting to a String
READ: Worksheet: 'CE_ZA', Cell 'J17', Converting to a String
READ: Worksheet: 'CE_ZA', Cell 'L17', Converting to a String
READ: Worksheet: 'CE_ZA', Cell 'F17', Converting to a String
READ: Worksheet: 'CE_ZA', Cell 'I17', Converting to a String
READ: Worksheet: 'CE_ZA', Cell 'A18', Converting to a String
READ: Worksheet: 'CE_ZA', Cell 'H18', Converting to a String
READ: Worksheet: 'CE_ZA', Cell 'G18', Converting to a String
READ: Worksheet: 'CE_ZA', Cell 'E18', Converting to a String
READ: Worksheet: 'CE_ZA', Cell 'D18', Converting to a String
READ: Worksheet: 'CE_ZA', Cell 'C18', Converting to a String
READ: Worksheet: 'CE_ZA', Cell 'B18', Converting to a String
READ: Worksheet: 'CE_ZA', Cell 'A18', Converting to a String
READ: Worksheet: 'CE_ZA', Cell 'K18', Converting to a String
READ: Worksheet: 'CE_ZA', Cell 'J18', Converting to a String
READ: Worksheet: 'CE_ZA', Cell 'L18', Converting to a String
READ: Worksheet: 'CE_ZA', Cell 'F18', Converting to a String
READ: Worksheet: 'CE_ZA', Cell 'I18', Converting to a String
READ: Worksheet: 'CE_ZA', Cell 'A19', Converting to a String
READ: Worksheet: 'CE_ZA', Cell 'H19', Converting to a String
READ: Worksheet: 'CE_ZA', Cell 'G19', Converting to a String
READ: Worksheet: 'CE_ZA', Cell 'E19', Converting to a String
READ: Worksheet: 'CE_ZA', Cell 'D19', Converting to a String
READ: Worksheet: 'CE_ZA', Cell 'C19', Converting to a String
READ: Worksheet: 'CE_ZA', Cell 'B19', Converting to a String
READ: Worksheet: 'CE_ZA', Cell 'A19', Converting to a String
READ: Worksheet: 'CE_ZA', Cell 'K19', Converting to a String
READ: Worksheet: 'CE_ZA', Cell 'J19', Converting to a String
READ: Worksheet: 'CE_ZA', Cell 'L19', Converting to a String
READ: Worksheet: 'CE_ZA', Cell 'F19', Converting to a String
READ: Worksheet: 'CE_ZA', Cell 'I19', Converting to a String
READ: Worksheet: 'CE_ZA', Cell 'A20', Converting to a String
READ: Worksheet: 'CE_ZA', Cell 'H20', Converting to a String
READ: Worksheet: 'CE_ZA', Cell 'G20', Converting to a String
READ: Worksheet: 'CE_ZA', Cell 'E20', Converting to a String
READ: Worksheet: 'CE_ZA', Cell 'D20', Converting to a String
READ: Worksheet: 'CE_ZA', Cell 'C20', Converting to a String
READ: Worksheet: 'CE_ZA', Cell 'B20', Converting to a String
READ: Worksheet: 'CE_ZA', Cell 'A20', Converting to a String
READ: Worksheet: 'CE_ZA', Cell 'K20', Converting to a String
READ: Worksheet: 'CE_ZA', Cell 'J20', Converting to a String
READ: Worksheet: 'CE_ZA', Cell 'L20', Converting to a String
READ: Worksheet: 'CE_ZA', Cell 'F20', Converting to a String
READ: Worksheet: 'CE_ZA', Cell 'I20', Converting to a String
READ: Worksheet: 'CE_ZA', Cell 'A21', Converting to a String
READ: Worksheet: 'CE_ZA', Cell 'H21', Converting to a String
READ: Worksheet: 'CE_ZA', Cell 'G21', Converting to a String
READ: Worksheet: 'CE_ZA', Cell 'E21', Converting to a String
READ: Worksheet: 'CE_ZA', Cell 'D21', Converting to a String
READ: Worksheet: 'CE_ZA', Cell 'C21', Converting to a String
READ: Worksheet: 'CE_ZA', Cell 'B21', Converting to a String
READ: Worksheet: 'CE_ZA', Cell 'A21', Converting to a String
READ: Worksheet: 'CE_ZA', Cell 'K21', Converting to a String
READ: Worksheet: 'CE_ZA', Cell 'J21', Converting to a String
READ: Worksheet: 'CE_ZA', Cell 'L21', Converting to a String
READ: Worksheet: 'CE_ZA', Cell 'F21', Converting to a String
READ: Worksheet: 'CE_ZA', Cell 'I21', Converting to a String
READ: Worksheet: 'CE_ZA', Cell 'A22', Converting to a String
READ: Worksheet: 'CE_ZA', Cell 'H22', Converting to a String
READ: Worksheet: 'CE_ZA', Cell 'G22', Converting to a String
READ: Worksheet: 'CE_ZA', Cell 'E22', Converting to a String
READ: Worksheet: 'CE_ZA', Cell 'D22', Converting to a String
READ: Worksheet: 'CE_ZA', Cell 'C22', Converting to a String
READ: Worksheet: 'CE_ZA', Cell 'B22', Converting to a String
READ: Worksheet: 'CE_ZA', Cell 'A22', Converting to a String
READ: Worksheet: 'CE_ZA', Cell 'K22', Converting to a String
READ: Worksheet: 'CE_ZA', Cell 'J22', Converting to a String
READ: Worksheet: 'CE_ZA', Cell 'L22', Converting to a String
READ: Worksheet: 'CE_ZA', Cell 'F22', Converting to a String
READ: Worksheet: 'CE_ZA', Cell 'I22', Converting to a String
READ: Worksheet: 'CE_ZA', Cell 'A23', Converting to a String
READ: Worksheet: 'CE_ZA', Cell 'H23', Converting to a String
READ: Worksheet: 'CE_ZA', Cell 'G23', Converting to a String
READ: Worksheet: 'CE_ZA', Cell 'E23', Converting to a String
READ: Worksheet: 'CE_ZA', Cell 'D23', Converting to a String
READ: Worksheet: 'CE_ZA', Cell 'C23', Converting to a String
READ: Worksheet: 'CE_ZA', Cell 'B23', Converting to a String
READ: Worksheet: 'CE_ZA', Cell 'A23', Converting to a String
READ: Worksheet: 'CE_ZA', Cell 'K23', Converting to a String
READ: Worksheet: 'CE_ZA', Cell 'J23', Converting to a String
READ: Worksheet: 'CE_ZA', Cell 'L23', Converting to a String
READ: Worksheet: 'CE_ZA', Cell 'F23', Converting to a String
READ: Worksheet: 'CE_ZA', Cell 'I23', Converting to a String
READ: Worksheet: 'CE_ZA', Cell 'A24', Converting to a String
READ: Worksheet: 'CE_ZA', Cell 'H24', Converting to a String
READ: Worksheet: 'CE_ZA', Cell 'G24', Converting to a String
READ: Worksheet: 'CE_ZA', Cell 'E24', Converting to a String
READ: Worksheet: 'CE_ZA', Cell 'D24', Converting to a String
READ: Worksheet: 'CE_ZA', Cell 'C24', Converting to a String
READ: Worksheet: 'CE_ZA', Cell 'B24', Converting to a String
READ: Worksheet: 'CE_ZA', Cell 'A24', Converting to a String
READ: Worksheet: 'CE_ZA', Cell 'K24', Converting to a String
READ: Worksheet: 'CE_ZA', Cell 'J24', Converting to a String
READ: Worksheet: 'CE_ZA', Cell 'L24', Converting to a String
READ: Worksheet: 'CE_ZA', Cell 'F24', Converting to a String
READ: Worksheet: 'CE_ZA', Cell 'I24', Converting to a String
READ: Worksheet: 'CE_ZA', Cell 'A25', Converting to a String
READ: Worksheet: 'CE_ZA', Cell 'H25', Converting to a String
READ: Worksheet: 'CE_ZA', Cell 'G25', Converting to a String
READ: Worksheet: 'CE_ZA', Cell 'E25', Converting to a String
READ: Worksheet: 'CE_ZA', Cell 'D25', Converting to a String
READ: Worksheet: 'CE_ZA', Cell 'C25', Converting to a String
READ: Worksheet: 'CE_ZA', Cell 'B25', Converting to a String
READ: Worksheet: 'CE_ZA', Cell 'A25', Converting to a String
READ: Worksheet: 'CE_ZA', Cell 'K25', Converting to a String
READ: Worksheet: 'CE_ZA', Cell 'J25', Converting to a String
READ: Worksheet: 'CE_ZA', Cell 'L25', Converting to a String
READ: Worksheet: 'CE_ZA', Cell 'F25', Converting to a String
READ: Worksheet: 'CE_ZA', Cell 'I25', Converting to a String
READ: Worksheet: 'CE_ZA', Cell 'A26', Converting to a String
READ: Worksheet: 'CE_ZA', Cell 'H26', Converting to a String
READ: Worksheet: 'CE_ZA', Cell 'G26', Converting to a String
READ: Worksheet: 'CE_ZA', Cell 'E26', Converting to a String
READ: Worksheet: 'CE_ZA', Cell 'D26', Converting to a String
READ: Worksheet: 'CE_ZA', Cell 'C26', Converting to a String
READ: Worksheet: 'CE_ZA', Cell 'B26', Converting to a String
READ: Worksheet: 'CE_ZA', Cell 'A26', Converting to a String
READ: Worksheet: 'CE_ZA', Cell 'K26', Converting to a String
READ: Worksheet: 'CE_ZA', Cell 'J26', Converting to a String
READ: Worksheet: 'CE_ZA', Cell 'L26', Converting to a String
READ: Worksheet: 'CE_ZA', Cell 'F26', Converting to a String
READ: Worksheet: 'CE_ZA', Cell 'I26', Converting to a String
READ: Worksheet: 'CE_ZA', Cell 'A27', Converting to a String
READ: Worksheet: 'CE_ZA', Cell 'H27', Converting to a String
READ: Worksheet: 'CE_ZA', Cell 'G27', Converting to a String
READ: Worksheet: 'CE_ZA', Cell 'E27', Converting to a String
READ: Worksheet: 'CE_ZA', Cell 'D27', Converting to a String
READ: Worksheet: 'CE_ZA', Cell 'C27', Converting to a String
READ: Worksheet: 'CE_ZA', Cell 'B27', Converting to a String
READ: Worksheet: 'CE_ZA', Cell 'A27', Converting to a String
READ: Worksheet: 'CE_ZA', Cell 'K27', Converting to a String
READ: Worksheet: 'CE_ZA', Cell 'J27', Converting to a String
READ: Worksheet: 'CE_ZA', Cell 'L27', Converting to a String
READ: Worksheet: 'CE_ZA', Cell 'F27', Converting to a String
READ: Worksheet: 'CE_ZA', Cell 'I27', Converting to a String
READ: Worksheet: 'CE_ZA', Cell 'A28', Converting to a String
READ: Worksheet: 'CE_ZA', Cell 'H28', Converting to a String
READ: Worksheet: 'CE_ZA', Cell 'G28', Converting to a String
READ: Worksheet: 'CE_ZA', Cell 'E28', Converting to a String
READ: Worksheet: 'CE_ZA', Cell 'D28', Converting to a String
READ: Worksheet: 'CE_ZA', Cell 'C28', Converting to a String
READ: Worksheet: 'CE_ZA', Cell 'B28', Converting to a String
READ: Worksheet: 'CE_ZA', Cell 'A28', Converting to a String
READ: Worksheet: 'CE_ZA', Cell 'K28', Converting to a String
READ: Worksheet: 'CE_ZA', Cell 'J28', Converting to a String
READ: Worksheet: 'CE_ZA', Cell 'L28', Converting to a String
READ: Worksheet: 'CE_ZA', Cell 'F28', Converting to a String
READ: Worksheet: 'CE_ZA', Cell 'I28', Converting to a String
READ: Worksheet: 'CE_ZA', Cell 'A29', Converting to a String
READ: Worksheet: 'CE_ZA', Cell 'H29', Converting to a String
READ: Worksheet: 'CE_ZA', Cell 'G29', Converting to a String
READ: Worksheet: 'CE_ZA', Cell 'E29', Converting to a String
READ: Worksheet: 'CE_ZA', Cell 'D29', Converting to a String
READ: Worksheet: 'CE_ZA', Cell 'C29', Converting to a String
READ: Worksheet: 'CE_ZA', Cell 'B29', Converting to a String
READ: Worksheet: 'CE_ZA', Cell 'A29', Converting to a String
READ: Worksheet: 'CE_ZA', Cell 'K29', Converting to a String
READ: Worksheet: 'CE_ZA', Cell 'J29', Converting to a String
READ: Worksheet: 'CE_ZA', Cell 'L29', Converting to a String
READ: Worksheet: 'CE_ZA', Cell 'F29', Converting to a String
READ: Worksheet: 'CE_ZA', Cell 'I29', Converting to a String
READ: Worksheet: 'CE_ZA', Cell 'A30', Converting to a String
READ: Worksheet: 'CE_ZA', Cell 'H30', Converting to a String
READ: Worksheet: 'CE_ZA', Cell 'G30', Converting to a String
READ: Worksheet: 'CE_ZA', Cell 'E30', Converting to a String
READ: Worksheet: 'CE_ZA', Cell 'D30', Converting to a String
READ: Worksheet: 'CE_ZA', Cell 'C30', Converting to a String
READ: Worksheet: 'CE_ZA', Cell 'B30', Converting to a String
READ: Worksheet: 'CE_ZA', Cell 'A30', Converting to a String
READ: Worksheet: 'CE_ZA', Cell 'K30', Converting to a String
READ: Worksheet: 'CE_ZA', Cell 'J30', Converting to a String
READ: Worksheet: 'CE_ZA', Cell 'L30', Converting to a String
READ: Worksheet: 'CE_ZA', Cell 'F30', Converting to a String
READ: Worksheet: 'CE_ZA', Cell 'I30', Converting to a String
READ: Worksheet: 'CE_ZA', Cell 'A31', Converting to a String
READ: Worksheet: 'CE_ZA', Cell 'H31', Converting to a String
READ: Worksheet: 'CE_ZA', Cell 'G31', Converting to a String
READ: Worksheet: 'CE_ZA', Cell 'E31', Converting to a String
READ: Worksheet: 'CE_ZA', Cell 'D31', Converting to a String
READ: Worksheet: 'CE_ZA', Cell 'C31', Converting to a String
READ: Worksheet: 'CE_ZA', Cell 'B31', Converting to a String
READ: Worksheet: 'CE_ZA', Cell 'A31', Converting to a String
READ: Worksheet: 'CE_ZA', Cell 'K31', Converting to a String
READ: Worksheet: 'CE_ZA', Cell 'J31', Converting to a String
READ: Worksheet: 'CE_ZA', Cell 'L31', Converting to a String
READ: Worksheet: 'CE_ZA', Cell 'F31', Converting to a String
READ: Worksheet: 'CE_ZA', Cell 'I31', Converting to a String
READ: Worksheet: 'CE_ZA', Cell 'A32', Converting to a String
READ: Worksheet: 'CE_ZA', Cell 'H32', Converting to a String
READ: Worksheet: 'CE_ZA', Cell 'G32', Converting to a String
READ: Worksheet: 'CE_ZA', Cell 'E32', Converting to a String
READ: Worksheet: 'CE_ZA', Cell 'D32', Converting to a String
READ: Worksheet: 'CE_ZA', Cell 'C32', Converting to a String
READ: Worksheet: 'CE_ZA', Cell 'B32', Converting to a String
READ: Worksheet: 'CE_ZA', Cell 'A32', Converting to a String
READ: Worksheet: 'CE_ZA', Cell 'K32', Converting to a String
READ: Worksheet: 'CE_ZA', Cell 'J32', Converting to a String
READ: Worksheet: 'CE_ZA', Cell 'L32', Converting to a String
READ: Worksheet: 'CE_ZA', Cell 'F32', Converting to a String
READ: Worksheet: 'CE_ZA', Cell 'I32', Converting to a String
READ: Worksheet: 'CE_ZA', Cell 'A33', Converting to a String
READ: Worksheet: 'CE_ZA', Cell 'H33', Converting to a String
READ: Worksheet: 'CE_ZA', Cell 'G33', Converting to a String
READ: Worksheet: 'CE_ZA', Cell 'E33', Converting to a String
READ: Worksheet: 'CE_ZA', Cell 'D33', Converting to a String
READ: Worksheet: 'CE_ZA', Cell 'C33', Converting to a String
READ: Worksheet: 'CE_ZA', Cell 'B33', Converting to a String
READ: Worksheet: 'CE_ZA', Cell 'A33', Converting to a String
READ: Worksheet: 'CE_ZA', Cell 'K33', Converting to a String
READ: Worksheet: 'CE_ZA', Cell 'J33', Converting to a String
READ: Worksheet: 'CE_ZA', Cell 'L33', Converting to a String
READ: Worksheet: 'CE_ZA', Cell 'F33', Converting to a String
READ: Worksheet: 'CE_ZA', Cell 'I33', Converting to a String
READ: Worksheet: 'CE_ZA', Cell 'A34', Converting to a String
READ: Worksheet: 'CE_ZA', Cell 'H34', Converting to a String
READ: Worksheet: 'CE_ZA', Cell 'G34', Converting to a String
READ: Worksheet: 'CE_ZA', Cell 'E34', Converting to a String
READ: Worksheet: 'CE_ZA', Cell 'D34', Converting to a String
READ: Worksheet: 'CE_ZA', Cell 'C34', Converting to a String
READ: Worksheet: 'CE_ZA', Cell 'B34', Converting to a String
READ: Worksheet: 'CE_ZA', Cell 'A34', Converting to a String
READ: Worksheet: 'CE_ZA', Cell 'K34', Converting to a String
READ: Worksheet: 'CE_ZA', Cell 'J34', Converting to a String
READ: Worksheet: 'CE_ZA', Cell 'L34', Converting to a String
READ: Worksheet: 'CE_ZA', Cell 'F34', Converting to a String
READ: Worksheet: 'CE_ZA', Cell 'I34', Converting to a String
READ: Worksheet: 'CE_ZA', Cell 'A35', Converting to a String
READ: Worksheet: 'CE_ZA', Cell 'H35', Converting to a String
READ: Worksheet: 'CE_ZA', Cell 'G35', Converting to a String
READ: Worksheet: 'CE_ZA', Cell 'E35', Converting to a String
READ: Worksheet: 'CE_ZA', Cell 'D35', Converting to a String
READ: Worksheet: 'CE_ZA', Cell 'C35', Converting to a String
READ: Worksheet: 'CE_ZA', Cell 'B35', Converting to a String
READ: Worksheet: 'CE_ZA', Cell 'A35', Converting to a String
READ: Worksheet: 'CE_ZA', Cell 'K35', Converting to a String
READ: Worksheet: 'CE_ZA', Cell 'J35', Converting to a String
READ: Worksheet: 'CE_ZA', Cell 'L35', Converting to a String
READ: Worksheet: 'CE_ZA', Cell 'F35', Converting to a String
READ: Worksheet: 'CE_ZA', Cell 'I35', Converting to a String
READ: Worksheet: 'CE_ZA', Cell 'A36', Converting to a String
READ: Worksheet: 'CE_ZA', Cell 'H36', Converting to a String
READ: Worksheet: 'CE_ZA', Cell 'G36', Converting to a String
READ: Worksheet: 'CE_ZA', Cell 'E36', Converting to a String
READ: Worksheet: 'CE_ZA', Cell 'D36', Converting to a String
READ: Worksheet: 'CE_ZA', Cell 'C36', Converting to a String
READ: Worksheet: 'CE_ZA', Cell 'B36', Converting to a String
READ: Worksheet: 'CE_ZA', Cell 'A36', Converting to a String
READ: Worksheet: 'CE_ZA', Cell 'K36', Converting to a String
READ: Worksheet: 'CE_ZA', Cell 'J36', Converting to a String
READ: Worksheet: 'CE_ZA', Cell 'L36', Converting to a String
READ: Worksheet: 'CE_ZA', Cell 'F36', Converting to a String
READ: Worksheet: 'CE_ZA', Cell 'I36', Converting to a String
READ: Worksheet: 'CE_ZA', Cell 'A37', Converting to a String
READ: Worksheet: 'CE_ZA', Cell 'H37', Converting to a String
READ: Worksheet: 'CE_ZA', Cell 'G37', Converting to a String
READ: Worksheet: 'CE_ZA', Cell 'E37', Converting to a String
READ: Worksheet: 'CE_ZA', Cell 'D37', Converting to a String
READ: Worksheet: 'CE_ZA', Cell 'C37', Converting to a String
READ: Worksheet: 'CE_ZA', Cell 'B37', Converting to a String
READ: Worksheet: 'CE_ZA', Cell 'A37', Converting to a String
READ: Worksheet: 'CE_ZA', Cell 'K37', Converting to a String
READ: Worksheet: 'CE_ZA', Cell 'J37', Converting to a String
READ: Worksheet: 'CE_ZA', Cell 'L37', Converting to a String
READ: Worksheet: 'CE_ZA', Cell 'F37', Converting to a String
READ: Worksheet: 'CE_ZA', Cell 'I37', Converting to a String
READ: Worksheet: 'CE_ZA', Cell 'A38', Converting to a String
READ: Worksheet: 'CE_ZA', Cell 'H38', Converting to a String
READ: Worksheet: 'CE_ZA', Cell 'G38', Converting to a String
READ: Worksheet: 'CE_ZA', Cell 'E38', Converting to a String
READ: Worksheet: 'CE_ZA', Cell 'D38', Converting to a String
READ: Worksheet: 'CE_ZA', Cell 'C38', Converting to a String
READ: Worksheet: 'CE_ZA', Cell 'B38', Converting to a String
READ: Worksheet: 'CE_ZA', Cell 'A38', Converting to a String
READ: Worksheet: 'CE_ZA', Cell 'K38', Converting to a String
READ: Worksheet: 'CE_ZA', Cell 'J38', Converting to a String
READ: Worksheet: 'CE_ZA', Cell 'L38', Converting to a String
READ: Worksheet: 'CE_ZA', Cell 'F38', Converting to a String
READ: Worksheet: 'CE_ZA', Cell 'I38', Converting to a String
READ: Worksheet: 'CE_ZA', Cell 'A39', Converting to a String
READ: Worksheet: 'CE_ZA', Cell 'H39', Converting to a String
READ: Worksheet: 'CE_ZA', Cell 'G39', Converting to a String
READ: Worksheet: 'CE_ZA', Cell 'E39', Converting to a String
READ: Worksheet: 'CE_ZA', Cell 'D39', Converting to a String
READ: Worksheet: 'CE_ZA', Cell 'C39', Converting to a String
READ: Worksheet: 'CE_ZA', Cell 'B39', Converting to a String
READ: Worksheet: 'CE_ZA', Cell 'A39', Converting to a String
READ: Worksheet: 'CE_ZA', Cell 'K39', Converting to a String
READ: Worksheet: 'CE_ZA', Cell 'J39', Converting to a String
READ: Worksheet: 'CE_ZA', Cell 'L39', Converting to a String
READ: Worksheet: 'CE_ZA', Cell 'F39', Converting to a String
READ: Worksheet: 'CE_ZA', Cell 'I39', Converting to a String
READ: Worksheet: 'CE_ZA', Cell 'A40', Converting to a String
READ: Worksheet: 'CE_ZA', Cell 'H40', Converting to a String
READ: Worksheet: 'CE_ZA', Cell 'G40', Converting to a String
READ: Worksheet: 'CE_ZA', Cell 'E40', Converting to a String
READ: Worksheet: 'CE_ZA', Cell 'D40', Converting to a String
READ: Worksheet: 'CE_ZA', Cell 'C40', Converting to a String
READ: Worksheet: 'CE_ZA', Cell 'B40', Converting to a String
READ: Worksheet: 'CE_ZA', Cell 'A40', Converting to a String
READ: Worksheet: 'CE_ZA', Cell 'K40', Converting to a String
READ: Worksheet: 'CE_ZA', Cell 'J40', Converting to a String
READ: Worksheet: 'CE_ZA', Cell 'L40', Converting to a String
READ: Worksheet: 'CE_ZA', Cell 'F40', Converting to a String
READ: Worksheet: 'CE_ZA', Cell 'I40', Converting to a String
READ: Worksheet: 'CE_ZA', Cell 'A41', Converting to a String
READ: Worksheet: 'CE_ZA', Cell 'H41', Converting to a String
READ: Worksheet: 'CE_ZA', Cell 'G41', Converting to a String
READ: Worksheet: 'CE_ZA', Cell 'E41', Converting to a String
READ: Worksheet: 'CE_ZA', Cell 'D41', Converting to a String
READ: Worksheet: 'CE_ZA', Cell 'C41', Converting to a String
READ: Worksheet: 'CE_ZA', Cell 'B41', Converting to a String
READ: Worksheet: 'CE_ZA', Cell 'A41', Converting to a String
READ: Worksheet: 'CE_ZA', Cell 'K41', Converting to a String
READ: Worksheet: 'CE_ZA', Cell 'J41', Converting to a String
READ: Worksheet: 'CE_ZA', Cell 'L41', Converting to a String
READ: Worksheet: 'CE_ZA', Cell 'F41', Converting to a String
READ: Worksheet: 'CE_ZA', Cell 'I41', Converting to a String
READ: Worksheet: 'CE_ZA', Cell 'A42', Converting to a String
READ: Worksheet: 'CE_ZA', Cell 'H42', Converting to a String
READ: Worksheet: 'CE_ZA', Cell 'G42', Converting to a String
READ: Worksheet: 'CE_ZA', Cell 'E42', Converting to a String
READ: Worksheet: 'CE_ZA', Cell 'D42', Converting to a String
READ: Worksheet: 'CE_ZA', Cell 'C42', Converting to a String
READ: Worksheet: 'CE_ZA', Cell 'B42', Converting to a String
READ: Worksheet: 'CE_ZA', Cell 'A42', Converting to a String
READ: Worksheet: 'CE_ZA', Cell 'K42', Converting to a String
READ: Worksheet: 'CE_ZA', Cell 'J42', Converting to a String
READ: Worksheet: 'CE_ZA', Cell 'L42', Converting to a String
READ: Worksheet: 'CE_ZA', Cell 'F42', Converting to a String
READ: Worksheet: 'CE_ZA', Cell 'I42', Converting to a String
READ: Worksheet: 'CE_ZA', Cell 'A43', Converting to a String
READ: Worksheet: 'CE_ZA', Cell 'H43', Converting to a String
READ: Worksheet: 'CE_ZA', Cell 'G43', Converting to a String
READ: Worksheet: 'CE_ZA', Cell 'E43', Converting to a String
READ: Worksheet: 'CE_ZA', Cell 'D43', Converting to a String
READ: Worksheet: 'CE_ZA', Cell 'C43', Converting to a String
READ: Worksheet: 'CE_ZA', Cell 'B43', Converting to a String
READ: Worksheet: 'CE_ZA', Cell 'A43', Converting to a String
READ: Worksheet: 'CE_ZA', Cell 'K43', Converting to a String
READ: Worksheet: 'CE_ZA', Cell 'J43', Converting to a String
READ: Worksheet: 'CE_ZA', Cell 'L43', Converting to a String
READ: Worksheet: 'CE_ZA', Cell 'F43', Converting to a String
READ: Worksheet: 'CE_ZA', Cell 'I43', Converting to a String
READ: Worksheet: 'CE_ZA', Cell 'A44', Converting to a String
READ: Worksheet: 'CE_ZA', Cell 'H44', Converting to a String
READ: Worksheet: 'CE_ZA', Cell 'G44', Converting to a String
READ: Worksheet: 'CE_ZA', Cell 'E44', Converting to a String
READ: Worksheet: 'CE_ZA', Cell 'D44', Converting to a String
READ: Worksheet: 'CE_ZA', Cell 'C44', Converting to a String
READ: Worksheet: 'CE_ZA', Cell 'B44', Converting to a String
READ: Worksheet: 'CE_ZA', Cell 'A44', Converting to a String
READ: Worksheet: 'CE_ZA', Cell 'K44', Converting to a String
READ: Worksheet: 'CE_ZA', Cell 'J44', Converting to a String
READ: Worksheet: 'CE_ZA', Cell 'L44', Converting to a String
READ: Worksheet: 'CE_ZA', Cell 'F44', Converting to a String
READ: Worksheet: 'CE_ZA', Cell 'I44', Converting to a String
READ: Worksheet: 'CE_ZA', Cell 'A45', Converting to a String
READ: Worksheet: 'CE_ZA', Cell 'H45', Converting to a String
READ: Worksheet: 'CE_ZA', Cell 'G45', Converting to a String
READ: Worksheet: 'CE_ZA', Cell 'E45', Converting to a String
READ: Worksheet: 'CE_ZA', Cell 'D45', Converting to a String
READ: Worksheet: 'CE_ZA', Cell 'C45', Converting to a String
READ: Worksheet: 'CE_ZA', Cell 'B45', Converting to a String
READ: Worksheet: 'CE_ZA', Cell 'A45', Converting to a String
READ: Worksheet: 'CE_ZA', Cell 'K45', Converting to a String
READ: Worksheet: 'CE_ZA', Cell 'J45', Converting to a String
READ: Worksheet: 'CE_ZA', Cell 'L45', Converting to a String
READ: Worksheet: 'CE_ZA', Cell 'F45', Converting to a String
READ: Worksheet: 'CE_ZA', Cell 'I45', Converting to a String
READ: Worksheet: 'CE_ZA', Cell 'A46', Converting to a String
READ: Worksheet: 'CE_ZA', Cell 'H46', Converting to a String
READ: Worksheet: 'CE_ZA', Cell 'G46', Converting to a String
READ: Worksheet: 'CE_ZA', Cell 'E46', Converting to a String
READ: Worksheet: 'CE_ZA', Cell 'D46', Converting to a String
READ: Worksheet: 'CE_ZA', Cell 'C46', Converting to a String
READ: Worksheet: 'CE_ZA', Cell 'B46', Converting to a String
READ: Worksheet: 'CE_ZA', Cell 'A46', Converting to a String
READ: Worksheet: 'CE_ZA', Cell 'K46', Converting to a String
READ: Worksheet: 'CE_ZA', Cell 'J46', Converting to a String
READ: Worksheet: 'CE_ZA', Cell 'L46', Converting to a String
READ: Worksheet: 'CE_ZA', Cell 'F46', Converting to a String
READ: Worksheet: 'CE_ZA', Cell 'I46', Converting to a String
READ: Worksheet: 'CE_ZA', Cell 'A47', Converting to a String
READ: Worksheet: 'SUMMARY', Cell 'M31', Converting to a String
READ: Worksheet: 'SUMMARY', Cell 'N31', Converting to a String
READ: Worksheet: 'SUMMARY', Cell 'O31', Converting to a String
READ: Worksheet: 'CoverPage', Cell 'B3', Converting to a String
READ: Worksheet: 'SUMMARY', Cell 'K31', Converting to a String
READ: Worksheet: 'SUMMARY', Cell 'C31', Converting to a String
READ: Worksheet: 'SUMMARY', Cell 'D31', Converting to a String
READ: Worksheet: 'SUMMARY', Cell 'L31', Converting to a String
READ: Worksheet: 'SUMMARY', Cell 'E31', Converting to a String
READ: Worksheet: 'SUMMARY', Cell 'G31', Converting to a String
READ: Worksheet: 'SUMMARY', Cell 'F31', Converting to a String
READ: Worksheet: 'SUMMARY', Cell 'H31', Converting to a String
READ: Worksheet: 'SUMMARY', Cell 'J31', Converting to a String
READ: Worksheet: 'SUMMARY', Cell 'I31', Converting to a String
READ: Worksheet: 'CE_ZM', Cell 'A2', Converting to a String
READ: Worksheet: 'CE_ZM', Cell 'H2', Converting to a String
READ: Worksheet: 'CE_ZM', Cell 'G2', Converting to a String
READ: Worksheet: 'CE_ZM', Cell 'E2', Converting to a String
READ: Worksheet: 'CE_ZM', Cell 'D2', Converting to a String
READ: Worksheet: 'CE_ZM', Cell 'C2', Converting to a String
READ: Worksheet: 'CE_ZM', Cell 'B2', Converting to a String
READ: Worksheet: 'CE_ZM', Cell 'A2', Converting to a String
READ: Worksheet: 'CE_ZM', Cell 'K2', Converting to a String
READ: Worksheet: 'CE_ZM', Cell 'J2', Converting to a String
READ: Worksheet: 'CE_ZM', Cell 'L2', Converting to a String
READ: Worksheet: 'CE_ZM', Cell 'F2', Converting to a String
READ: Worksheet: 'CE_ZM', Cell 'I2', Converting to a String
READ: Worksheet: 'CE_ZM', Cell 'A3', Converting to a String
READ: Worksheet: 'CE_ZM', Cell 'H3', Converting to a String
READ: Worksheet: 'CE_ZM', Cell 'G3', Converting to a String
READ: Worksheet: 'CE_ZM', Cell 'E3', Converting to a String
READ: Worksheet: 'CE_ZM', Cell 'D3', Converting to a String
READ: Worksheet: 'CE_ZM', Cell 'C3', Converting to a String
READ: Worksheet: 'CE_ZM', Cell 'B3', Converting to a String
READ: Worksheet: 'CE_ZM', Cell 'A3', Converting to a String
READ: Worksheet: 'CE_ZM', Cell 'K3', Converting to a String
READ: Worksheet: 'CE_ZM', Cell 'J3', Converting to a String
READ: Worksheet: 'CE_ZM', Cell 'L3', Converting to a String
READ: Worksheet: 'CE_ZM', Cell 'F3', Converting to a String
READ: Worksheet: 'CE_ZM', Cell 'I3', Converting to a String
READ: Worksheet: 'CE_ZM', Cell 'A4', Converting to a String
READ: Worksheet: 'CoverPage', Cell 'B22', Converting to a String
READ: Worksheet: 'CoverPage', Cell 'B23', Converting to a String
READ: Worksheet: 'CoverPage', Cell 'B24', Converting to a String
READ: Worksheet: 'CoverPage', Cell 'B26', Converting to a String
READ: Worksheet: 'CoverPage', Cell 'B27', Converting to a String
READ: Worksheet: 'CoverPage', Cell 'B25', Converting to a String
READ: Worksheet: 'CoverPage', Cell 'B21', Converting to a String
READ: Worksheet: 'CoverPage', Cell 'B28', Converting to a Double
Data Completed
File Completed
