READ: Worksheet: 'CoverPage', Cell 'B29', Converting to a String
READ: Worksheet: 'CoverPage', Cell 'B4', Converting to a String
WRITE: Worksheet: 'CoverPage', Cell 'B3', Value ''
WRITE: Worksheet: 'CoverPage', Cell 'B4', Value 'CBC401'
WRITE: Worksheet: 'CoverPage', Cell 'B2', Value 'ZA2020-9825178719-dbaacfc2-8522-4f8c-8f8e-daaa4d1130c5'
READ: Worksheet: 'CoverPage', Cell 'B17', Converting to a String
WRITE: Worksheet: 'CoverPage', Cell 'B19', Value ''
WRITE: Worksheet: 'CoverPage', Cell 'B18', Value 'ZA2020-9825178719-5f1747d7-a719-4231-9870-5ba03517a7ff'
READ: Worksheet: 'SUMMARY', Cell 'A2', Converting to a String
READ: Worksheet: 'SUMMARY', Cell 'M2', Converting to a String
WRITE: Worksheet: 'SUMMARY', Cell 'O2', Value ''
WRITE: Worksheet: 'SUMMARY', Cell 'N2', Value 'ZA2020-9825178719-b12fb666-a520-42ca-be8d-5977e2d58a2d'
READ: Worksheet: 'SUMMARY', Cell 'A3', Converting to a String
READ: Worksheet: 'SUMMARY', Cell 'M3', Converting to a String
WRITE: Worksheet: 'SUMMARY', Cell 'O3', Value ''
WRITE: Worksheet: 'SUMMARY', Cell 'N3', Value 'ZA2020-9825178719-4dfe01e9-dc03-4ec7-b9f2-e098540bc63d'
READ: Worksheet: 'SUMMARY', Cell 'A4', Converting to a String
READ: Worksheet: 'SUMMARY', Cell 'M4', Converting to a String
WRITE: Worksheet: 'SUMMARY', Cell 'O4', Value ''
WRITE: Worksheet: 'SUMMARY', Cell 'N4', Value 'ZA2020-9825178719-8791a5ea-bc05-4eda-a24c-22ef9bb5d518'
READ: Worksheet: 'SUMMARY', Cell 'A5', Converting to a String
READ: Worksheet: 'SUMMARY', Cell 'M5', Converting to a String
WRITE: Worksheet: 'SUMMARY', Cell 'O5', Value ''
WRITE: Worksheet: 'SUMMARY', Cell 'N5', Value 'ZA2020-9825178719-bcd402c6-3e33-4c53-8d11-23d5c4e1abba'
READ: Worksheet: 'SUMMARY', Cell 'A6', Converting to a String
READ: Worksheet: 'SUMMARY', Cell 'M6', Converting to a String
WRITE: Worksheet: 'SUMMARY', Cell 'O6', Value ''
WRITE: Worksheet: 'SUMMARY', Cell 'N6', Value 'ZA2020-9825178719-a08d5a16-bdf8-41bb-9da4-da899ad4ddb9'
READ: Worksheet: 'SUMMARY', Cell 'A7', Converting to a String
READ: Worksheet: 'SUMMARY', Cell 'M7', Converting to a String
WRITE: Worksheet: 'SUMMARY', Cell 'O7', Value ''
WRITE: Worksheet: 'SUMMARY', Cell 'N7', Value 'ZA2020-9825178719-6175c4b6-f409-4576-9822-580f75def653'
READ: Worksheet: 'SUMMARY', Cell 'A8', Converting to a String
READ: Worksheet: 'SUMMARY', Cell 'M8', Converting to a String
WRITE: Worksheet: 'SUMMARY', Cell 'O8', Value ''
WRITE: Worksheet: 'SUMMARY', Cell 'N8', Value 'ZA2020-9825178719-e5c2faaa-6576-4e5c-9a7f-74e683b94bc3'
READ: Worksheet: 'SUMMARY', Cell 'A9', Converting to a String
READ: Worksheet: 'SUMMARY', Cell 'M9', Converting to a String
WRITE: Worksheet: 'SUMMARY', Cell 'O9', Value ''
WRITE: Worksheet: 'SUMMARY', Cell 'N9', Value 'ZA2020-9825178719-6203fdb6-1edb-41a5-8b72-8c81030abbfa'
READ: Worksheet: 'SUMMARY', Cell 'A10', Converting to a String
READ: Worksheet: 'SUMMARY', Cell 'M10', Converting to a String
WRITE: Worksheet: 'SUMMARY', Cell 'O10', Value ''
WRITE: Worksheet: 'SUMMARY', Cell 'N10', Value 'ZA2020-9825178719-c1461ba6-27a8-407a-918d-c855a55c1b2a'
READ: Worksheet: 'SUMMARY', Cell 'A11', Converting to a String
READ: Worksheet: 'SUMMARY', Cell 'M11', Converting to a String
WRITE: Worksheet: 'SUMMARY', Cell 'O11', Value ''
WRITE: Worksheet: 'SUMMARY', Cell 'N11', Value 'ZA2020-9825178719-81c8e636-eaca-4c86-8b1c-7d23e280a000'
READ: Worksheet: 'SUMMARY', Cell 'A12', Converting to a String
READ: Worksheet: 'SUMMARY', Cell 'M12', Converting to a String
WRITE: Worksheet: 'SUMMARY', Cell 'O12', Value ''
WRITE: Worksheet: 'SUMMARY', Cell 'N12', Value 'ZA2020-9825178719-eb21ad5e-544a-46aa-8cdf-2c08f58e05ae'
READ: Worksheet: 'SUMMARY', Cell 'A13', Converting to a String
READ: Worksheet: 'SUMMARY', Cell 'M13', Converting to a String
WRITE: Worksheet: 'SUMMARY', Cell 'O13', Value ''
WRITE: Worksheet: 'SUMMARY', Cell 'N13', Value 'ZA2020-9825178719-f334d628-1c0d-4d0b-80b3-d530615353e8'
READ: Worksheet: 'SUMMARY', Cell 'A14', Converting to a String
READ: Worksheet: 'SUMMARY', Cell 'M14', Converting to a String
WRITE: Worksheet: 'SUMMARY', Cell 'O14', Value ''
WRITE: Worksheet: 'SUMMARY', Cell 'N14', Value 'ZA2020-9825178719-96a2e7e3-1b00-4e4a-bd09-44309af4a155'
READ: Worksheet: 'SUMMARY', Cell 'A15', Converting to a String
READ: Worksheet: 'SUMMARY', Cell 'M15', Converting to a String
WRITE: Worksheet: 'SUMMARY', Cell 'O15', Value ''
WRITE: Worksheet: 'SUMMARY', Cell 'N15', Value 'ZA2020-9825178719-1f6e5d52-bddd-42d1-bfeb-b9d8cb99632e'
READ: Worksheet: 'SUMMARY', Cell 'A16', Converting to a String
READ: Worksheet: 'SUMMARY', Cell 'M16', Converting to a String
WRITE: Worksheet: 'SUMMARY', Cell 'O16', Value ''
WRITE: Worksheet: 'SUMMARY', Cell 'N16', Value 'ZA2020-9825178719-3bc0ac39-a731-4609-bdd3-1bbba064b30b'
READ: Worksheet: 'SUMMARY', Cell 'A17', Converting to a String
READ: Worksheet: 'SUMMARY', Cell 'M17', Converting to a String
WRITE: Worksheet: 'SUMMARY', Cell 'O17', Value ''
WRITE: Worksheet: 'SUMMARY', Cell 'N17', Value 'ZA2020-9825178719-5d92ea52-7700-4c6b-996b-7f0f46959472'
READ: Worksheet: 'SUMMARY', Cell 'A18', Converting to a String
READ: Worksheet: 'SUMMARY', Cell 'M18', Converting to a String
WRITE: Worksheet: 'SUMMARY', Cell 'O18', Value ''
WRITE: Worksheet: 'SUMMARY', Cell 'N18', Value 'ZA2020-9825178719-d7d8d671-dd75-449a-ab9f-3ca4ded1b050'
READ: Worksheet: 'SUMMARY', Cell 'A19', Converting to a String
READ: Worksheet: 'SUMMARY', Cell 'M19', Converting to a String
WRITE: Worksheet: 'SUMMARY', Cell 'O19', Value ''
WRITE: Worksheet: 'SUMMARY', Cell 'N19', Value 'ZA2020-9825178719-757cd21d-aae2-4533-84fe-5fd661a2d801'
READ: Worksheet: 'SUMMARY', Cell 'A20', Converting to a String
READ: Worksheet: 'SUMMARY', Cell 'M20', Converting to a String
WRITE: Worksheet: 'SUMMARY', Cell 'O20', Value ''
WRITE: Worksheet: 'SUMMARY', Cell 'N20', Value 'ZA2020-9825178719-694d4499-2241-404d-a384-6d499a6f0f2e'
READ: Worksheet: 'SUMMARY', Cell 'A21', Converting to a String
READ: Worksheet: 'SUMMARY', Cell 'M21', Converting to a String
WRITE: Worksheet: 'SUMMARY', Cell 'O21', Value ''
WRITE: Worksheet: 'SUMMARY', Cell 'N21', Value 'ZA2020-9825178719-bcab5055-af38-44c4-be97-18979a78c030'
READ: Worksheet: 'SUMMARY', Cell 'A22', Converting to a String
READ: Worksheet: 'SUMMARY', Cell 'M22', Converting to a String
WRITE: Worksheet: 'SUMMARY', Cell 'O22', Value ''
WRITE: Worksheet: 'SUMMARY', Cell 'N22', Value 'ZA2020-9825178719-5a09f77d-4606-491c-b17c-94774509c610'
READ: Worksheet: 'SUMMARY', Cell 'A23', Converting to a String
READ: Worksheet: 'SUMMARY', Cell 'M23', Converting to a String
WRITE: Worksheet: 'SUMMARY', Cell 'O23', Value ''
WRITE: Worksheet: 'SUMMARY', Cell 'N23', Value 'ZA2020-9825178719-6ce21a98-b891-4479-a633-cf87a337c560'
READ: Worksheet: 'SUMMARY', Cell 'A24', Converting to a String
READ: Worksheet: 'SUMMARY', Cell 'M24', Converting to a String
WRITE: Worksheet: 'SUMMARY', Cell 'O24', Value ''
WRITE: Worksheet: 'SUMMARY', Cell 'N24', Value 'ZA2020-9825178719-f30db444-38ea-437b-89fc-bf1dcee1de47'
READ: Worksheet: 'SUMMARY', Cell 'A25', Converting to a String
READ: Worksheet: 'SUMMARY', Cell 'M25', Converting to a String
WRITE: Worksheet: 'SUMMARY', Cell 'O25', Value ''
WRITE: Worksheet: 'SUMMARY', Cell 'N25', Value 'ZA2020-9825178719-bd638911-44c0-47a2-976a-1d9136ea90c0'
READ: Worksheet: 'SUMMARY', Cell 'A26', Converting to a String
READ: Worksheet: 'SUMMARY', Cell 'M26', Converting to a String
WRITE: Worksheet: 'SUMMARY', Cell 'O26', Value ''
WRITE: Worksheet: 'SUMMARY', Cell 'N26', Value 'ZA2020-9825178719-328508c2-b384-4a78-b86d-26fd59900e84'
READ: Worksheet: 'SUMMARY', Cell 'A27', Converting to a String
READ: Worksheet: 'SUMMARY', Cell 'M27', Converting to a String
WRITE: Worksheet: 'SUMMARY', Cell 'O27', Value ''
WRITE: Worksheet: 'SUMMARY', Cell 'N27', Value 'ZA2020-9825178719-762855ad-5f36-42cd-b2f7-e23ea4bf3f22'
READ: Worksheet: 'SUMMARY', Cell 'A28', Converting to a String
READ: Worksheet: 'SUMMARY', Cell 'M28', Converting to a String
WRITE: Worksheet: 'SUMMARY', Cell 'O28', Value ''
WRITE: Worksheet: 'SUMMARY', Cell 'N28', Value 'ZA2020-9825178719-064de389-22a4-437b-aac9-559104f2ff5e'
READ: Worksheet: 'SUMMARY', Cell 'A29', Converting to a String
READ: Worksheet: 'SUMMARY', Cell 'M29', Converting to a String
WRITE: Worksheet: 'SUMMARY', Cell 'O29', Value ''
WRITE: Worksheet: 'SUMMARY', Cell 'N29', Value 'ZA2020-9825178719-939e1dce-dfc9-40fc-aa60-5835cbf7d95a'
READ: Worksheet: 'SUMMARY', Cell 'A30', Converting to a String
READ: Worksheet: 'SUMMARY', Cell 'M30', Converting to a String
WRITE: Worksheet: 'SUMMARY', Cell 'O30', Value ''
WRITE: Worksheet: 'SUMMARY', Cell 'N30', Value 'ZA2020-9825178719-f9cefa55-eda9-4721-93bc-f4714cf46f09'
READ: Worksheet: 'SUMMARY', Cell 'A31', Converting to a String
READ: Worksheet: 'SUMMARY', Cell 'M31', Converting to a String
WRITE: Worksheet: 'SUMMARY', Cell 'O31', Value ''
WRITE: Worksheet: 'SUMMARY', Cell 'N31', Value 'ZA2020-9825178719-e58ffaaa-efe6-4783-9332-ef94de9cbb98'
READ: Worksheet: 'SUMMARY', Cell 'A32', Converting to a String
READ: Worksheet: 'Additional Information', Cell 'A2', Converting to a String
READ: Worksheet: 'Additional Information', Cell 'D2', Converting to a String
WRITE: Worksheet: 'Additional Information', Cell 'F2', Value ''
WRITE: Worksheet: 'Additional Information', Cell 'E2', Value 'ZA2020-9825178719-005c8e88-4c2b-4d40-9ef9-040ab750cd71'
READ: Worksheet: 'Additional Information', Cell 'A3', Converting to a String
READ: Worksheet: 'Additional Information', Cell 'D3', Converting to a String
WRITE: Worksheet: 'Additional Information', Cell 'F3', Value ''
WRITE: Worksheet: 'Additional Information', Cell 'E3', Value 'ZA2020-9825178719-1be8e094-2048-4d0c-b018-55a2cd93309e'
READ: Worksheet: 'Additional Information', Cell 'A4', Converting to a String
READ: Worksheet: 'SUMMARY', Cell 'A2', Converting to a String
READ: Worksheet: 'SUMMARY', Cell 'A3', Converting to a String
READ: Worksheet: 'SUMMARY', Cell 'A4', Converting to a String
READ: Worksheet: 'SUMMARY', Cell 'A5', Converting to a String
READ: Worksheet: 'SUMMARY', Cell 'A6', Converting to a String
READ: Worksheet: 'SUMMARY', Cell 'A7', Converting to a String
READ: Worksheet: 'SUMMARY', Cell 'A8', Converting to a String
READ: Worksheet: 'SUMMARY', Cell 'A9', Converting to a String
READ: Worksheet: 'SUMMARY', Cell 'A10', Converting to a String
READ: Worksheet: 'SUMMARY', Cell 'A11', Converting to a String
READ: Worksheet: 'SUMMARY', Cell 'A12', Converting to a String
READ: Worksheet: 'SUMMARY', Cell 'A13', Converting to a String
READ: Worksheet: 'SUMMARY', Cell 'A14', Converting to a String
READ: Worksheet: 'SUMMARY', Cell 'A15', Converting to a String
READ: Worksheet: 'SUMMARY', Cell 'A16', Converting to a String
READ: Worksheet: 'SUMMARY', Cell 'A17', Converting to a String
READ: Worksheet: 'SUMMARY', Cell 'A18', Converting to a String
READ: Worksheet: 'SUMMARY', Cell 'A19', Converting to a String
READ: Worksheet: 'SUMMARY', Cell 'A20', Converting to a String
READ: Worksheet: 'SUMMARY', Cell 'A21', Converting to a String
READ: Worksheet: 'SUMMARY', Cell 'A22', Converting to a String
READ: Worksheet: 'SUMMARY', Cell 'A23', Converting to a String
READ: Worksheet: 'SUMMARY', Cell 'A24', Converting to a String
READ: Worksheet: 'SUMMARY', Cell 'A25', Converting to a String
READ: Worksheet: 'SUMMARY', Cell 'A26', Converting to a String
READ: Worksheet: 'SUMMARY', Cell 'A27', Converting to a String
READ: Worksheet: 'SUMMARY', Cell 'A28', Converting to a String
READ: Worksheet: 'SUMMARY', Cell 'A29', Converting to a String
READ: Worksheet: 'SUMMARY', Cell 'A30', Converting to a String
READ: Worksheet: 'SUMMARY', Cell 'A31', Converting to a String
READ: Worksheet: 'SUMMARY', Cell 'A32', Converting to a String
READ: Worksheet: 'CoverPage', Cell 'B20', Converting to a String
READ: Worksheet: 'CoverPage', Cell 'B1', Converting to a String
READ: Worksheet: 'CoverPage', Cell 'B2', Converting to a String
READ: Worksheet: 'CoverPage', Cell 'B3', Converting to a String
READ: Worksheet: 'CoverPage', Cell 'B4', Converting to a String
READ: Worksheet: 'CoverPage', Cell 'B5', Converting to a String
READ: Worksheet: 'CoverPage', Cell 'B6', Converting to a String
READ: Worksheet: 'CoverPage', Cell 'B7', Converting to a String
READ: Worksheet: 'CoverPage', Cell 'B8', Converting to a String
READ: Worksheet: 'CoverPage', Cell 'B9', Converting to a String
READ: Worksheet: 'CoverPage', Cell 'B10', Converting to a String
READ: Worksheet: 'CoverPage', Cell 'B11', Converting to a String
READ: Worksheet: 'CoverPage', Cell 'B12', Converting to a String
READ: Worksheet: 'CoverPage', Cell 'B13', Converting to a String
READ: Worksheet: 'CoverPage', Cell 'B14', Converting to a String
READ: Worksheet: 'CoverPage', Cell 'B16', Converting to a String
READ: Worksheet: 'CoverPage', Cell 'B17', Converting to a String
READ: Worksheet: 'CoverPage', Cell 'B18', Converting to a String
READ: Worksheet: 'CoverPage', Cell 'B19', Converting to a String
READ: Worksheet: 'CoverPage', Cell 'B3', Converting to a String
READ: Worksheet: 'CoverPage', Cell 'B15', Converting to a String
READ: Worksheet: 'CoverPage', Cell 'B5', Converting to a String
READ: Worksheet: 'Additional Information', Cell 'A2', Converting to a String
READ: Worksheet: 'Additional Information', Cell 'D2', Converting to a String
READ: Worksheet: 'Additional Information', Cell 'E2', Converting to a String
READ: Worksheet: 'Additional Information', Cell 'F2', Converting to a String
READ: Worksheet: 'CoverPage', Cell 'B3', Converting to a String
READ: Worksheet: 'Additional Information', Cell 'B2', Converting to a String
READ: Worksheet: 'Additional Information', Cell 'C2', Converting to a String
READ: Worksheet: 'Additional Information', Cell 'A3', Converting to a String
READ: Worksheet: 'Additional Information', Cell 'D3', Converting to a String
READ: Worksheet: 'Additional Information', Cell 'E3', Converting to a String
READ: Worksheet: 'Additional Information', Cell 'F3', Converting to a String
READ: Worksheet: 'CoverPage', Cell 'B3', Converting to a String
READ: Worksheet: 'Additional Information', Cell 'B3', Converting to a String
READ: Worksheet: 'Additional Information', Cell 'C3', Converting to a String
READ: Worksheet: 'Additional Information', Cell 'A4', Converting to a String
READ: Worksheet: 'SUMMARY', Cell 'M2', Converting to a String
READ: Worksheet: 'SUMMARY', Cell 'N2', Converting to a String
READ: Worksheet: 'SUMMARY', Cell 'O2', Converting to a String
READ: Worksheet: 'CoverPage', Cell 'B3', Converting to a String
READ: Worksheet: 'SUMMARY', Cell 'K2', Converting to a String
READ: Worksheet: 'SUMMARY', Cell 'C2', Converting to a String
READ: Worksheet: 'SUMMARY', Cell 'D2', Converting to a String
READ: Worksheet: 'SUMMARY', Cell 'L2', Converting to a String
READ: Worksheet: 'SUMMARY', Cell 'E2', Converting to a String
READ: Worksheet: 'SUMMARY', Cell 'G2', Converting to a String
READ: Worksheet: 'SUMMARY', Cell 'F2', Converting to a String
READ: Worksheet: 'SUMMARY', Cell 'H2', Converting to a String
READ: Worksheet: 'SUMMARY', Cell 'J2', Converting to a String
READ: Worksheet: 'SUMMARY', Cell 'I2', Converting to a String
READ: Worksheet: 'CE_AE', Cell 'A2', Converting to a String
READ: Worksheet: 'CE_AE', Cell 'H2', Converting to a String
READ: Worksheet: 'CE_AE', Cell 'G2', Converting to a String
READ: Worksheet: 'CE_AE', Cell 'E2', Converting to a String
READ: Worksheet: 'CE_AE', Cell 'D2', Converting to a String
READ: Worksheet: 'CE_AE', Cell 'C2', Converting to a String
READ: Worksheet: 'CE_AE', Cell 'B2', Converting to a String
READ: Worksheet: 'CE_AE', Cell 'A2', Converting to a String
READ: Worksheet: 'CE_AE', Cell 'K2', Converting to a String
READ: Worksheet: 'CE_AE', Cell 'J2', Converting to a String
READ: Worksheet: 'CE_AE', Cell 'L2', Converting to a String
READ: Worksheet: 'CE_AE', Cell 'F2', Converting to a String
READ: Worksheet: 'CE_AE', Cell 'I2', Converting to a String
READ: Worksheet: 'CE_AE', Cell 'A3', Converting to a String
READ: Worksheet: 'CE_AE', Cell 'H3', Converting to a String
READ: Worksheet: 'CE_AE', Cell 'G3', Converting to a String
READ: Worksheet: 'CE_AE', Cell 'E3', Converting to a String
READ: Worksheet: 'CE_AE', Cell 'D3', Converting to a String
READ: Worksheet: 'CE_AE', Cell 'C3', Converting to a String
READ: Worksheet: 'CE_AE', Cell 'B3', Converting to a String
READ: Worksheet: 'CE_AE', Cell 'A3', Converting to a String
READ: Worksheet: 'CE_AE', Cell 'K3', Converting to a String
READ: Worksheet: 'CE_AE', Cell 'J3', Converting to a String
READ: Worksheet: 'CE_AE', Cell 'L3', Converting to a String
READ: Worksheet: 'CE_AE', Cell 'F3', Converting to a String
READ: Worksheet: 'CE_AE', Cell 'I3', Converting to a String
READ: Worksheet: 'CE_AE', Cell 'A4', Converting to a String
READ: Worksheet: 'CE_AE', Cell 'H4', Converting to a String
READ: Worksheet: 'CE_AE', Cell 'G4', Converting to a String
READ: Worksheet: 'CE_AE', Cell 'E4', Converting to a String
READ: Worksheet: 'CE_AE', Cell 'D4', Converting to a String
READ: Worksheet: 'CE_AE', Cell 'C4', Converting to a String
READ: Worksheet: 'CE_AE', Cell 'B4', Converting to a String
READ: Worksheet: 'CE_AE', Cell 'A4', Converting to a String
READ: Worksheet: 'CE_AE', Cell 'K4', Converting to a String
READ: Worksheet: 'CE_AE', Cell 'J4', Converting to a String
READ: Worksheet: 'CE_AE', Cell 'L4', Converting to a String
READ: Worksheet: 'CE_AE', Cell 'F4', Converting to a String
READ: Worksheet: 'CE_AE', Cell 'I4', Converting to a String
READ: Worksheet: 'CE_AE', Cell 'A5', Converting to a String
READ: Worksheet: 'CE_AE', Cell 'H5', Converting to a String
READ: Worksheet: 'CE_AE', Cell 'G5', Converting to a String
READ: Worksheet: 'CE_AE', Cell 'E5', Converting to a String
READ: Worksheet: 'CE_AE', Cell 'D5', Converting to a String
READ: Worksheet: 'CE_AE', Cell 'C5', Converting to a String
READ: Worksheet: 'CE_AE', Cell 'B5', Converting to a String
READ: Worksheet: 'CE_AE', Cell 'A5', Converting to a String
READ: Worksheet: 'CE_AE', Cell 'K5', Converting to a String
READ: Worksheet: 'CE_AE', Cell 'J5', Converting to a String
READ: Worksheet: 'CE_AE', Cell 'L5', Converting to a String
READ: Worksheet: 'CE_AE', Cell 'F5', Converting to a String
READ: Worksheet: 'CE_AE', Cell 'I5', Converting to a String
READ: Worksheet: 'CE_AE', Cell 'A6', Converting to a String
READ: Worksheet: 'SUMMARY', Cell 'M3', Converting to a String
READ: Worksheet: 'SUMMARY', Cell 'N3', Converting to a String
READ: Worksheet: 'SUMMARY', Cell 'O3', Converting to a String
READ: Worksheet: 'CoverPage', Cell 'B3', Converting to a String
READ: Worksheet: 'SUMMARY', Cell 'K3', Converting to a String
READ: Worksheet: 'SUMMARY', Cell 'C3', Converting to a String
READ: Worksheet: 'SUMMARY', Cell 'D3', Converting to a String
READ: Worksheet: 'SUMMARY', Cell 'L3', Converting to a String
READ: Worksheet: 'SUMMARY', Cell 'E3', Converting to a String
READ: Worksheet: 'SUMMARY', Cell 'G3', Converting to a String
READ: Worksheet: 'SUMMARY', Cell 'F3', Converting to a String
READ: Worksheet: 'SUMMARY', Cell 'H3', Converting to a String
READ: Worksheet: 'SUMMARY', Cell 'J3', Converting to a String
READ: Worksheet: 'SUMMARY', Cell 'I3', Converting to a String
READ: Worksheet: 'CE_AT', Cell 'A2', Converting to a String
READ: Worksheet: 'CE_AT', Cell 'H2', Converting to a String
READ: Worksheet: 'CE_AT', Cell 'G2', Converting to a String
READ: Worksheet: 'CE_AT', Cell 'E2', Converting to a String
READ: Worksheet: 'CE_AT', Cell 'D2', Converting to a String
READ: Worksheet: 'CE_AT', Cell 'C2', Converting to a String
READ: Worksheet: 'CE_AT', Cell 'B2', Converting to a String
READ: Worksheet: 'CE_AT', Cell 'A2', Converting to a String
READ: Worksheet: 'CE_AT', Cell 'K2', Converting to a String
READ: Worksheet: 'CE_AT', Cell 'J2', Converting to a String
READ: Worksheet: 'CE_AT', Cell 'L2', Converting to a String
READ: Worksheet: 'CE_AT', Cell 'F2', Converting to a String
READ: Worksheet: 'CE_AT', Cell 'I2', Converting to a String
READ: Worksheet: 'CE_AT', Cell 'A3', Converting to a String
READ: Worksheet: 'CE_AT', Cell 'H3', Converting to a String
READ: Worksheet: 'CE_AT', Cell 'G3', Converting to a String
READ: Worksheet: 'CE_AT', Cell 'E3', Converting to a String
READ: Worksheet: 'CE_AT', Cell 'D3', Converting to a String
READ: Worksheet: 'CE_AT', Cell 'C3', Converting to a String
READ: Worksheet: 'CE_AT', Cell 'B3', Converting to a String
READ: Worksheet: 'CE_AT', Cell 'A3', Converting to a String
READ: Worksheet: 'CE_AT', Cell 'K3', Converting to a String
READ: Worksheet: 'CE_AT', Cell 'J3', Converting to a String
READ: Worksheet: 'CE_AT', Cell 'L3', Converting to a String
READ: Worksheet: 'CE_AT', Cell 'F3', Converting to a String
READ: Worksheet: 'CE_AT', Cell 'I3', Converting to a String
READ: Worksheet: 'CE_AT', Cell 'A4', Converting to a String
READ: Worksheet: 'CE_AT', Cell 'H4', Converting to a String
READ: Worksheet: 'CE_AT', Cell 'G4', Converting to a String
READ: Worksheet: 'CE_AT', Cell 'E4', Converting to a String
READ: Worksheet: 'CE_AT', Cell 'D4', Converting to a String
READ: Worksheet: 'CE_AT', Cell 'C4', Converting to a String
READ: Worksheet: 'CE_AT', Cell 'B4', Converting to a String
READ: Worksheet: 'CE_AT', Cell 'A4', Converting to a String
READ: Worksheet: 'CE_AT', Cell 'K4', Converting to a String
READ: Worksheet: 'CE_AT', Cell 'J4', Converting to a String
READ: Worksheet: 'CE_AT', Cell 'L4', Converting to a String
READ: Worksheet: 'CE_AT', Cell 'F4', Converting to a String
READ: Worksheet: 'CE_AT', Cell 'I4', Converting to a String
READ: Worksheet: 'CE_AT', Cell 'A5', Converting to a String
READ: Worksheet: 'SUMMARY', Cell 'M4', Converting to a String
READ: Worksheet: 'SUMMARY', Cell 'N4', Converting to a String
READ: Worksheet: 'SUMMARY', Cell 'O4', Converting to a String
READ: Worksheet: 'CoverPage', Cell 'B3', Converting to a String
READ: Worksheet: 'SUMMARY', Cell 'K4', Converting to a String
READ: Worksheet: 'SUMMARY', Cell 'C4', Converting to a String
READ: Worksheet: 'SUMMARY', Cell 'D4', Converting to a String
READ: Worksheet: 'SUMMARY', Cell 'L4', Converting to a String
READ: Worksheet: 'SUMMARY', Cell 'E4', Converting to a String
READ: Worksheet: 'SUMMARY', Cell 'G4', Converting to a String
READ: Worksheet: 'SUMMARY', Cell 'F4', Converting to a String
READ: Worksheet: 'SUMMARY', Cell 'H4', Converting to a String
READ: Worksheet: 'SUMMARY', Cell 'J4', Converting to a String
READ: Worksheet: 'SUMMARY', Cell 'I4', Converting to a String
READ: Worksheet: 'CE_BE', Cell 'A2', Converting to a String
READ: Worksheet: 'CE_BE', Cell 'H2', Converting to a String
READ: Worksheet: 'CE_BE', Cell 'G2', Converting to a String
READ: Worksheet: 'CE_BE', Cell 'E2', Converting to a String
READ: Worksheet: 'CE_BE', Cell 'D2', Converting to a String
READ: Worksheet: 'CE_BE', Cell 'C2', Converting to a String
READ: Worksheet: 'CE_BE', Cell 'B2', Converting to a String
READ: Worksheet: 'CE_BE', Cell 'A2', Converting to a String
READ: Worksheet: 'CE_BE', Cell 'K2', Converting to a String
READ: Worksheet: 'CE_BE', Cell 'J2', Converting to a String
READ: Worksheet: 'CE_BE', Cell 'L2', Converting to a String
READ: Worksheet: 'CE_BE', Cell 'F2', Converting to a String
READ: Worksheet: 'CE_BE', Cell 'I2', Converting to a String
READ: Worksheet: 'CE_BE', Cell 'A3', Converting to a String
READ: Worksheet: 'CE_BE', Cell 'H3', Converting to a String
READ: Worksheet: 'CE_BE', Cell 'G3', Converting to a String
READ: Worksheet: 'CE_BE', Cell 'E3', Converting to a String
READ: Worksheet: 'CE_BE', Cell 'D3', Converting to a String
READ: Worksheet: 'CE_BE', Cell 'C3', Converting to a String
READ: Worksheet: 'CE_BE', Cell 'B3', Converting to a String
READ: Worksheet: 'CE_BE', Cell 'A3', Converting to a String
READ: Worksheet: 'CE_BE', Cell 'K3', Converting to a String
READ: Worksheet: 'CE_BE', Cell 'J3', Converting to a String
READ: Worksheet: 'CE_BE', Cell 'L3', Converting to a String
READ: Worksheet: 'CE_BE', Cell 'F3', Converting to a String
READ: Worksheet: 'CE_BE', Cell 'I3', Converting to a String
READ: Worksheet: 'CE_BE', Cell 'A4', Converting to a String
READ: Worksheet: 'CE_BE', Cell 'H4', Converting to a String
READ: Worksheet: 'CE_BE', Cell 'G4', Converting to a String
READ: Worksheet: 'CE_BE', Cell 'E4', Converting to a String
READ: Worksheet: 'CE_BE', Cell 'D4', Converting to a String
READ: Worksheet: 'CE_BE', Cell 'C4', Converting to a String
READ: Worksheet: 'CE_BE', Cell 'B4', Converting to a String
READ: Worksheet: 'CE_BE', Cell 'A4', Converting to a String
READ: Worksheet: 'CE_BE', Cell 'K4', Converting to a String
READ: Worksheet: 'CE_BE', Cell 'J4', Converting to a String
READ: Worksheet: 'CE_BE', Cell 'L4', Converting to a String
READ: Worksheet: 'CE_BE', Cell 'F4', Converting to a String
READ: Worksheet: 'CE_BE', Cell 'I4', Converting to a String
READ: Worksheet: 'CE_BE', Cell 'A5', Converting to a String
READ: Worksheet: 'CE_BE', Cell 'H5', Converting to a String
READ: Worksheet: 'CE_BE', Cell 'G5', Converting to a String
READ: Worksheet: 'CE_BE', Cell 'E5', Converting to a String
READ: Worksheet: 'CE_BE', Cell 'D5', Converting to a String
READ: Worksheet: 'CE_BE', Cell 'C5', Converting to a String
READ: Worksheet: 'CE_BE', Cell 'B5', Converting to a String
READ: Worksheet: 'CE_BE', Cell 'A5', Converting to a String
READ: Worksheet: 'CE_BE', Cell 'K5', Converting to a String
READ: Worksheet: 'CE_BE', Cell 'J5', Converting to a String
READ: Worksheet: 'CE_BE', Cell 'L5', Converting to a String
READ: Worksheet: 'CE_BE', Cell 'F5', Converting to a String
READ: Worksheet: 'CE_BE', Cell 'I5', Converting to a String
READ: Worksheet: 'CE_BE', Cell 'A6', Converting to a String
READ: Worksheet: 'CE_BE', Cell 'H6', Converting to a String
READ: Worksheet: 'CE_BE', Cell 'G6', Converting to a String
READ: Worksheet: 'CE_BE', Cell 'E6', Converting to a String
READ: Worksheet: 'CE_BE', Cell 'D6', Converting to a String
READ: Worksheet: 'CE_BE', Cell 'C6', Converting to a String
READ: Worksheet: 'CE_BE', Cell 'B6', Converting to a String
READ: Worksheet: 'CE_BE', Cell 'A6', Converting to a String
READ: Worksheet: 'CE_BE', Cell 'K6', Converting to a String
READ: Worksheet: 'CE_BE', Cell 'J6', Converting to a String
READ: Worksheet: 'CE_BE', Cell 'L6', Converting to a String
READ: Worksheet: 'CE_BE', Cell 'F6', Converting to a String
READ: Worksheet: 'CE_BE', Cell 'I6', Converting to a String
READ: Worksheet: 'CE_BE', Cell 'A7', Converting to a String
READ: Worksheet: 'CE_BE', Cell 'H7', Converting to a String
READ: Worksheet: 'CE_BE', Cell 'G7', Converting to a String
READ: Worksheet: 'CE_BE', Cell 'E7', Converting to a String
READ: Worksheet: 'CE_BE', Cell 'D7', Converting to a String
READ: Worksheet: 'CE_BE', Cell 'C7', Converting to a String
READ: Worksheet: 'CE_BE', Cell 'B7', Converting to a String
READ: Worksheet: 'CE_BE', Cell 'A7', Converting to a String
READ: Worksheet: 'CE_BE', Cell 'K7', Converting to a String
READ: Worksheet: 'CE_BE', Cell 'J7', Converting to a String
READ: Worksheet: 'CE_BE', Cell 'L7', Converting to a String
READ: Worksheet: 'CE_BE', Cell 'F7', Converting to a String
READ: Worksheet: 'CE_BE', Cell 'I7', Converting to a String
READ: Worksheet: 'CE_BE', Cell 'A8', Converting to a String
READ: Worksheet: 'CE_BE', Cell 'H8', Converting to a String
READ: Worksheet: 'CE_BE', Cell 'G8', Converting to a String
READ: Worksheet: 'CE_BE', Cell 'E8', Converting to a String
READ: Worksheet: 'CE_BE', Cell 'D8', Converting to a String
READ: Worksheet: 'CE_BE', Cell 'C8', Converting to a String
READ: Worksheet: 'CE_BE', Cell 'B8', Converting to a String
READ: Worksheet: 'CE_BE', Cell 'A8', Converting to a String
READ: Worksheet: 'CE_BE', Cell 'K8', Converting to a String
READ: Worksheet: 'CE_BE', Cell 'J8', Converting to a String
READ: Worksheet: 'CE_BE', Cell 'L8', Converting to a String
READ: Worksheet: 'CE_BE', Cell 'F8', Converting to a String
READ: Worksheet: 'CE_BE', Cell 'I8', Converting to a String
READ: Worksheet: 'CE_BE', Cell 'A9', Converting to a String
READ: Worksheet: 'SUMMARY', Cell 'M5', Converting to a String
READ: Worksheet: 'SUMMARY', Cell 'N5', Converting to a String
READ: Worksheet: 'SUMMARY', Cell 'O5', Converting to a String
READ: Worksheet: 'CoverPage', Cell 'B3', Converting to a String
READ: Worksheet: 'SUMMARY', Cell 'K5', Converting to a String
READ: Worksheet: 'SUMMARY', Cell 'C5', Converting to a String
READ: Worksheet: 'SUMMARY', Cell 'D5', Converting to a String
READ: Worksheet: 'SUMMARY', Cell 'L5', Converting to a String
READ: Worksheet: 'SUMMARY', Cell 'E5', Converting to a String
READ: Worksheet: 'SUMMARY', Cell 'G5', Converting to a String
READ: Worksheet: 'SUMMARY', Cell 'F5', Converting to a String
READ: Worksheet: 'SUMMARY', Cell 'H5', Converting to a String
READ: Worksheet: 'SUMMARY', Cell 'J5', Converting to a String
READ: Worksheet: 'SUMMARY', Cell 'I5', Converting to a String
READ: Worksheet: 'CE_BW', Cell 'A2', Converting to a String
READ: Worksheet: 'CE_BW', Cell 'H2', Converting to a String
READ: Worksheet: 'CE_BW', Cell 'G2', Converting to a String
READ: Worksheet: 'CE_BW', Cell 'E2', Converting to a String
READ: Worksheet: 'CE_BW', Cell 'D2', Converting to a String
READ: Worksheet: 'CE_BW', Cell 'C2', Converting to a String
READ: Worksheet: 'CE_BW', Cell 'B2', Converting to a String
READ: Worksheet: 'CE_BW', Cell 'A2', Converting to a String
READ: Worksheet: 'CE_BW', Cell 'K2', Converting to a String
READ: Worksheet: 'CE_BW', Cell 'J2', Converting to a String
READ: Worksheet: 'CE_BW', Cell 'L2', Converting to a String
READ: Worksheet: 'CE_BW', Cell 'F2', Converting to a String
READ: Worksheet: 'CE_BW', Cell 'I2', Converting to a String
READ: Worksheet: 'CE_BW', Cell 'A3', Converting to a String
READ: Worksheet: 'CE_BW', Cell 'H3', Converting to a String
READ: Worksheet: 'CE_BW', Cell 'G3', Converting to a String
READ: Worksheet: 'CE_BW', Cell 'E3', Converting to a String
READ: Worksheet: 'CE_BW', Cell 'D3', Converting to a String
READ: Worksheet: 'CE_BW', Cell 'C3', Converting to a String
READ: Worksheet: 'CE_BW', Cell 'B3', Converting to a String
READ: Worksheet: 'CE_BW', Cell 'A3', Converting to a String
READ: Worksheet: 'CE_BW', Cell 'K3', Converting to a String
READ: Worksheet: 'CE_BW', Cell 'J3', Converting to a String
READ: Worksheet: 'CE_BW', Cell 'L3', Converting to a String
READ: Worksheet: 'CE_BW', Cell 'F3', Converting to a String
READ: Worksheet: 'CE_BW', Cell 'I3', Converting to a String
READ: Worksheet: 'CE_BW', Cell 'A4', Converting to a String
READ: Worksheet: 'CE_BW', Cell 'H4', Converting to a String
READ: Worksheet: 'CE_BW', Cell 'G4', Converting to a String
READ: Worksheet: 'CE_BW', Cell 'E4', Converting to a String
READ: Worksheet: 'CE_BW', Cell 'D4', Converting to a String
READ: Worksheet: 'CE_BW', Cell 'C4', Converting to a String
READ: Worksheet: 'CE_BW', Cell 'B4', Converting to a String
READ: Worksheet: 'CE_BW', Cell 'A4', Converting to a String
READ: Worksheet: 'CE_BW', Cell 'K4', Converting to a String
READ: Worksheet: 'CE_BW', Cell 'J4', Converting to a String
READ: Worksheet: 'CE_BW', Cell 'L4', Converting to a String
READ: Worksheet: 'CE_BW', Cell 'F4', Converting to a String
READ: Worksheet: 'CE_BW', Cell 'I4', Converting to a String
READ: Worksheet: 'CE_BW', Cell 'A5', Converting to a String
READ: Worksheet: 'CE_BW', Cell 'H5', Converting to a String
READ: Worksheet: 'CE_BW', Cell 'G5', Converting to a String
READ: Worksheet: 'CE_BW', Cell 'E5', Converting to a String
READ: Worksheet: 'CE_BW', Cell 'D5', Converting to a String
READ: Worksheet: 'CE_BW', Cell 'C5', Converting to a String
READ: Worksheet: 'CE_BW', Cell 'B5', Converting to a String
READ: Worksheet: 'CE_BW', Cell 'A5', Converting to a String
READ: Worksheet: 'CE_BW', Cell 'K5', Converting to a String
READ: Worksheet: 'CE_BW', Cell 'J5', Converting to a String
READ: Worksheet: 'CE_BW', Cell 'L5', Converting to a String
READ: Worksheet: 'CE_BW', Cell 'F5', Converting to a String
READ: Worksheet: 'CE_BW', Cell 'I5', Converting to a String
READ: Worksheet: 'CE_BW', Cell 'A6', Converting to a String
READ: Worksheet: 'CE_BW', Cell 'H6', Converting to a String
READ: Worksheet: 'CE_BW', Cell 'G6', Converting to a String
READ: Worksheet: 'CE_BW', Cell 'E6', Converting to a String
READ: Worksheet: 'CE_BW', Cell 'D6', Converting to a String
READ: Worksheet: 'CE_BW', Cell 'C6', Converting to a String
READ: Worksheet: 'CE_BW', Cell 'B6', Converting to a String
READ: Worksheet: 'CE_BW', Cell 'A6', Converting to a String
READ: Worksheet: 'CE_BW', Cell 'K6', Converting to a String
READ: Worksheet: 'CE_BW', Cell 'J6', Converting to a String
READ: Worksheet: 'CE_BW', Cell 'L6', Converting to a String
READ: Worksheet: 'CE_BW', Cell 'F6', Converting to a String
READ: Worksheet: 'CE_BW', Cell 'I6', Converting to a String
READ: Worksheet: 'CE_BW', Cell 'A7', Converting to a String
READ: Worksheet: 'SUMMARY', Cell 'M6', Converting to a String
READ: Worksheet: 'SUMMARY', Cell 'N6', Converting to a String
READ: Worksheet: 'SUMMARY', Cell 'O6', Converting to a String
READ: Worksheet: 'CoverPage', Cell 'B3', Converting to a String
READ: Worksheet: 'SUMMARY', Cell 'K6', Converting to a String
READ: Worksheet: 'SUMMARY', Cell 'C6', Converting to a String
READ: Worksheet: 'SUMMARY', Cell 'D6', Converting to a String
READ: Worksheet: 'SUMMARY', Cell 'L6', Converting to a String
READ: Worksheet: 'SUMMARY', Cell 'E6', Converting to a String
READ: Worksheet: 'SUMMARY', Cell 'G6', Converting to a String
READ: Worksheet: 'SUMMARY', Cell 'F6', Converting to a String
READ: Worksheet: 'SUMMARY', Cell 'H6', Converting to a String
READ: Worksheet: 'SUMMARY', Cell 'J6', Converting to a String
READ: Worksheet: 'SUMMARY', Cell 'I6', Converting to a String
READ: Worksheet: 'CE_CH', Cell 'A2', Converting to a String
READ: Worksheet: 'CE_CH', Cell 'H2', Converting to a String
READ: Worksheet: 'CE_CH', Cell 'G2', Converting to a String
READ: Worksheet: 'CE_CH', Cell 'E2', Converting to a String
READ: Worksheet: 'CE_CH', Cell 'D2', Converting to a String
READ: Worksheet: 'CE_CH', Cell 'C2', Converting to a String
READ: Worksheet: 'CE_CH', Cell 'B2', Converting to a String
READ: Worksheet: 'CE_CH', Cell 'A2', Converting to a String
READ: Worksheet: 'CE_CH', Cell 'K2', Converting to a String
READ: Worksheet: 'CE_CH', Cell 'J2', Converting to a String
READ: Worksheet: 'CE_CH', Cell 'L2', Converting to a String
READ: Worksheet: 'CE_CH', Cell 'F2', Converting to a String
READ: Worksheet: 'CE_CH', Cell 'I2', Converting to a String
READ: Worksheet: 'CE_CH', Cell 'A3', Converting to a String
READ: Worksheet: 'CE_CH', Cell 'H3', Converting to a String
READ: Worksheet: 'CE_CH', Cell 'G3', Converting to a String
READ: Worksheet: 'CE_CH', Cell 'E3', Converting to a String
READ: Worksheet: 'CE_CH', Cell 'D3', Converting to a String
READ: Worksheet: 'CE_CH', Cell 'C3', Converting to a String
READ: Worksheet: 'CE_CH', Cell 'B3', Converting to a String
READ: Worksheet: 'CE_CH', Cell 'A3', Converting to a String
READ: Worksheet: 'CE_CH', Cell 'K3', Converting to a String
READ: Worksheet: 'CE_CH', Cell 'J3', Converting to a String
READ: Worksheet: 'CE_CH', Cell 'L3', Converting to a String
READ: Worksheet: 'CE_CH', Cell 'F3', Converting to a String
READ: Worksheet: 'CE_CH', Cell 'I3', Converting to a String
READ: Worksheet: 'CE_CH', Cell 'A4', Converting to a String
READ: Worksheet: 'CE_CH', Cell 'H4', Converting to a String
READ: Worksheet: 'CE_CH', Cell 'G4', Converting to a String
READ: Worksheet: 'CE_CH', Cell 'E4', Converting to a String
READ: Worksheet: 'CE_CH', Cell 'D4', Converting to a String
READ: Worksheet: 'CE_CH', Cell 'C4', Converting to a String
READ: Worksheet: 'CE_CH', Cell 'B4', Converting to a String
READ: Worksheet: 'CE_CH', Cell 'A4', Converting to a String
READ: Worksheet: 'CE_CH', Cell 'K4', Converting to a String
READ: Worksheet: 'CE_CH', Cell 'J4', Converting to a String
READ: Worksheet: 'CE_CH', Cell 'L4', Converting to a String
READ: Worksheet: 'CE_CH', Cell 'F4', Converting to a String
READ: Worksheet: 'CE_CH', Cell 'I4', Converting to a String
READ: Worksheet: 'CE_CH', Cell 'A5', Converting to a String
READ: Worksheet: 'SUMMARY', Cell 'M7', Converting to a String
READ: Worksheet: 'SUMMARY', Cell 'N7', Converting to a String
READ: Worksheet: 'SUMMARY', Cell 'O7', Converting to a String
READ: Worksheet: 'CoverPage', Cell 'B3', Converting to a String
READ: Worksheet: 'SUMMARY', Cell 'K7', Converting to a String
READ: Worksheet: 'SUMMARY', Cell 'C7', Converting to a String
READ: Worksheet: 'SUMMARY', Cell 'D7', Converting to a String
READ: Worksheet: 'SUMMARY', Cell 'L7', Converting to a String
READ: Worksheet: 'SUMMARY', Cell 'E7', Converting to a String
READ: Worksheet: 'SUMMARY', Cell 'G7', Converting to a String
READ: Worksheet: 'SUMMARY', Cell 'F7', Converting to a String
READ: Worksheet: 'SUMMARY', Cell 'H7', Converting to a String
READ: Worksheet: 'SUMMARY', Cell 'J7', Converting to a String
READ: Worksheet: 'SUMMARY', Cell 'I7', Converting to a String
READ: Worksheet: 'CE_CN', Cell 'A2', Converting to a String
READ: Worksheet: 'CE_CN', Cell 'H2', Converting to a String
READ: Worksheet: 'CE_CN', Cell 'G2', Converting to a String
READ: Worksheet: 'CE_CN', Cell 'E2', Converting to a String
READ: Worksheet: 'CE_CN', Cell 'D2', Converting to a String
READ: Worksheet: 'CE_CN', Cell 'C2', Converting to a String
READ: Worksheet: 'CE_CN', Cell 'B2', Converting to a String
READ: Worksheet: 'CE_CN', Cell 'A2', Converting to a String
READ: Worksheet: 'CE_CN', Cell 'K2', Converting to a String
READ: Worksheet: 'CE_CN', Cell 'J2', Converting to a String
READ: Worksheet: 'CE_CN', Cell 'L2', Converting to a String
READ: Worksheet: 'CE_CN', Cell 'F2', Converting to a String
READ: Worksheet: 'CE_CN', Cell 'I2', Converting to a String
READ: Worksheet: 'CE_CN', Cell 'A3', Converting to a String
READ: Worksheet: 'CE_CN', Cell 'H3', Converting to a String
READ: Worksheet: 'CE_CN', Cell 'G3', Converting to a String
READ: Worksheet: 'CE_CN', Cell 'E3', Converting to a String
READ: Worksheet: 'CE_CN', Cell 'D3', Converting to a String
READ: Worksheet: 'CE_CN', Cell 'C3', Converting to a String
READ: Worksheet: 'CE_CN', Cell 'B3', Converting to a String
READ: Worksheet: 'CE_CN', Cell 'A3', Converting to a String
READ: Worksheet: 'CE_CN', Cell 'K3', Converting to a String
READ: Worksheet: 'CE_CN', Cell 'J3', Converting to a String
READ: Worksheet: 'CE_CN', Cell 'L3', Converting to a String
READ: Worksheet: 'CE_CN', Cell 'F3', Converting to a String
READ: Worksheet: 'CE_CN', Cell 'I3', Converting to a String
READ: Worksheet: 'CE_CN', Cell 'A4', Converting to a String
READ: Worksheet: 'CE_CN', Cell 'H4', Converting to a String
READ: Worksheet: 'CE_CN', Cell 'G4', Converting to a String
READ: Worksheet: 'CE_CN', Cell 'E4', Converting to a String
READ: Worksheet: 'CE_CN', Cell 'D4', Converting to a String
READ: Worksheet: 'CE_CN', Cell 'C4', Converting to a String
READ: Worksheet: 'CE_CN', Cell 'B4', Converting to a String
READ: Worksheet: 'CE_CN', Cell 'A4', Converting to a String
READ: Worksheet: 'CE_CN', Cell 'K4', Converting to a String
READ: Worksheet: 'CE_CN', Cell 'J4', Converting to a String
READ: Worksheet: 'CE_CN', Cell 'L4', Converting to a String
READ: Worksheet: 'CE_CN', Cell 'F4', Converting to a String
READ: Worksheet: 'CE_CN', Cell 'I4', Converting to a String
READ: Worksheet: 'CE_CN', Cell 'A5', Converting to a String
READ: Worksheet: 'SUMMARY', Cell 'M8', Converting to a String
READ: Worksheet: 'SUMMARY', Cell 'N8', Converting to a String
READ: Worksheet: 'SUMMARY', Cell 'O8', Converting to a String
READ: Worksheet: 'CoverPage', Cell 'B3', Converting to a String
READ: Worksheet: 'SUMMARY', Cell 'K8', Converting to a String
READ: Worksheet: 'SUMMARY', Cell 'C8', Converting to a String
READ: Worksheet: 'SUMMARY', Cell 'D8', Converting to a String
READ: Worksheet: 'SUMMARY', Cell 'L8', Converting to a String
READ: Worksheet: 'SUMMARY', Cell 'E8', Converting to a String
READ: Worksheet: 'SUMMARY', Cell 'G8', Converting to a String
READ: Worksheet: 'SUMMARY', Cell 'F8', Converting to a String
READ: Worksheet: 'SUMMARY', Cell 'H8', Converting to a String
READ: Worksheet: 'SUMMARY', Cell 'J8', Converting to a String
READ: Worksheet: 'SUMMARY', Cell 'I8', Converting to a String
READ: Worksheet: 'CE_CZ', Cell 'A2', Converting to a String
READ: Worksheet: 'CE_CZ', Cell 'H2', Converting to a String
READ: Worksheet: 'CE_CZ', Cell 'G2', Converting to a String
READ: Worksheet: 'CE_CZ', Cell 'E2', Converting to a String
READ: Worksheet: 'CE_CZ', Cell 'D2', Converting to a String
READ: Worksheet: 'CE_CZ', Cell 'C2', Converting to a String
READ: Worksheet: 'CE_CZ', Cell 'B2', Converting to a String
READ: Worksheet: 'CE_CZ', Cell 'A2', Converting to a String
READ: Worksheet: 'CE_CZ', Cell 'K2', Converting to a String
READ: Worksheet: 'CE_CZ', Cell 'J2', Converting to a String
READ: Worksheet: 'CE_CZ', Cell 'L2', Converting to a String
READ: Worksheet: 'CE_CZ', Cell 'F2', Converting to a String
READ: Worksheet: 'CE_CZ', Cell 'I2', Converting to a String
READ: Worksheet: 'CE_CZ', Cell 'A3', Converting to a String
READ: Worksheet: 'CE_CZ', Cell 'H3', Converting to a String
READ: Worksheet: 'CE_CZ', Cell 'G3', Converting to a String
READ: Worksheet: 'CE_CZ', Cell 'E3', Converting to a String
READ: Worksheet: 'CE_CZ', Cell 'D3', Converting to a String
READ: Worksheet: 'CE_CZ', Cell 'C3', Converting to a String
READ: Worksheet: 'CE_CZ', Cell 'B3', Converting to a String
READ: Worksheet: 'CE_CZ', Cell 'A3', Converting to a String
READ: Worksheet: 'CE_CZ', Cell 'K3', Converting to a String
READ: Worksheet: 'CE_CZ', Cell 'J3', Converting to a String
READ: Worksheet: 'CE_CZ', Cell 'L3', Converting to a String
READ: Worksheet: 'CE_CZ', Cell 'F3', Converting to a String
READ: Worksheet: 'CE_CZ', Cell 'I3', Converting to a String
READ: Worksheet: 'CE_CZ', Cell 'A4', Converting to a String
READ: Worksheet: 'SUMMARY', Cell 'M9', Converting to a String
READ: Worksheet: 'SUMMARY', Cell 'N9', Converting to a String
READ: Worksheet: 'SUMMARY', Cell 'O9', Converting to a String
READ: Worksheet: 'CoverPage', Cell 'B3', Converting to a String
READ: Worksheet: 'SUMMARY', Cell 'K9', Converting to a String
READ: Worksheet: 'SUMMARY', Cell 'C9', Converting to a String
READ: Worksheet: 'SUMMARY', Cell 'D9', Converting to a String
READ: Worksheet: 'SUMMARY', Cell 'L9', Converting to a String
READ: Worksheet: 'SUMMARY', Cell 'E9', Converting to a String
READ: Worksheet: 'SUMMARY', Cell 'G9', Converting to a String
READ: Worksheet: 'SUMMARY', Cell 'F9', Converting to a String
READ: Worksheet: 'SUMMARY', Cell 'H9', Converting to a String
READ: Worksheet: 'SUMMARY', Cell 'J9', Converting to a String
READ: Worksheet: 'SUMMARY', Cell 'I9', Converting to a String
READ: Worksheet: 'CE_DE', Cell 'A2', Converting to a String
READ: Worksheet: 'CE_DE', Cell 'H2', Converting to a String
READ: Worksheet: 'CE_DE', Cell 'G2', Converting to a String
READ: Worksheet: 'CE_DE', Cell 'E2', Converting to a String
READ: Worksheet: 'CE_DE', Cell 'D2', Converting to a String
READ: Worksheet: 'CE_DE', Cell 'C2', Converting to a String
READ: Worksheet: 'CE_DE', Cell 'B2', Converting to a String
READ: Worksheet: 'CE_DE', Cell 'A2', Converting to a String
READ: Worksheet: 'CE_DE', Cell 'K2', Converting to a String
READ: Worksheet: 'CE_DE', Cell 'J2', Converting to a String
READ: Worksheet: 'CE_DE', Cell 'L2', Converting to a String
READ: Worksheet: 'CE_DE', Cell 'F2', Converting to a String
READ: Worksheet: 'CE_DE', Cell 'I2', Converting to a String
READ: Worksheet: 'CE_DE', Cell 'A3', Converting to a String
READ: Worksheet: 'CE_DE', Cell 'H3', Converting to a String
READ: Worksheet: 'CE_DE', Cell 'G3', Converting to a String
READ: Worksheet: 'CE_DE', Cell 'E3', Converting to a String
READ: Worksheet: 'CE_DE', Cell 'D3', Converting to a String
READ: Worksheet: 'CE_DE', Cell 'C3', Converting to a String
READ: Worksheet: 'CE_DE', Cell 'B3', Converting to a String
READ: Worksheet: 'CE_DE', Cell 'A3', Converting to a String
READ: Worksheet: 'CE_DE', Cell 'K3', Converting to a String
READ: Worksheet: 'CE_DE', Cell 'J3', Converting to a String
READ: Worksheet: 'CE_DE', Cell 'L3', Converting to a String
READ: Worksheet: 'CE_DE', Cell 'F3', Converting to a String
READ: Worksheet: 'CE_DE', Cell 'I3', Converting to a String
READ: Worksheet: 'CE_DE', Cell 'A4', Converting to a String
READ: Worksheet: 'CE_DE', Cell 'H4', Converting to a String
READ: Worksheet: 'CE_DE', Cell 'G4', Converting to a String
READ: Worksheet: 'CE_DE', Cell 'E4', Converting to a String
READ: Worksheet: 'CE_DE', Cell 'D4', Converting to a String
READ: Worksheet: 'CE_DE', Cell 'C4', Converting to a String
READ: Worksheet: 'CE_DE', Cell 'B4', Converting to a String
READ: Worksheet: 'CE_DE', Cell 'A4', Converting to a String
READ: Worksheet: 'CE_DE', Cell 'K4', Converting to a String
READ: Worksheet: 'CE_DE', Cell 'J4', Converting to a String
READ: Worksheet: 'CE_DE', Cell 'L4', Converting to a String
READ: Worksheet: 'CE_DE', Cell 'F4', Converting to a String
READ: Worksheet: 'CE_DE', Cell 'I4', Converting to a String
READ: Worksheet: 'CE_DE', Cell 'A5', Converting to a String
READ: Worksheet: 'CE_DE', Cell 'H5', Converting to a String
READ: Worksheet: 'CE_DE', Cell 'G5', Converting to a String
READ: Worksheet: 'CE_DE', Cell 'E5', Converting to a String
READ: Worksheet: 'CE_DE', Cell 'D5', Converting to a String
READ: Worksheet: 'CE_DE', Cell 'C5', Converting to a String
READ: Worksheet: 'CE_DE', Cell 'B5', Converting to a String
READ: Worksheet: 'CE_DE', Cell 'A5', Converting to a String
READ: Worksheet: 'CE_DE', Cell 'K5', Converting to a String
READ: Worksheet: 'CE_DE', Cell 'J5', Converting to a String
READ: Worksheet: 'CE_DE', Cell 'L5', Converting to a String
READ: Worksheet: 'CE_DE', Cell 'F5', Converting to a String
READ: Worksheet: 'CE_DE', Cell 'I5', Converting to a String
READ: Worksheet: 'CE_DE', Cell 'A6', Converting to a String
READ: Worksheet: 'CE_DE', Cell 'H6', Converting to a String
READ: Worksheet: 'CE_DE', Cell 'G6', Converting to a String
READ: Worksheet: 'CE_DE', Cell 'E6', Converting to a String
READ: Worksheet: 'CE_DE', Cell 'D6', Converting to a String
READ: Worksheet: 'CE_DE', Cell 'C6', Converting to a String
READ: Worksheet: 'CE_DE', Cell 'B6', Converting to a String
READ: Worksheet: 'CE_DE', Cell 'A6', Converting to a String
READ: Worksheet: 'CE_DE', Cell 'K6', Converting to a String
READ: Worksheet: 'CE_DE', Cell 'J6', Converting to a String
READ: Worksheet: 'CE_DE', Cell 'L6', Converting to a String
READ: Worksheet: 'CE_DE', Cell 'F6', Converting to a String
READ: Worksheet: 'CE_DE', Cell 'I6', Converting to a String
READ: Worksheet: 'CE_DE', Cell 'A7', Converting to a String
READ: Worksheet: 'CE_DE', Cell 'H7', Converting to a String
READ: Worksheet: 'CE_DE', Cell 'G7', Converting to a String
READ: Worksheet: 'CE_DE', Cell 'E7', Converting to a String
READ: Worksheet: 'CE_DE', Cell 'D7', Converting to a String
READ: Worksheet: 'CE_DE', Cell 'C7', Converting to a String
READ: Worksheet: 'CE_DE', Cell 'B7', Converting to a String
READ: Worksheet: 'CE_DE', Cell 'A7', Converting to a String
READ: Worksheet: 'CE_DE', Cell 'K7', Converting to a String
READ: Worksheet: 'CE_DE', Cell 'J7', Converting to a String
READ: Worksheet: 'CE_DE', Cell 'L7', Converting to a String
READ: Worksheet: 'CE_DE', Cell 'F7', Converting to a String
READ: Worksheet: 'CE_DE', Cell 'I7', Converting to a String
READ: Worksheet: 'CE_DE', Cell 'A8', Converting to a String
READ: Worksheet: 'CE_DE', Cell 'H8', Converting to a String
READ: Worksheet: 'CE_DE', Cell 'G8', Converting to a String
READ: Worksheet: 'CE_DE', Cell 'E8', Converting to a String
READ: Worksheet: 'CE_DE', Cell 'D8', Converting to a String
READ: Worksheet: 'CE_DE', Cell 'C8', Converting to a String
READ: Worksheet: 'CE_DE', Cell 'B8', Converting to a String
READ: Worksheet: 'CE_DE', Cell 'A8', Converting to a String
READ: Worksheet: 'CE_DE', Cell 'K8', Converting to a String
READ: Worksheet: 'CE_DE', Cell 'J8', Converting to a String
READ: Worksheet: 'CE_DE', Cell 'L8', Converting to a String
READ: Worksheet: 'CE_DE', Cell 'F8', Converting to a String
READ: Worksheet: 'CE_DE', Cell 'I8', Converting to a String
READ: Worksheet: 'CE_DE', Cell 'A9', Converting to a String
READ: Worksheet: 'CE_DE', Cell 'H9', Converting to a String
READ: Worksheet: 'CE_DE', Cell 'G9', Converting to a String
READ: Worksheet: 'CE_DE', Cell 'E9', Converting to a String
READ: Worksheet: 'CE_DE', Cell 'D9', Converting to a String
READ: Worksheet: 'CE_DE', Cell 'C9', Converting to a String
READ: Worksheet: 'CE_DE', Cell 'B9', Converting to a String
READ: Worksheet: 'CE_DE', Cell 'A9', Converting to a String
READ: Worksheet: 'CE_DE', Cell 'K9', Converting to a String
READ: Worksheet: 'CE_DE', Cell 'J9', Converting to a String
READ: Worksheet: 'CE_DE', Cell 'L9', Converting to a String
READ: Worksheet: 'CE_DE', Cell 'F9', Converting to a String
READ: Worksheet: 'CE_DE', Cell 'I9', Converting to a String
READ: Worksheet: 'CE_DE', Cell 'A10', Converting to a String
READ: Worksheet: 'CE_DE', Cell 'H10', Converting to a String
READ: Worksheet: 'CE_DE', Cell 'G10', Converting to a String
READ: Worksheet: 'CE_DE', Cell 'E10', Converting to a String
READ: Worksheet: 'CE_DE', Cell 'D10', Converting to a String
READ: Worksheet: 'CE_DE', Cell 'C10', Converting to a String
READ: Worksheet: 'CE_DE', Cell 'B10', Converting to a String
READ: Worksheet: 'CE_DE', Cell 'A10', Converting to a String
READ: Worksheet: 'CE_DE', Cell 'K10', Converting to a String
READ: Worksheet: 'CE_DE', Cell 'J10', Converting to a String
READ: Worksheet: 'CE_DE', Cell 'L10', Converting to a String
READ: Worksheet: 'CE_DE', Cell 'F10', Converting to a String
READ: Worksheet: 'CE_DE', Cell 'I10', Converting to a String
READ: Worksheet: 'CE_DE', Cell 'A11', Converting to a String
READ: Worksheet: 'CE_DE', Cell 'H11', Converting to a String
READ: Worksheet: 'CE_DE', Cell 'G11', Converting to a String
READ: Worksheet: 'CE_DE', Cell 'E11', Converting to a String
READ: Worksheet: 'CE_DE', Cell 'D11', Converting to a String
READ: Worksheet: 'CE_DE', Cell 'C11', Converting to a String
READ: Worksheet: 'CE_DE', Cell 'B11', Converting to a String
READ: Worksheet: 'CE_DE', Cell 'A11', Converting to a String
READ: Worksheet: 'CE_DE', Cell 'K11', Converting to a String
READ: Worksheet: 'CE_DE', Cell 'J11', Converting to a String
READ: Worksheet: 'CE_DE', Cell 'L11', Converting to a String
READ: Worksheet: 'CE_DE', Cell 'F11', Converting to a String
READ: Worksheet: 'CE_DE', Cell 'I11', Converting to a String
READ: Worksheet: 'CE_DE', Cell 'A12', Converting to a String
READ: Worksheet: 'CE_DE', Cell 'H12', Converting to a String
READ: Worksheet: 'CE_DE', Cell 'G12', Converting to a String
READ: Worksheet: 'CE_DE', Cell 'E12', Converting to a String
READ: Worksheet: 'CE_DE', Cell 'D12', Converting to a String
READ: Worksheet: 'CE_DE', Cell 'C12', Converting to a String
READ: Worksheet: 'CE_DE', Cell 'B12', Converting to a String
READ: Worksheet: 'CE_DE', Cell 'A12', Converting to a String
READ: Worksheet: 'CE_DE', Cell 'K12', Converting to a String
READ: Worksheet: 'CE_DE', Cell 'J12', Converting to a String
READ: Worksheet: 'CE_DE', Cell 'L12', Converting to a String
READ: Worksheet: 'CE_DE', Cell 'F12', Converting to a String
READ: Worksheet: 'CE_DE', Cell 'I12', Converting to a String
READ: Worksheet: 'CE_DE', Cell 'A13', Converting to a String
READ: Worksheet: 'CE_DE', Cell 'H13', Converting to a String
READ: Worksheet: 'CE_DE', Cell 'G13', Converting to a String
READ: Worksheet: 'CE_DE', Cell 'E13', Converting to a String
READ: Worksheet: 'CE_DE', Cell 'D13', Converting to a String
READ: Worksheet: 'CE_DE', Cell 'C13', Converting to a String
READ: Worksheet: 'CE_DE', Cell 'B13', Converting to a String
READ: Worksheet: 'CE_DE', Cell 'A13', Converting to a String
READ: Worksheet: 'CE_DE', Cell 'K13', Converting to a String
READ: Worksheet: 'CE_DE', Cell 'J13', Converting to a String
READ: Worksheet: 'CE_DE', Cell 'L13', Converting to a String
READ: Worksheet: 'CE_DE', Cell 'F13', Converting to a String
READ: Worksheet: 'CE_DE', Cell 'I13', Converting to a String
READ: Worksheet: 'CE_DE', Cell 'A14', Converting to a String
READ: Worksheet: 'CE_DE', Cell 'H14', Converting to a String
READ: Worksheet: 'CE_DE', Cell 'G14', Converting to a String
READ: Worksheet: 'CE_DE', Cell 'E14', Converting to a String
READ: Worksheet: 'CE_DE', Cell 'D14', Converting to a String
READ: Worksheet: 'CE_DE', Cell 'C14', Converting to a String
READ: Worksheet: 'CE_DE', Cell 'B14', Converting to a String
READ: Worksheet: 'CE_DE', Cell 'A14', Converting to a String
READ: Worksheet: 'CE_DE', Cell 'K14', Converting to a String
READ: Worksheet: 'CE_DE', Cell 'J14', Converting to a String
READ: Worksheet: 'CE_DE', Cell 'L14', Converting to a String
READ: Worksheet: 'CE_DE', Cell 'F14', Converting to a String
READ: Worksheet: 'CE_DE', Cell 'I14', Converting to a String
READ: Worksheet: 'CE_DE', Cell 'A15', Converting to a String
READ: Worksheet: 'CE_DE', Cell 'H15', Converting to a String
READ: Worksheet: 'CE_DE', Cell 'G15', Converting to a String
READ: Worksheet: 'CE_DE', Cell 'E15', Converting to a String
READ: Worksheet: 'CE_DE', Cell 'D15', Converting to a String
READ: Worksheet: 'CE_DE', Cell 'C15', Converting to a String
READ: Worksheet: 'CE_DE', Cell 'B15', Converting to a String
READ: Worksheet: 'CE_DE', Cell 'A15', Converting to a String
READ: Worksheet: 'CE_DE', Cell 'K15', Converting to a String
READ: Worksheet: 'CE_DE', Cell 'J15', Converting to a String
READ: Worksheet: 'CE_DE', Cell 'L15', Converting to a String
READ: Worksheet: 'CE_DE', Cell 'F15', Converting to a String
READ: Worksheet: 'CE_DE', Cell 'I15', Converting to a String
READ: Worksheet: 'CE_DE', Cell 'A16', Converting to a String
READ: Worksheet: 'CE_DE', Cell 'H16', Converting to a String
READ: Worksheet: 'CE_DE', Cell 'G16', Converting to a String
READ: Worksheet: 'CE_DE', Cell 'E16', Converting to a String
READ: Worksheet: 'CE_DE', Cell 'D16', Converting to a String
READ: Worksheet: 'CE_DE', Cell 'C16', Converting to a String
READ: Worksheet: 'CE_DE', Cell 'B16', Converting to a String
READ: Worksheet: 'CE_DE', Cell 'A16', Converting to a String
READ: Worksheet: 'CE_DE', Cell 'K16', Converting to a String
READ: Worksheet: 'CE_DE', Cell 'J16', Converting to a String
READ: Worksheet: 'CE_DE', Cell 'L16', Converting to a String
READ: Worksheet: 'CE_DE', Cell 'F16', Converting to a String
READ: Worksheet: 'CE_DE', Cell 'I16', Converting to a String
READ: Worksheet: 'CE_DE', Cell 'A17', Converting to a String
READ: Worksheet: 'CE_DE', Cell 'H17', Converting to a String
READ: Worksheet: 'CE_DE', Cell 'G17', Converting to a String
READ: Worksheet: 'CE_DE', Cell 'E17', Converting to a String
READ: Worksheet: 'CE_DE', Cell 'D17', Converting to a String
READ: Worksheet: 'CE_DE', Cell 'C17', Converting to a String
READ: Worksheet: 'CE_DE', Cell 'B17', Converting to a String
READ: Worksheet: 'CE_DE', Cell 'A17', Converting to a String
READ: Worksheet: 'CE_DE', Cell 'K17', Converting to a String
READ: Worksheet: 'CE_DE', Cell 'J17', Converting to a String
READ: Worksheet: 'CE_DE', Cell 'L17', Converting to a String
READ: Worksheet: 'CE_DE', Cell 'F17', Converting to a String
READ: Worksheet: 'CE_DE', Cell 'I17', Converting to a String
READ: Worksheet: 'CE_DE', Cell 'A18', Converting to a String
READ: Worksheet: 'CE_DE', Cell 'H18', Converting to a String
READ: Worksheet: 'CE_DE', Cell 'G18', Converting to a String
READ: Worksheet: 'CE_DE', Cell 'E18', Converting to a String
READ: Worksheet: 'CE_DE', Cell 'D18', Converting to a String
READ: Worksheet: 'CE_DE', Cell 'C18', Converting to a String
READ: Worksheet: 'CE_DE', Cell 'B18', Converting to a String
READ: Worksheet: 'CE_DE', Cell 'A18', Converting to a String
READ: Worksheet: 'CE_DE', Cell 'K18', Converting to a String
READ: Worksheet: 'CE_DE', Cell 'J18', Converting to a String
READ: Worksheet: 'CE_DE', Cell 'L18', Converting to a String
READ: Worksheet: 'CE_DE', Cell 'F18', Converting to a String
READ: Worksheet: 'CE_DE', Cell 'I18', Converting to a String
READ: Worksheet: 'CE_DE', Cell 'A19', Converting to a String
READ: Worksheet: 'CE_DE', Cell 'H19', Converting to a String
READ: Worksheet: 'CE_DE', Cell 'G19', Converting to a String
READ: Worksheet: 'CE_DE', Cell 'E19', Converting to a String
READ: Worksheet: 'CE_DE', Cell 'D19', Converting to a String
READ: Worksheet: 'CE_DE', Cell 'C19', Converting to a String
READ: Worksheet: 'CE_DE', Cell 'B19', Converting to a String
READ: Worksheet: 'CE_DE', Cell 'A19', Converting to a String
READ: Worksheet: 'CE_DE', Cell 'K19', Converting to a String
READ: Worksheet: 'CE_DE', Cell 'J19', Converting to a String
READ: Worksheet: 'CE_DE', Cell 'L19', Converting to a String
READ: Worksheet: 'CE_DE', Cell 'F19', Converting to a String
READ: Worksheet: 'CE_DE', Cell 'I19', Converting to a String
READ: Worksheet: 'CE_DE', Cell 'A20', Converting to a String
READ: Worksheet: 'CE_DE', Cell 'H20', Converting to a String
READ: Worksheet: 'CE_DE', Cell 'G20', Converting to a String
READ: Worksheet: 'CE_DE', Cell 'E20', Converting to a String
READ: Worksheet: 'CE_DE', Cell 'D20', Converting to a String
READ: Worksheet: 'CE_DE', Cell 'C20', Converting to a String
READ: Worksheet: 'CE_DE', Cell 'B20', Converting to a String
READ: Worksheet: 'CE_DE', Cell 'A20', Converting to a String
READ: Worksheet: 'CE_DE', Cell 'K20', Converting to a String
READ: Worksheet: 'CE_DE', Cell 'J20', Converting to a String
READ: Worksheet: 'CE_DE', Cell 'L20', Converting to a String
READ: Worksheet: 'CE_DE', Cell 'F20', Converting to a String
READ: Worksheet: 'CE_DE', Cell 'I20', Converting to a String
READ: Worksheet: 'CE_DE', Cell 'A21', Converting to a String
READ: Worksheet: 'CE_DE', Cell 'H21', Converting to a String
READ: Worksheet: 'CE_DE', Cell 'G21', Converting to a String
READ: Worksheet: 'CE_DE', Cell 'E21', Converting to a String
READ: Worksheet: 'CE_DE', Cell 'D21', Converting to a String
READ: Worksheet: 'CE_DE', Cell 'C21', Converting to a String
READ: Worksheet: 'CE_DE', Cell 'B21', Converting to a String
READ: Worksheet: 'CE_DE', Cell 'A21', Converting to a String
READ: Worksheet: 'CE_DE', Cell 'K21', Converting to a String
READ: Worksheet: 'CE_DE', Cell 'J21', Converting to a String
READ: Worksheet: 'CE_DE', Cell 'L21', Converting to a String
READ: Worksheet: 'CE_DE', Cell 'F21', Converting to a String
READ: Worksheet: 'CE_DE', Cell 'I21', Converting to a String
READ: Worksheet: 'CE_DE', Cell 'A22', Converting to a String
READ: Worksheet: 'CE_DE', Cell 'H22', Converting to a String
READ: Worksheet: 'CE_DE', Cell 'G22', Converting to a String
READ: Worksheet: 'CE_DE', Cell 'E22', Converting to a String
READ: Worksheet: 'CE_DE', Cell 'D22', Converting to a String
READ: Worksheet: 'CE_DE', Cell 'C22', Converting to a String
READ: Worksheet: 'CE_DE', Cell 'B22', Converting to a String
READ: Worksheet: 'CE_DE', Cell 'A22', Converting to a String
READ: Worksheet: 'CE_DE', Cell 'K22', Converting to a String
READ: Worksheet: 'CE_DE', Cell 'J22', Converting to a String
READ: Worksheet: 'CE_DE', Cell 'L22', Converting to a String
READ: Worksheet: 'CE_DE', Cell 'F22', Converting to a String
READ: Worksheet: 'CE_DE', Cell 'I22', Converting to a String
READ: Worksheet: 'CE_DE', Cell 'A23', Converting to a String
READ: Worksheet: 'CE_DE', Cell 'H23', Converting to a String
READ: Worksheet: 'CE_DE', Cell 'G23', Converting to a String
READ: Worksheet: 'CE_DE', Cell 'E23', Converting to a String
READ: Worksheet: 'CE_DE', Cell 'D23', Converting to a String
READ: Worksheet: 'CE_DE', Cell 'C23', Converting to a String
READ: Worksheet: 'CE_DE', Cell 'B23', Converting to a String
READ: Worksheet: 'CE_DE', Cell 'A23', Converting to a String
READ: Worksheet: 'CE_DE', Cell 'K23', Converting to a String
READ: Worksheet: 'CE_DE', Cell 'J23', Converting to a String
READ: Worksheet: 'CE_DE', Cell 'L23', Converting to a String
READ: Worksheet: 'CE_DE', Cell 'F23', Converting to a String
READ: Worksheet: 'CE_DE', Cell 'I23', Converting to a String
READ: Worksheet: 'CE_DE', Cell 'A24', Converting to a String
READ: Worksheet: 'CE_DE', Cell 'H24', Converting to a String
READ: Worksheet: 'CE_DE', Cell 'G24', Converting to a String
READ: Worksheet: 'CE_DE', Cell 'E24', Converting to a String
READ: Worksheet: 'CE_DE', Cell 'D24', Converting to a String
READ: Worksheet: 'CE_DE', Cell 'C24', Converting to a String
READ: Worksheet: 'CE_DE', Cell 'B24', Converting to a String
READ: Worksheet: 'CE_DE', Cell 'A24', Converting to a String
READ: Worksheet: 'CE_DE', Cell 'K24', Converting to a String
READ: Worksheet: 'CE_DE', Cell 'J24', Converting to a String
READ: Worksheet: 'CE_DE', Cell 'L24', Converting to a String
READ: Worksheet: 'CE_DE', Cell 'F24', Converting to a String
READ: Worksheet: 'CE_DE', Cell 'I24', Converting to a String
READ: Worksheet: 'CE_DE', Cell 'A25', Converting to a String
READ: Worksheet: 'CE_DE', Cell 'H25', Converting to a String
READ: Worksheet: 'CE_DE', Cell 'G25', Converting to a String
READ: Worksheet: 'CE_DE', Cell 'E25', Converting to a String
READ: Worksheet: 'CE_DE', Cell 'D25', Converting to a String
READ: Worksheet: 'CE_DE', Cell 'C25', Converting to a String
READ: Worksheet: 'CE_DE', Cell 'B25', Converting to a String
READ: Worksheet: 'CE_DE', Cell 'A25', Converting to a String
READ: Worksheet: 'CE_DE', Cell 'K25', Converting to a String
READ: Worksheet: 'CE_DE', Cell 'J25', Converting to a String
READ: Worksheet: 'CE_DE', Cell 'L25', Converting to a String
READ: Worksheet: 'CE_DE', Cell 'F25', Converting to a String
READ: Worksheet: 'CE_DE', Cell 'I25', Converting to a String
READ: Worksheet: 'CE_DE', Cell 'A26', Converting to a String
READ: Worksheet: 'CE_DE', Cell 'H26', Converting to a String
READ: Worksheet: 'CE_DE', Cell 'G26', Converting to a String
READ: Worksheet: 'CE_DE', Cell 'E26', Converting to a String
READ: Worksheet: 'CE_DE', Cell 'D26', Converting to a String
READ: Worksheet: 'CE_DE', Cell 'C26', Converting to a String
READ: Worksheet: 'CE_DE', Cell 'B26', Converting to a String
READ: Worksheet: 'CE_DE', Cell 'A26', Converting to a String
READ: Worksheet: 'CE_DE', Cell 'K26', Converting to a String
READ: Worksheet: 'CE_DE', Cell 'J26', Converting to a String
READ: Worksheet: 'CE_DE', Cell 'L26', Converting to a String
READ: Worksheet: 'CE_DE', Cell 'F26', Converting to a String
READ: Worksheet: 'CE_DE', Cell 'I26', Converting to a String
READ: Worksheet: 'CE_DE', Cell 'A27', Converting to a String
READ: Worksheet: 'CE_DE', Cell 'H27', Converting to a String
READ: Worksheet: 'CE_DE', Cell 'G27', Converting to a String
READ: Worksheet: 'CE_DE', Cell 'E27', Converting to a String
READ: Worksheet: 'CE_DE', Cell 'D27', Converting to a String
READ: Worksheet: 'CE_DE', Cell 'C27', Converting to a String
READ: Worksheet: 'CE_DE', Cell 'B27', Converting to a String
READ: Worksheet: 'CE_DE', Cell 'A27', Converting to a String
READ: Worksheet: 'CE_DE', Cell 'K27', Converting to a String
READ: Worksheet: 'CE_DE', Cell 'J27', Converting to a String
READ: Worksheet: 'CE_DE', Cell 'L27', Converting to a String
READ: Worksheet: 'CE_DE', Cell 'F27', Converting to a String
READ: Worksheet: 'CE_DE', Cell 'I27', Converting to a String
READ: Worksheet: 'CE_DE', Cell 'A28', Converting to a String
READ: Worksheet: 'CE_DE', Cell 'H28', Converting to a String
READ: Worksheet: 'CE_DE', Cell 'G28', Converting to a String
READ: Worksheet: 'CE_DE', Cell 'E28', Converting to a String
READ: Worksheet: 'CE_DE', Cell 'D28', Converting to a String
READ: Worksheet: 'CE_DE', Cell 'C28', Converting to a String
READ: Worksheet: 'CE_DE', Cell 'B28', Converting to a String
READ: Worksheet: 'CE_DE', Cell 'A28', Converting to a String
READ: Worksheet: 'CE_DE', Cell 'K28', Converting to a String
READ: Worksheet: 'CE_DE', Cell 'J28', Converting to a String
READ: Worksheet: 'CE_DE', Cell 'L28', Converting to a String
READ: Worksheet: 'CE_DE', Cell 'F28', Converting to a String
READ: Worksheet: 'CE_DE', Cell 'I28', Converting to a String
READ: Worksheet: 'CE_DE', Cell 'A29', Converting to a String
READ: Worksheet: 'CE_DE', Cell 'H29', Converting to a String
READ: Worksheet: 'CE_DE', Cell 'G29', Converting to a String
READ: Worksheet: 'CE_DE', Cell 'E29', Converting to a String
READ: Worksheet: 'CE_DE', Cell 'D29', Converting to a String
READ: Worksheet: 'CE_DE', Cell 'C29', Converting to a String
READ: Worksheet: 'CE_DE', Cell 'B29', Converting to a String
READ: Worksheet: 'CE_DE', Cell 'A29', Converting to a String
READ: Worksheet: 'CE_DE', Cell 'K29', Converting to a String
READ: Worksheet: 'CE_DE', Cell 'J29', Converting to a String
READ: Worksheet: 'CE_DE', Cell 'L29', Converting to a String
READ: Worksheet: 'CE_DE', Cell 'F29', Converting to a String
READ: Worksheet: 'CE_DE', Cell 'I29', Converting to a String
READ: Worksheet: 'CE_DE', Cell 'A30', Converting to a String
READ: Worksheet: 'CE_DE', Cell 'H30', Converting to a String
READ: Worksheet: 'CE_DE', Cell 'G30', Converting to a String
READ: Worksheet: 'CE_DE', Cell 'E30', Converting to a String
READ: Worksheet: 'CE_DE', Cell 'D30', Converting to a String
READ: Worksheet: 'CE_DE', Cell 'C30', Converting to a String
READ: Worksheet: 'CE_DE', Cell 'B30', Converting to a String
READ: Worksheet: 'CE_DE', Cell 'A30', Converting to a String
READ: Worksheet: 'CE_DE', Cell 'K30', Converting to a String
READ: Worksheet: 'CE_DE', Cell 'J30', Converting to a String
READ: Worksheet: 'CE_DE', Cell 'L30', Converting to a String
READ: Worksheet: 'CE_DE', Cell 'F30', Converting to a String
READ: Worksheet: 'CE_DE', Cell 'I30', Converting to a String
READ: Worksheet: 'CE_DE', Cell 'A31', Converting to a String
READ: Worksheet: 'CE_DE', Cell 'H31', Converting to a String
READ: Worksheet: 'CE_DE', Cell 'G31', Converting to a String
READ: Worksheet: 'CE_DE', Cell 'E31', Converting to a String
READ: Worksheet: 'CE_DE', Cell 'D31', Converting to a String
READ: Worksheet: 'CE_DE', Cell 'C31', Converting to a String
READ: Worksheet: 'CE_DE', Cell 'B31', Converting to a String
READ: Worksheet: 'CE_DE', Cell 'A31', Converting to a String
READ: Worksheet: 'CE_DE', Cell 'K31', Converting to a String
READ: Worksheet: 'CE_DE', Cell 'J31', Converting to a String
READ: Worksheet: 'CE_DE', Cell 'L31', Converting to a String
READ: Worksheet: 'CE_DE', Cell 'F31', Converting to a String
READ: Worksheet: 'CE_DE', Cell 'I31', Converting to a String
READ: Worksheet: 'CE_DE', Cell 'A32', Converting to a String
READ: Worksheet: 'CE_DE', Cell 'H32', Converting to a String
READ: Worksheet: 'CE_DE', Cell 'G32', Converting to a String
READ: Worksheet: 'CE_DE', Cell 'E32', Converting to a String
READ: Worksheet: 'CE_DE', Cell 'D32', Converting to a String
READ: Worksheet: 'CE_DE', Cell 'C32', Converting to a String
READ: Worksheet: 'CE_DE', Cell 'B32', Converting to a String
READ: Worksheet: 'CE_DE', Cell 'A32', Converting to a String
READ: Worksheet: 'CE_DE', Cell 'K32', Converting to a String
READ: Worksheet: 'CE_DE', Cell 'J32', Converting to a String
READ: Worksheet: 'CE_DE', Cell 'L32', Converting to a String
READ: Worksheet: 'CE_DE', Cell 'F32', Converting to a String
READ: Worksheet: 'CE_DE', Cell 'I32', Converting to a String
READ: Worksheet: 'CE_DE', Cell 'A33', Converting to a String
READ: Worksheet: 'CE_DE', Cell 'H33', Converting to a String
READ: Worksheet: 'CE_DE', Cell 'G33', Converting to a String
READ: Worksheet: 'CE_DE', Cell 'E33', Converting to a String
READ: Worksheet: 'CE_DE', Cell 'D33', Converting to a String
READ: Worksheet: 'CE_DE', Cell 'C33', Converting to a String
READ: Worksheet: 'CE_DE', Cell 'B33', Converting to a String
READ: Worksheet: 'CE_DE', Cell 'A33', Converting to a String
READ: Worksheet: 'CE_DE', Cell 'K33', Converting to a String
READ: Worksheet: 'CE_DE', Cell 'J33', Converting to a String
READ: Worksheet: 'CE_DE', Cell 'L33', Converting to a String
READ: Worksheet: 'CE_DE', Cell 'F33', Converting to a String
READ: Worksheet: 'CE_DE', Cell 'I33', Converting to a String
READ: Worksheet: 'CE_DE', Cell 'A34', Converting to a String
READ: Worksheet: 'CE_DE', Cell 'H34', Converting to a String
READ: Worksheet: 'CE_DE', Cell 'G34', Converting to a String
READ: Worksheet: 'CE_DE', Cell 'E34', Converting to a String
READ: Worksheet: 'CE_DE', Cell 'D34', Converting to a String
READ: Worksheet: 'CE_DE', Cell 'C34', Converting to a String
READ: Worksheet: 'CE_DE', Cell 'B34', Converting to a String
READ: Worksheet: 'CE_DE', Cell 'A34', Converting to a String
READ: Worksheet: 'CE_DE', Cell 'K34', Converting to a String
READ: Worksheet: 'CE_DE', Cell 'J34', Converting to a String
READ: Worksheet: 'CE_DE', Cell 'L34', Converting to a String
READ: Worksheet: 'CE_DE', Cell 'F34', Converting to a String
READ: Worksheet: 'CE_DE', Cell 'I34', Converting to a String
READ: Worksheet: 'CE_DE', Cell 'A35', Converting to a String
READ: Worksheet: 'CE_DE', Cell 'H35', Converting to a String
READ: Worksheet: 'CE_DE', Cell 'G35', Converting to a String
READ: Worksheet: 'CE_DE', Cell 'E35', Converting to a String
READ: Worksheet: 'CE_DE', Cell 'D35', Converting to a String
READ: Worksheet: 'CE_DE', Cell 'C35', Converting to a String
READ: Worksheet: 'CE_DE', Cell 'B35', Converting to a String
READ: Worksheet: 'CE_DE', Cell 'A35', Converting to a String
READ: Worksheet: 'CE_DE', Cell 'K35', Converting to a String
READ: Worksheet: 'CE_DE', Cell 'J35', Converting to a String
READ: Worksheet: 'CE_DE', Cell 'L35', Converting to a String
READ: Worksheet: 'CE_DE', Cell 'F35', Converting to a String
READ: Worksheet: 'CE_DE', Cell 'I35', Converting to a String
READ: Worksheet: 'CE_DE', Cell 'A36', Converting to a String
READ: Worksheet: 'CE_DE', Cell 'H36', Converting to a String
READ: Worksheet: 'CE_DE', Cell 'G36', Converting to a String
READ: Worksheet: 'CE_DE', Cell 'E36', Converting to a String
READ: Worksheet: 'CE_DE', Cell 'D36', Converting to a String
READ: Worksheet: 'CE_DE', Cell 'C36', Converting to a String
READ: Worksheet: 'CE_DE', Cell 'B36', Converting to a String
READ: Worksheet: 'CE_DE', Cell 'A36', Converting to a String
READ: Worksheet: 'CE_DE', Cell 'K36', Converting to a String
READ: Worksheet: 'CE_DE', Cell 'J36', Converting to a String
READ: Worksheet: 'CE_DE', Cell 'L36', Converting to a String
READ: Worksheet: 'CE_DE', Cell 'F36', Converting to a String
READ: Worksheet: 'CE_DE', Cell 'I36', Converting to a String
READ: Worksheet: 'CE_DE', Cell 'A37', Converting to a String
READ: Worksheet: 'CE_DE', Cell 'H37', Converting to a String
READ: Worksheet: 'CE_DE', Cell 'G37', Converting to a String
READ: Worksheet: 'CE_DE', Cell 'E37', Converting to a String
READ: Worksheet: 'CE_DE', Cell 'D37', Converting to a String
READ: Worksheet: 'CE_DE', Cell 'C37', Converting to a String
READ: Worksheet: 'CE_DE', Cell 'B37', Converting to a String
READ: Worksheet: 'CE_DE', Cell 'A37', Converting to a String
READ: Worksheet: 'CE_DE', Cell 'K37', Converting to a String
READ: Worksheet: 'CE_DE', Cell 'J37', Converting to a String
READ: Worksheet: 'CE_DE', Cell 'L37', Converting to a String
READ: Worksheet: 'CE_DE', Cell 'F37', Converting to a String
READ: Worksheet: 'CE_DE', Cell 'I37', Converting to a String
READ: Worksheet: 'CE_DE', Cell 'A38', Converting to a String
READ: Worksheet: 'CE_DE', Cell 'H38', Converting to a String
READ: Worksheet: 'CE_DE', Cell 'G38', Converting to a String
READ: Worksheet: 'CE_DE', Cell 'E38', Converting to a String
READ: Worksheet: 'CE_DE', Cell 'D38', Converting to a String
READ: Worksheet: 'CE_DE', Cell 'C38', Converting to a String
READ: Worksheet: 'CE_DE', Cell 'B38', Converting to a String
READ: Worksheet: 'CE_DE', Cell 'A38', Converting to a String
READ: Worksheet: 'CE_DE', Cell 'K38', Converting to a String
READ: Worksheet: 'CE_DE', Cell 'J38', Converting to a String
READ: Worksheet: 'CE_DE', Cell 'L38', Converting to a String
READ: Worksheet: 'CE_DE', Cell 'F38', Converting to a String
READ: Worksheet: 'CE_DE', Cell 'I38', Converting to a String
READ: Worksheet: 'CE_DE', Cell 'A39', Converting to a String
READ: Worksheet: 'CE_DE', Cell 'H39', Converting to a String
READ: Worksheet: 'CE_DE', Cell 'G39', Converting to a String
READ: Worksheet: 'CE_DE', Cell 'E39', Converting to a String
READ: Worksheet: 'CE_DE', Cell 'D39', Converting to a String
READ: Worksheet: 'CE_DE', Cell 'C39', Converting to a String
READ: Worksheet: 'CE_DE', Cell 'B39', Converting to a String
READ: Worksheet: 'CE_DE', Cell 'A39', Converting to a String
READ: Worksheet: 'CE_DE', Cell 'K39', Converting to a String
READ: Worksheet: 'CE_DE', Cell 'J39', Converting to a String
READ: Worksheet: 'CE_DE', Cell 'L39', Converting to a String
READ: Worksheet: 'CE_DE', Cell 'F39', Converting to a String
READ: Worksheet: 'CE_DE', Cell 'I39', Converting to a String
READ: Worksheet: 'CE_DE', Cell 'A40', Converting to a String
READ: Worksheet: 'CE_DE', Cell 'H40', Converting to a String
READ: Worksheet: 'CE_DE', Cell 'G40', Converting to a String
READ: Worksheet: 'CE_DE', Cell 'E40', Converting to a String
READ: Worksheet: 'CE_DE', Cell 'D40', Converting to a String
READ: Worksheet: 'CE_DE', Cell 'C40', Converting to a String
READ: Worksheet: 'CE_DE', Cell 'B40', Converting to a String
READ: Worksheet: 'CE_DE', Cell 'A40', Converting to a String
READ: Worksheet: 'CE_DE', Cell 'K40', Converting to a String
READ: Worksheet: 'CE_DE', Cell 'J40', Converting to a String
READ: Worksheet: 'CE_DE', Cell 'L40', Converting to a String
READ: Worksheet: 'CE_DE', Cell 'F40', Converting to a String
READ: Worksheet: 'CE_DE', Cell 'I40', Converting to a String
READ: Worksheet: 'CE_DE', Cell 'A41', Converting to a String
READ: Worksheet: 'SUMMARY', Cell 'M10', Converting to a String
READ: Worksheet: 'SUMMARY', Cell 'N10', Converting to a String
READ: Worksheet: 'SUMMARY', Cell 'O10', Converting to a String
READ: Worksheet: 'CoverPage', Cell 'B3', Converting to a String
READ: Worksheet: 'SUMMARY', Cell 'K10', Converting to a String
READ: Worksheet: 'SUMMARY', Cell 'C10', Converting to a String
READ: Worksheet: 'SUMMARY', Cell 'D10', Converting to a String
READ: Worksheet: 'SUMMARY', Cell 'L10', Converting to a String
READ: Worksheet: 'SUMMARY', Cell 'E10', Converting to a String
READ: Worksheet: 'SUMMARY', Cell 'G10', Converting to a String
READ: Worksheet: 'SUMMARY', Cell 'F10', Converting to a String
READ: Worksheet: 'SUMMARY', Cell 'H10', Converting to a String
READ: Worksheet: 'SUMMARY', Cell 'J10', Converting to a String
READ: Worksheet: 'SUMMARY', Cell 'I10', Converting to a String
READ: Worksheet: 'CE_ES', Cell 'A2', Converting to a String
READ: Worksheet: 'CE_ES', Cell 'H2', Converting to a String
READ: Worksheet: 'CE_ES', Cell 'G2', Converting to a String
READ: Worksheet: 'CE_ES', Cell 'E2', Converting to a String
READ: Worksheet: 'CE_ES', Cell 'D2', Converting to a String
READ: Worksheet: 'CE_ES', Cell 'C2', Converting to a String
READ: Worksheet: 'CE_ES', Cell 'B2', Converting to a String
READ: Worksheet: 'CE_ES', Cell 'A2', Converting to a String
READ: Worksheet: 'CE_ES', Cell 'K2', Converting to a String
READ: Worksheet: 'CE_ES', Cell 'J2', Converting to a String
READ: Worksheet: 'CE_ES', Cell 'L2', Converting to a String
READ: Worksheet: 'CE_ES', Cell 'F2', Converting to a String
READ: Worksheet: 'CE_ES', Cell 'I2', Converting to a String
READ: Worksheet: 'CE_ES', Cell 'A3', Converting to a String
READ: Worksheet: 'CE_ES', Cell 'H3', Converting to a String
READ: Worksheet: 'CE_ES', Cell 'G3', Converting to a String
READ: Worksheet: 'CE_ES', Cell 'E3', Converting to a String
READ: Worksheet: 'CE_ES', Cell 'D3', Converting to a String
READ: Worksheet: 'CE_ES', Cell 'C3', Converting to a String
READ: Worksheet: 'CE_ES', Cell 'B3', Converting to a String
READ: Worksheet: 'CE_ES', Cell 'A3', Converting to a String
READ: Worksheet: 'CE_ES', Cell 'K3', Converting to a String
READ: Worksheet: 'CE_ES', Cell 'J3', Converting to a String
READ: Worksheet: 'CE_ES', Cell 'L3', Converting to a String
READ: Worksheet: 'CE_ES', Cell 'F3', Converting to a String
READ: Worksheet: 'CE_ES', Cell 'I3', Converting to a String
READ: Worksheet: 'CE_ES', Cell 'A4', Converting to a String
READ: Worksheet: 'SUMMARY', Cell 'M11', Converting to a String
READ: Worksheet: 'SUMMARY', Cell 'N11', Converting to a String
READ: Worksheet: 'SUMMARY', Cell 'O11', Converting to a String
READ: Worksheet: 'CoverPage', Cell 'B3', Converting to a String
READ: Worksheet: 'SUMMARY', Cell 'K11', Converting to a String
READ: Worksheet: 'SUMMARY', Cell 'C11', Converting to a String
READ: Worksheet: 'SUMMARY', Cell 'D11', Converting to a String
READ: Worksheet: 'SUMMARY', Cell 'L11', Converting to a String
READ: Worksheet: 'SUMMARY', Cell 'E11', Converting to a String
READ: Worksheet: 'SUMMARY', Cell 'G11', Converting to a String
READ: Worksheet: 'SUMMARY', Cell 'F11', Converting to a String
READ: Worksheet: 'SUMMARY', Cell 'H11', Converting to a String
READ: Worksheet: 'SUMMARY', Cell 'J11', Converting to a String
READ: Worksheet: 'SUMMARY', Cell 'I11', Converting to a String
READ: Worksheet: 'CE_FI', Cell 'A2', Converting to a String
READ: Worksheet: 'CE_FI', Cell 'H2', Converting to a String
READ: Worksheet: 'CE_FI', Cell 'G2', Converting to a String
READ: Worksheet: 'CE_FI', Cell 'E2', Converting to a String
READ: Worksheet: 'CE_FI', Cell 'D2', Converting to a String
READ: Worksheet: 'CE_FI', Cell 'C2', Converting to a String
READ: Worksheet: 'CE_FI', Cell 'B2', Converting to a String
READ: Worksheet: 'CE_FI', Cell 'A2', Converting to a String
READ: Worksheet: 'CE_FI', Cell 'K2', Converting to a String
READ: Worksheet: 'CE_FI', Cell 'J2', Converting to a String
READ: Worksheet: 'CE_FI', Cell 'L2', Converting to a String
READ: Worksheet: 'CE_FI', Cell 'F2', Converting to a String
READ: Worksheet: 'CE_FI', Cell 'I2', Converting to a String
READ: Worksheet: 'CE_FI', Cell 'A3', Converting to a String
READ: Worksheet: 'SUMMARY', Cell 'M12', Converting to a String
READ: Worksheet: 'SUMMARY', Cell 'N12', Converting to a String
READ: Worksheet: 'SUMMARY', Cell 'O12', Converting to a String
READ: Worksheet: 'CoverPage', Cell 'B3', Converting to a String
READ: Worksheet: 'SUMMARY', Cell 'K12', Converting to a String
READ: Worksheet: 'SUMMARY', Cell 'C12', Converting to a String
READ: Worksheet: 'SUMMARY', Cell 'D12', Converting to a String
READ: Worksheet: 'SUMMARY', Cell 'L12', Converting to a String
READ: Worksheet: 'SUMMARY', Cell 'E12', Converting to a String
READ: Worksheet: 'SUMMARY', Cell 'G12', Converting to a String
READ: Worksheet: 'SUMMARY', Cell 'F12', Converting to a String
READ: Worksheet: 'SUMMARY', Cell 'H12', Converting to a String
READ: Worksheet: 'SUMMARY', Cell 'J12', Converting to a String
READ: Worksheet: 'SUMMARY', Cell 'I12', Converting to a String
READ: Worksheet: 'CE_FR', Cell 'A2', Converting to a String
READ: Worksheet: 'CE_FR', Cell 'H2', Converting to a String
READ: Worksheet: 'CE_FR', Cell 'G2', Converting to a String
READ: Worksheet: 'CE_FR', Cell 'E2', Converting to a String
READ: Worksheet: 'CE_FR', Cell 'D2', Converting to a String
READ: Worksheet: 'CE_FR', Cell 'C2', Converting to a String
READ: Worksheet: 'CE_FR', Cell 'B2', Converting to a String
READ: Worksheet: 'CE_FR', Cell 'A2', Converting to a String
READ: Worksheet: 'CE_FR', Cell 'K2', Converting to a String
READ: Worksheet: 'CE_FR', Cell 'J2', Converting to a String
READ: Worksheet: 'CE_FR', Cell 'L2', Converting to a String
READ: Worksheet: 'CE_FR', Cell 'F2', Converting to a String
READ: Worksheet: 'CE_FR', Cell 'I2', Converting to a String
READ: Worksheet: 'CE_FR', Cell 'A3', Converting to a String
READ: Worksheet: 'CE_FR', Cell 'H3', Converting to a String
READ: Worksheet: 'CE_FR', Cell 'G3', Converting to a String
READ: Worksheet: 'CE_FR', Cell 'E3', Converting to a String
READ: Worksheet: 'CE_FR', Cell 'D3', Converting to a String
READ: Worksheet: 'CE_FR', Cell 'C3', Converting to a String
READ: Worksheet: 'CE_FR', Cell 'B3', Converting to a String
READ: Worksheet: 'CE_FR', Cell 'A3', Converting to a String
READ: Worksheet: 'CE_FR', Cell 'K3', Converting to a String
READ: Worksheet: 'CE_FR', Cell 'J3', Converting to a String
READ: Worksheet: 'CE_FR', Cell 'L3', Converting to a String
READ: Worksheet: 'CE_FR', Cell 'F3', Converting to a String
READ: Worksheet: 'CE_FR', Cell 'I3', Converting to a String
READ: Worksheet: 'CE_FR', Cell 'A4', Converting to a String
READ: Worksheet: 'CE_FR', Cell 'H4', Converting to a String
READ: Worksheet: 'CE_FR', Cell 'G4', Converting to a String
READ: Worksheet: 'CE_FR', Cell 'E4', Converting to a String
READ: Worksheet: 'CE_FR', Cell 'D4', Converting to a String
READ: Worksheet: 'CE_FR', Cell 'C4', Converting to a String
READ: Worksheet: 'CE_FR', Cell 'B4', Converting to a String
READ: Worksheet: 'CE_FR', Cell 'A4', Converting to a String
READ: Worksheet: 'CE_FR', Cell 'K4', Converting to a String
READ: Worksheet: 'CE_FR', Cell 'J4', Converting to a String
READ: Worksheet: 'CE_FR', Cell 'L4', Converting to a String
READ: Worksheet: 'CE_FR', Cell 'F4', Converting to a String
READ: Worksheet: 'CE_FR', Cell 'I4', Converting to a String
READ: Worksheet: 'CE_FR', Cell 'A5', Converting to a String
READ: Worksheet: 'CE_FR', Cell 'H5', Converting to a String
READ: Worksheet: 'CE_FR', Cell 'G5', Converting to a String
READ: Worksheet: 'CE_FR', Cell 'E5', Converting to a String
READ: Worksheet: 'CE_FR', Cell 'D5', Converting to a String
READ: Worksheet: 'CE_FR', Cell 'C5', Converting to a String
READ: Worksheet: 'CE_FR', Cell 'B5', Converting to a String
READ: Worksheet: 'CE_FR', Cell 'A5', Converting to a String
READ: Worksheet: 'CE_FR', Cell 'K5', Converting to a String
READ: Worksheet: 'CE_FR', Cell 'J5', Converting to a String
READ: Worksheet: 'CE_FR', Cell 'L5', Converting to a String
READ: Worksheet: 'CE_FR', Cell 'F5', Converting to a String
READ: Worksheet: 'CE_FR', Cell 'I5', Converting to a String
READ: Worksheet: 'CE_FR', Cell 'A6', Converting to a String
READ: Worksheet: 'SUMMARY', Cell 'M13', Converting to a String
READ: Worksheet: 'SUMMARY', Cell 'N13', Converting to a String
READ: Worksheet: 'SUMMARY', Cell 'O13', Converting to a String
READ: Worksheet: 'CoverPage', Cell 'B3', Converting to a String
READ: Worksheet: 'SUMMARY', Cell 'K13', Converting to a String
READ: Worksheet: 'SUMMARY', Cell 'C13', Converting to a String
READ: Worksheet: 'SUMMARY', Cell 'D13', Converting to a String
READ: Worksheet: 'SUMMARY', Cell 'L13', Converting to a String
READ: Worksheet: 'SUMMARY', Cell 'E13', Converting to a String
READ: Worksheet: 'SUMMARY', Cell 'G13', Converting to a String
READ: Worksheet: 'SUMMARY', Cell 'F13', Converting to a String
READ: Worksheet: 'SUMMARY', Cell 'H13', Converting to a String
READ: Worksheet: 'SUMMARY', Cell 'J13', Converting to a String
READ: Worksheet: 'SUMMARY', Cell 'I13', Converting to a String
READ: Worksheet: 'CE_GB', Cell 'A2', Converting to a String
READ: Worksheet: 'CE_GB', Cell 'H2', Converting to a String
READ: Worksheet: 'CE_GB', Cell 'G2', Converting to a String
READ: Worksheet: 'CE_GB', Cell 'E2', Converting to a String
READ: Worksheet: 'CE_GB', Cell 'D2', Converting to a String
READ: Worksheet: 'CE_GB', Cell 'C2', Converting to a String
READ: Worksheet: 'CE_GB', Cell 'B2', Converting to a String
READ: Worksheet: 'CE_GB', Cell 'A2', Converting to a String
READ: Worksheet: 'CE_GB', Cell 'K2', Converting to a String
READ: Worksheet: 'CE_GB', Cell 'J2', Converting to a String
READ: Worksheet: 'CE_GB', Cell 'L2', Converting to a String
READ: Worksheet: 'CE_GB', Cell 'F2', Converting to a String
READ: Worksheet: 'CE_GB', Cell 'I2', Converting to a String
READ: Worksheet: 'CE_GB', Cell 'A3', Converting to a String
READ: Worksheet: 'CE_GB', Cell 'H3', Converting to a String
READ: Worksheet: 'CE_GB', Cell 'G3', Converting to a String
READ: Worksheet: 'CE_GB', Cell 'E3', Converting to a String
READ: Worksheet: 'CE_GB', Cell 'D3', Converting to a String
READ: Worksheet: 'CE_GB', Cell 'C3', Converting to a String
READ: Worksheet: 'CE_GB', Cell 'B3', Converting to a String
READ: Worksheet: 'CE_GB', Cell 'A3', Converting to a String
READ: Worksheet: 'CE_GB', Cell 'K3', Converting to a String
READ: Worksheet: 'CE_GB', Cell 'J3', Converting to a String
READ: Worksheet: 'CE_GB', Cell 'L3', Converting to a String
READ: Worksheet: 'CE_GB', Cell 'F3', Converting to a String
READ: Worksheet: 'CE_GB', Cell 'I3', Converting to a String
READ: Worksheet: 'CE_GB', Cell 'A4', Converting to a String
READ: Worksheet: 'CE_GB', Cell 'H4', Converting to a String
READ: Worksheet: 'CE_GB', Cell 'G4', Converting to a String
READ: Worksheet: 'CE_GB', Cell 'E4', Converting to a String
READ: Worksheet: 'CE_GB', Cell 'D4', Converting to a String
READ: Worksheet: 'CE_GB', Cell 'C4', Converting to a String
READ: Worksheet: 'CE_GB', Cell 'B4', Converting to a String
READ: Worksheet: 'CE_GB', Cell 'A4', Converting to a String
READ: Worksheet: 'CE_GB', Cell 'K4', Converting to a String
READ: Worksheet: 'CE_GB', Cell 'J4', Converting to a String
READ: Worksheet: 'CE_GB', Cell 'L4', Converting to a String
READ: Worksheet: 'CE_GB', Cell 'F4', Converting to a String
READ: Worksheet: 'CE_GB', Cell 'I4', Converting to a String
READ: Worksheet: 'CE_GB', Cell 'A5', Converting to a String
READ: Worksheet: 'CE_GB', Cell 'H5', Converting to a String
READ: Worksheet: 'CE_GB', Cell 'G5', Converting to a String
READ: Worksheet: 'CE_GB', Cell 'E5', Converting to a String
READ: Worksheet: 'CE_GB', Cell 'D5', Converting to a String
READ: Worksheet: 'CE_GB', Cell 'C5', Converting to a String
READ: Worksheet: 'CE_GB', Cell 'B5', Converting to a String
READ: Worksheet: 'CE_GB', Cell 'A5', Converting to a String
READ: Worksheet: 'CE_GB', Cell 'K5', Converting to a String
READ: Worksheet: 'CE_GB', Cell 'J5', Converting to a String
READ: Worksheet: 'CE_GB', Cell 'L5', Converting to a String
READ: Worksheet: 'CE_GB', Cell 'F5', Converting to a String
READ: Worksheet: 'CE_GB', Cell 'I5', Converting to a String
READ: Worksheet: 'CE_GB', Cell 'A6', Converting to a String
READ: Worksheet: 'CE_GB', Cell 'H6', Converting to a String
READ: Worksheet: 'CE_GB', Cell 'G6', Converting to a String
READ: Worksheet: 'CE_GB', Cell 'E6', Converting to a String
READ: Worksheet: 'CE_GB', Cell 'D6', Converting to a String
READ: Worksheet: 'CE_GB', Cell 'C6', Converting to a String
READ: Worksheet: 'CE_GB', Cell 'B6', Converting to a String
READ: Worksheet: 'CE_GB', Cell 'A6', Converting to a String
READ: Worksheet: 'CE_GB', Cell 'K6', Converting to a String
READ: Worksheet: 'CE_GB', Cell 'J6', Converting to a String
READ: Worksheet: 'CE_GB', Cell 'L6', Converting to a String
READ: Worksheet: 'CE_GB', Cell 'F6', Converting to a String
READ: Worksheet: 'CE_GB', Cell 'I6', Converting to a String
READ: Worksheet: 'CE_GB', Cell 'A7', Converting to a String
READ: Worksheet: 'CE_GB', Cell 'H7', Converting to a String
READ: Worksheet: 'CE_GB', Cell 'G7', Converting to a String
READ: Worksheet: 'CE_GB', Cell 'E7', Converting to a String
READ: Worksheet: 'CE_GB', Cell 'D7', Converting to a String
READ: Worksheet: 'CE_GB', Cell 'C7', Converting to a String
READ: Worksheet: 'CE_GB', Cell 'B7', Converting to a String
READ: Worksheet: 'CE_GB', Cell 'A7', Converting to a String
READ: Worksheet: 'CE_GB', Cell 'K7', Converting to a String
READ: Worksheet: 'CE_GB', Cell 'J7', Converting to a String
READ: Worksheet: 'CE_GB', Cell 'L7', Converting to a String
READ: Worksheet: 'CE_GB', Cell 'F7', Converting to a String
READ: Worksheet: 'CE_GB', Cell 'I7', Converting to a String
READ: Worksheet: 'CE_GB', Cell 'A8', Converting to a String
READ: Worksheet: 'CE_GB', Cell 'H8', Converting to a String
READ: Worksheet: 'CE_GB', Cell 'G8', Converting to a String
READ: Worksheet: 'CE_GB', Cell 'E8', Converting to a String
READ: Worksheet: 'CE_GB', Cell 'D8', Converting to a String
READ: Worksheet: 'CE_GB', Cell 'C8', Converting to a String
READ: Worksheet: 'CE_GB', Cell 'B8', Converting to a String
READ: Worksheet: 'CE_GB', Cell 'A8', Converting to a String
READ: Worksheet: 'CE_GB', Cell 'K8', Converting to a String
READ: Worksheet: 'CE_GB', Cell 'J8', Converting to a String
READ: Worksheet: 'CE_GB', Cell 'L8', Converting to a String
READ: Worksheet: 'CE_GB', Cell 'F8', Converting to a String
READ: Worksheet: 'CE_GB', Cell 'I8', Converting to a String
READ: Worksheet: 'CE_GB', Cell 'A9', Converting to a String
READ: Worksheet: 'CE_GB', Cell 'H9', Converting to a String
READ: Worksheet: 'CE_GB', Cell 'G9', Converting to a String
READ: Worksheet: 'CE_GB', Cell 'E9', Converting to a String
READ: Worksheet: 'CE_GB', Cell 'D9', Converting to a String
READ: Worksheet: 'CE_GB', Cell 'C9', Converting to a String
READ: Worksheet: 'CE_GB', Cell 'B9', Converting to a String
READ: Worksheet: 'CE_GB', Cell 'A9', Converting to a String
READ: Worksheet: 'CE_GB', Cell 'K9', Converting to a String
READ: Worksheet: 'CE_GB', Cell 'J9', Converting to a String
READ: Worksheet: 'CE_GB', Cell 'L9', Converting to a String
READ: Worksheet: 'CE_GB', Cell 'F9', Converting to a String
READ: Worksheet: 'CE_GB', Cell 'I9', Converting to a String
READ: Worksheet: 'CE_GB', Cell 'A10', Converting to a String
READ: Worksheet: 'CE_GB', Cell 'H10', Converting to a String
READ: Worksheet: 'CE_GB', Cell 'G10', Converting to a String
READ: Worksheet: 'CE_GB', Cell 'E10', Converting to a String
READ: Worksheet: 'CE_GB', Cell 'D10', Converting to a String
READ: Worksheet: 'CE_GB', Cell 'C10', Converting to a String
READ: Worksheet: 'CE_GB', Cell 'B10', Converting to a String
READ: Worksheet: 'CE_GB', Cell 'A10', Converting to a String
READ: Worksheet: 'CE_GB', Cell 'K10', Converting to a String
READ: Worksheet: 'CE_GB', Cell 'J10', Converting to a String
READ: Worksheet: 'CE_GB', Cell 'L10', Converting to a String
READ: Worksheet: 'CE_GB', Cell 'F10', Converting to a String
READ: Worksheet: 'CE_GB', Cell 'I10', Converting to a String
READ: Worksheet: 'CE_GB', Cell 'A11', Converting to a String
READ: Worksheet: 'SUMMARY', Cell 'M14', Converting to a String
READ: Worksheet: 'SUMMARY', Cell 'N14', Converting to a String
READ: Worksheet: 'SUMMARY', Cell 'O14', Converting to a String
READ: Worksheet: 'CoverPage', Cell 'B3', Converting to a String
READ: Worksheet: 'SUMMARY', Cell 'K14', Converting to a String
READ: Worksheet: 'SUMMARY', Cell 'C14', Converting to a String
READ: Worksheet: 'SUMMARY', Cell 'D14', Converting to a String
READ: Worksheet: 'SUMMARY', Cell 'L14', Converting to a String
READ: Worksheet: 'SUMMARY', Cell 'E14', Converting to a String
READ: Worksheet: 'SUMMARY', Cell 'G14', Converting to a String
READ: Worksheet: 'SUMMARY', Cell 'F14', Converting to a String
READ: Worksheet: 'SUMMARY', Cell 'H14', Converting to a String
READ: Worksheet: 'SUMMARY', Cell 'J14', Converting to a String
READ: Worksheet: 'SUMMARY', Cell 'I14', Converting to a String
READ: Worksheet: 'CE_GH', Cell 'A2', Converting to a String
READ: Worksheet: 'CE_GH', Cell 'H2', Converting to a String
READ: Worksheet: 'CE_GH', Cell 'G2', Converting to a String
READ: Worksheet: 'CE_GH', Cell 'E2', Converting to a String
READ: Worksheet: 'CE_GH', Cell 'D2', Converting to a String
READ: Worksheet: 'CE_GH', Cell 'C2', Converting to a String
READ: Worksheet: 'CE_GH', Cell 'B2', Converting to a String
READ: Worksheet: 'CE_GH', Cell 'A2', Converting to a String
READ: Worksheet: 'CE_GH', Cell 'K2', Converting to a String
READ: Worksheet: 'CE_GH', Cell 'J2', Converting to a String
READ: Worksheet: 'CE_GH', Cell 'L2', Converting to a String
READ: Worksheet: 'CE_GH', Cell 'F2', Converting to a String
READ: Worksheet: 'CE_GH', Cell 'I2', Converting to a String
READ: Worksheet: 'CE_GH', Cell 'A3', Converting to a String
READ: Worksheet: 'CE_GH', Cell 'H3', Converting to a String
READ: Worksheet: 'CE_GH', Cell 'G3', Converting to a String
READ: Worksheet: 'CE_GH', Cell 'E3', Converting to a String
READ: Worksheet: 'CE_GH', Cell 'D3', Converting to a String
READ: Worksheet: 'CE_GH', Cell 'C3', Converting to a String
READ: Worksheet: 'CE_GH', Cell 'B3', Converting to a String
READ: Worksheet: 'CE_GH', Cell 'A3', Converting to a String
READ: Worksheet: 'CE_GH', Cell 'K3', Converting to a String
READ: Worksheet: 'CE_GH', Cell 'J3', Converting to a String
READ: Worksheet: 'CE_GH', Cell 'L3', Converting to a String
READ: Worksheet: 'CE_GH', Cell 'F3', Converting to a String
READ: Worksheet: 'CE_GH', Cell 'I3', Converting to a String
READ: Worksheet: 'CE_GH', Cell 'A4', Converting to a String
READ: Worksheet: 'CE_GH', Cell 'H4', Converting to a String
READ: Worksheet: 'CE_GH', Cell 'G4', Converting to a String
READ: Worksheet: 'CE_GH', Cell 'E4', Converting to a String
READ: Worksheet: 'CE_GH', Cell 'D4', Converting to a String
READ: Worksheet: 'CE_GH', Cell 'C4', Converting to a String
READ: Worksheet: 'CE_GH', Cell 'B4', Converting to a String
READ: Worksheet: 'CE_GH', Cell 'A4', Converting to a String
READ: Worksheet: 'CE_GH', Cell 'K4', Converting to a String
READ: Worksheet: 'CE_GH', Cell 'J4', Converting to a String
READ: Worksheet: 'CE_GH', Cell 'L4', Converting to a String
READ: Worksheet: 'CE_GH', Cell 'F4', Converting to a String
READ: Worksheet: 'CE_GH', Cell 'I4', Converting to a String
READ: Worksheet: 'CE_GH', Cell 'A5', Converting to a String
READ: Worksheet: 'CE_GH', Cell 'H5', Converting to a String
READ: Worksheet: 'CE_GH', Cell 'G5', Converting to a String
READ: Worksheet: 'CE_GH', Cell 'E5', Converting to a String
READ: Worksheet: 'CE_GH', Cell 'D5', Converting to a String
READ: Worksheet: 'CE_GH', Cell 'C5', Converting to a String
READ: Worksheet: 'CE_GH', Cell 'B5', Converting to a String
READ: Worksheet: 'CE_GH', Cell 'A5', Converting to a String
READ: Worksheet: 'CE_GH', Cell 'K5', Converting to a String
READ: Worksheet: 'CE_GH', Cell 'J5', Converting to a String
READ: Worksheet: 'CE_GH', Cell 'L5', Converting to a String
READ: Worksheet: 'CE_GH', Cell 'F5', Converting to a String
READ: Worksheet: 'CE_GH', Cell 'I5', Converting to a String
READ: Worksheet: 'CE_GH', Cell 'A6', Converting to a String
READ: Worksheet: 'SUMMARY', Cell 'M15', Converting to a String
READ: Worksheet: 'SUMMARY', Cell 'N15', Converting to a String
READ: Worksheet: 'SUMMARY', Cell 'O15', Converting to a String
READ: Worksheet: 'CoverPage', Cell 'B3', Converting to a String
READ: Worksheet: 'SUMMARY', Cell 'K15', Converting to a String
READ: Worksheet: 'SUMMARY', Cell 'C15', Converting to a String
READ: Worksheet: 'SUMMARY', Cell 'D15', Converting to a String
READ: Worksheet: 'SUMMARY', Cell 'L15', Converting to a String
READ: Worksheet: 'SUMMARY', Cell 'E15', Converting to a String
READ: Worksheet: 'SUMMARY', Cell 'G15', Converting to a String
READ: Worksheet: 'SUMMARY', Cell 'F15', Converting to a String
READ: Worksheet: 'SUMMARY', Cell 'H15', Converting to a String
READ: Worksheet: 'SUMMARY', Cell 'J15', Converting to a String
READ: Worksheet: 'SUMMARY', Cell 'I15', Converting to a String
READ: Worksheet: 'CE_HU', Cell 'A2', Converting to a String
READ: Worksheet: 'CE_HU', Cell 'H2', Converting to a String
READ: Worksheet: 'CE_HU', Cell 'G2', Converting to a String
READ: Worksheet: 'CE_HU', Cell 'E2', Converting to a String
READ: Worksheet: 'CE_HU', Cell 'D2', Converting to a String
READ: Worksheet: 'CE_HU', Cell 'C2', Converting to a String
READ: Worksheet: 'CE_HU', Cell 'B2', Converting to a String
READ: Worksheet: 'CE_HU', Cell 'A2', Converting to a String
READ: Worksheet: 'CE_HU', Cell 'K2', Converting to a String
READ: Worksheet: 'CE_HU', Cell 'J2', Converting to a String
READ: Worksheet: 'CE_HU', Cell 'L2', Converting to a String
READ: Worksheet: 'CE_HU', Cell 'F2', Converting to a String
READ: Worksheet: 'CE_HU', Cell 'I2', Converting to a String
READ: Worksheet: 'CE_HU', Cell 'A3', Converting to a String
READ: Worksheet: 'CE_HU', Cell 'H3', Converting to a String
READ: Worksheet: 'CE_HU', Cell 'G3', Converting to a String
READ: Worksheet: 'CE_HU', Cell 'E3', Converting to a String
READ: Worksheet: 'CE_HU', Cell 'D3', Converting to a String
READ: Worksheet: 'CE_HU', Cell 'C3', Converting to a String
READ: Worksheet: 'CE_HU', Cell 'B3', Converting to a String
READ: Worksheet: 'CE_HU', Cell 'A3', Converting to a String
READ: Worksheet: 'CE_HU', Cell 'K3', Converting to a String
READ: Worksheet: 'CE_HU', Cell 'J3', Converting to a String
READ: Worksheet: 'CE_HU', Cell 'L3', Converting to a String
READ: Worksheet: 'CE_HU', Cell 'F3', Converting to a String
READ: Worksheet: 'CE_HU', Cell 'I3', Converting to a String
READ: Worksheet: 'CE_HU', Cell 'A4', Converting to a String
READ: Worksheet: 'SUMMARY', Cell 'M16', Converting to a String
READ: Worksheet: 'SUMMARY', Cell 'N16', Converting to a String
READ: Worksheet: 'SUMMARY', Cell 'O16', Converting to a String
READ: Worksheet: 'CoverPage', Cell 'B3', Converting to a String
READ: Worksheet: 'SUMMARY', Cell 'K16', Converting to a String
READ: Worksheet: 'SUMMARY', Cell 'C16', Converting to a String
READ: Worksheet: 'SUMMARY', Cell 'D16', Converting to a String
READ: Worksheet: 'SUMMARY', Cell 'L16', Converting to a String
READ: Worksheet: 'SUMMARY', Cell 'E16', Converting to a String
READ: Worksheet: 'SUMMARY', Cell 'G16', Converting to a String
READ: Worksheet: 'SUMMARY', Cell 'F16', Converting to a String
READ: Worksheet: 'SUMMARY', Cell 'H16', Converting to a String
READ: Worksheet: 'SUMMARY', Cell 'J16', Converting to a String
READ: Worksheet: 'SUMMARY', Cell 'I16', Converting to a String
READ: Worksheet: 'CE_IT', Cell 'A2', Converting to a String
READ: Worksheet: 'CE_IT', Cell 'H2', Converting to a String
READ: Worksheet: 'CE_IT', Cell 'G2', Converting to a String
READ: Worksheet: 'CE_IT', Cell 'E2', Converting to a String
READ: Worksheet: 'CE_IT', Cell 'D2', Converting to a String
READ: Worksheet: 'CE_IT', Cell 'C2', Converting to a String
READ: Worksheet: 'CE_IT', Cell 'B2', Converting to a String
READ: Worksheet: 'CE_IT', Cell 'A2', Converting to a String
READ: Worksheet: 'CE_IT', Cell 'K2', Converting to a String
READ: Worksheet: 'CE_IT', Cell 'J2', Converting to a String
READ: Worksheet: 'CE_IT', Cell 'L2', Converting to a String
READ: Worksheet: 'CE_IT', Cell 'F2', Converting to a String
READ: Worksheet: 'CE_IT', Cell 'I2', Converting to a String
READ: Worksheet: 'CE_IT', Cell 'A3', Converting to a String
READ: Worksheet: 'SUMMARY', Cell 'M17', Converting to a String
READ: Worksheet: 'SUMMARY', Cell 'N17', Converting to a String
READ: Worksheet: 'SUMMARY', Cell 'O17', Converting to a String
READ: Worksheet: 'CoverPage', Cell 'B3', Converting to a String
READ: Worksheet: 'SUMMARY', Cell 'K17', Converting to a String
READ: Worksheet: 'SUMMARY', Cell 'C17', Converting to a String
READ: Worksheet: 'SUMMARY', Cell 'D17', Converting to a String
READ: Worksheet: 'SUMMARY', Cell 'L17', Converting to a String
READ: Worksheet: 'SUMMARY', Cell 'E17', Converting to a String
READ: Worksheet: 'SUMMARY', Cell 'G17', Converting to a String
READ: Worksheet: 'SUMMARY', Cell 'F17', Converting to a String
READ: Worksheet: 'SUMMARY', Cell 'H17', Converting to a String
READ: Worksheet: 'SUMMARY', Cell 'J17', Converting to a String
READ: Worksheet: 'SUMMARY', Cell 'I17', Converting to a String
READ: Worksheet: 'CE_KE', Cell 'A2', Converting to a String
READ: Worksheet: 'CE_KE', Cell 'H2', Converting to a String
READ: Worksheet: 'CE_KE', Cell 'G2', Converting to a String
READ: Worksheet: 'CE_KE', Cell 'E2', Converting to a String
READ: Worksheet: 'CE_KE', Cell 'D2', Converting to a String
READ: Worksheet: 'CE_KE', Cell 'C2', Converting to a String
READ: Worksheet: 'CE_KE', Cell 'B2', Converting to a String
READ: Worksheet: 'CE_KE', Cell 'A2', Converting to a String
READ: Worksheet: 'CE_KE', Cell 'K2', Converting to a String
READ: Worksheet: 'CE_KE', Cell 'J2', Converting to a String
READ: Worksheet: 'CE_KE', Cell 'L2', Converting to a String
READ: Worksheet: 'CE_KE', Cell 'F2', Converting to a String
READ: Worksheet: 'CE_KE', Cell 'I2', Converting to a String
READ: Worksheet: 'CE_KE', Cell 'A3', Converting to a String
READ: Worksheet: 'CE_KE', Cell 'H3', Converting to a String
READ: Worksheet: 'CE_KE', Cell 'G3', Converting to a String
READ: Worksheet: 'CE_KE', Cell 'E3', Converting to a String
READ: Worksheet: 'CE_KE', Cell 'D3', Converting to a String
READ: Worksheet: 'CE_KE', Cell 'C3', Converting to a String
READ: Worksheet: 'CE_KE', Cell 'B3', Converting to a String
READ: Worksheet: 'CE_KE', Cell 'A3', Converting to a String
READ: Worksheet: 'CE_KE', Cell 'K3', Converting to a String
READ: Worksheet: 'CE_KE', Cell 'J3', Converting to a String
READ: Worksheet: 'CE_KE', Cell 'L3', Converting to a String
READ: Worksheet: 'CE_KE', Cell 'F3', Converting to a String
READ: Worksheet: 'CE_KE', Cell 'I3', Converting to a String
READ: Worksheet: 'CE_KE', Cell 'A4', Converting to a String
READ: Worksheet: 'CE_KE', Cell 'H4', Converting to a String
READ: Worksheet: 'CE_KE', Cell 'G4', Converting to a String
READ: Worksheet: 'CE_KE', Cell 'E4', Converting to a String
READ: Worksheet: 'CE_KE', Cell 'D4', Converting to a String
READ: Worksheet: 'CE_KE', Cell 'C4', Converting to a String
READ: Worksheet: 'CE_KE', Cell 'B4', Converting to a String
READ: Worksheet: 'CE_KE', Cell 'A4', Converting to a String
READ: Worksheet: 'CE_KE', Cell 'K4', Converting to a String
READ: Worksheet: 'CE_KE', Cell 'J4', Converting to a String
READ: Worksheet: 'CE_KE', Cell 'L4', Converting to a String
READ: Worksheet: 'CE_KE', Cell 'F4', Converting to a String
READ: Worksheet: 'CE_KE', Cell 'I4', Converting to a String
READ: Worksheet: 'CE_KE', Cell 'A5', Converting to a String
READ: Worksheet: 'SUMMARY', Cell 'M18', Converting to a String
READ: Worksheet: 'SUMMARY', Cell 'N18', Converting to a String
READ: Worksheet: 'SUMMARY', Cell 'O18', Converting to a String
READ: Worksheet: 'CoverPage', Cell 'B3', Converting to a String
READ: Worksheet: 'SUMMARY', Cell 'K18', Converting to a String
READ: Worksheet: 'SUMMARY', Cell 'C18', Converting to a String
READ: Worksheet: 'SUMMARY', Cell 'D18', Converting to a String
READ: Worksheet: 'SUMMARY', Cell 'L18', Converting to a String
READ: Worksheet: 'SUMMARY', Cell 'E18', Converting to a String
READ: Worksheet: 'SUMMARY', Cell 'G18', Converting to a String
READ: Worksheet: 'SUMMARY', Cell 'F18', Converting to a String
READ: Worksheet: 'SUMMARY', Cell 'H18', Converting to a String
READ: Worksheet: 'SUMMARY', Cell 'J18', Converting to a String
READ: Worksheet: 'SUMMARY', Cell 'I18', Converting to a String
READ: Worksheet: 'CE_LU', Cell 'A2', Converting to a String
READ: Worksheet: 'CE_LU', Cell 'H2', Converting to a String
READ: Worksheet: 'CE_LU', Cell 'G2', Converting to a String
READ: Worksheet: 'CE_LU', Cell 'E2', Converting to a String
READ: Worksheet: 'CE_LU', Cell 'D2', Converting to a String
READ: Worksheet: 'CE_LU', Cell 'C2', Converting to a String
READ: Worksheet: 'CE_LU', Cell 'B2', Converting to a String
READ: Worksheet: 'CE_LU', Cell 'A2', Converting to a String
READ: Worksheet: 'CE_LU', Cell 'K2', Converting to a String
READ: Worksheet: 'CE_LU', Cell 'J2', Converting to a String
READ: Worksheet: 'CE_LU', Cell 'L2', Converting to a String
READ: Worksheet: 'CE_LU', Cell 'F2', Converting to a String
READ: Worksheet: 'CE_LU', Cell 'I2', Converting to a String
READ: Worksheet: 'CE_LU', Cell 'A3', Converting to a String
READ: Worksheet: 'CE_LU', Cell 'H3', Converting to a String
READ: Worksheet: 'CE_LU', Cell 'G3', Converting to a String
READ: Worksheet: 'CE_LU', Cell 'E3', Converting to a String
READ: Worksheet: 'CE_LU', Cell 'D3', Converting to a String
READ: Worksheet: 'CE_LU', Cell 'C3', Converting to a String
READ: Worksheet: 'CE_LU', Cell 'B3', Converting to a String
READ: Worksheet: 'CE_LU', Cell 'A3', Converting to a String
READ: Worksheet: 'CE_LU', Cell 'K3', Converting to a String
READ: Worksheet: 'CE_LU', Cell 'J3', Converting to a String
READ: Worksheet: 'CE_LU', Cell 'L3', Converting to a String
READ: Worksheet: 'CE_LU', Cell 'F3', Converting to a String
READ: Worksheet: 'CE_LU', Cell 'I3', Converting to a String
READ: Worksheet: 'CE_LU', Cell 'A4', Converting to a String
READ: Worksheet: 'CE_LU', Cell 'H4', Converting to a String
READ: Worksheet: 'CE_LU', Cell 'G4', Converting to a String
READ: Worksheet: 'CE_LU', Cell 'E4', Converting to a String
READ: Worksheet: 'CE_LU', Cell 'D4', Converting to a String
READ: Worksheet: 'CE_LU', Cell 'C4', Converting to a String
READ: Worksheet: 'CE_LU', Cell 'B4', Converting to a String
READ: Worksheet: 'CE_LU', Cell 'A4', Converting to a String
READ: Worksheet: 'CE_LU', Cell 'K4', Converting to a String
READ: Worksheet: 'CE_LU', Cell 'J4', Converting to a String
READ: Worksheet: 'CE_LU', Cell 'L4', Converting to a String
READ: Worksheet: 'CE_LU', Cell 'F4', Converting to a String
READ: Worksheet: 'CE_LU', Cell 'I4', Converting to a String
READ: Worksheet: 'CE_LU', Cell 'A5', Converting to a String
READ: Worksheet: 'CE_LU', Cell 'H5', Converting to a String
READ: Worksheet: 'CE_LU', Cell 'G5', Converting to a String
READ: Worksheet: 'CE_LU', Cell 'E5', Converting to a String
READ: Worksheet: 'CE_LU', Cell 'D5', Converting to a String
READ: Worksheet: 'CE_LU', Cell 'C5', Converting to a String
READ: Worksheet: 'CE_LU', Cell 'B5', Converting to a String
READ: Worksheet: 'CE_LU', Cell 'A5', Converting to a String
READ: Worksheet: 'CE_LU', Cell 'K5', Converting to a String
READ: Worksheet: 'CE_LU', Cell 'J5', Converting to a String
READ: Worksheet: 'CE_LU', Cell 'L5', Converting to a String
READ: Worksheet: 'CE_LU', Cell 'F5', Converting to a String
READ: Worksheet: 'CE_LU', Cell 'I5', Converting to a String
READ: Worksheet: 'CE_LU', Cell 'A6', Converting to a String
READ: Worksheet: 'CE_LU', Cell 'H6', Converting to a String
READ: Worksheet: 'CE_LU', Cell 'G6', Converting to a String
READ: Worksheet: 'CE_LU', Cell 'E6', Converting to a String
READ: Worksheet: 'CE_LU', Cell 'D6', Converting to a String
READ: Worksheet: 'CE_LU', Cell 'C6', Converting to a String
READ: Worksheet: 'CE_LU', Cell 'B6', Converting to a String
READ: Worksheet: 'CE_LU', Cell 'A6', Converting to a String
READ: Worksheet: 'CE_LU', Cell 'K6', Converting to a String
READ: Worksheet: 'CE_LU', Cell 'J6', Converting to a String
READ: Worksheet: 'CE_LU', Cell 'L6', Converting to a String
READ: Worksheet: 'CE_LU', Cell 'F6', Converting to a String
READ: Worksheet: 'CE_LU', Cell 'I6', Converting to a String
READ: Worksheet: 'CE_LU', Cell 'A7', Converting to a String
READ: Worksheet: 'CE_LU', Cell 'H7', Converting to a String
READ: Worksheet: 'CE_LU', Cell 'G7', Converting to a String
READ: Worksheet: 'CE_LU', Cell 'E7', Converting to a String
READ: Worksheet: 'CE_LU', Cell 'D7', Converting to a String
READ: Worksheet: 'CE_LU', Cell 'C7', Converting to a String
READ: Worksheet: 'CE_LU', Cell 'B7', Converting to a String
READ: Worksheet: 'CE_LU', Cell 'A7', Converting to a String
READ: Worksheet: 'CE_LU', Cell 'K7', Converting to a String
READ: Worksheet: 'CE_LU', Cell 'J7', Converting to a String
READ: Worksheet: 'CE_LU', Cell 'L7', Converting to a String
READ: Worksheet: 'CE_LU', Cell 'F7', Converting to a String
READ: Worksheet: 'CE_LU', Cell 'I7', Converting to a String
READ: Worksheet: 'CE_LU', Cell 'A8', Converting to a String
READ: Worksheet: 'CE_LU', Cell 'H8', Converting to a String
READ: Worksheet: 'CE_LU', Cell 'G8', Converting to a String
READ: Worksheet: 'CE_LU', Cell 'E8', Converting to a String
READ: Worksheet: 'CE_LU', Cell 'D8', Converting to a String
READ: Worksheet: 'CE_LU', Cell 'C8', Converting to a String
READ: Worksheet: 'CE_LU', Cell 'B8', Converting to a String
READ: Worksheet: 'CE_LU', Cell 'A8', Converting to a String
READ: Worksheet: 'CE_LU', Cell 'K8', Converting to a String
READ: Worksheet: 'CE_LU', Cell 'J8', Converting to a String
READ: Worksheet: 'CE_LU', Cell 'L8', Converting to a String
READ: Worksheet: 'CE_LU', Cell 'F8', Converting to a String
READ: Worksheet: 'CE_LU', Cell 'I8', Converting to a String
READ: Worksheet: 'CE_LU', Cell 'A9', Converting to a String
READ: Worksheet: 'SUMMARY', Cell 'M19', Converting to a String
READ: Worksheet: 'SUMMARY', Cell 'N19', Converting to a String
READ: Worksheet: 'SUMMARY', Cell 'O19', Converting to a String
READ: Worksheet: 'CoverPage', Cell 'B3', Converting to a String
READ: Worksheet: 'SUMMARY', Cell 'K19', Converting to a String
READ: Worksheet: 'SUMMARY', Cell 'C19', Converting to a String
READ: Worksheet: 'SUMMARY', Cell 'D19', Converting to a String
READ: Worksheet: 'SUMMARY', Cell 'L19', Converting to a String
READ: Worksheet: 'SUMMARY', Cell 'E19', Converting to a String
READ: Worksheet: 'SUMMARY', Cell 'G19', Converting to a String
READ: Worksheet: 'SUMMARY', Cell 'F19', Converting to a String
READ: Worksheet: 'SUMMARY', Cell 'H19', Converting to a String
READ: Worksheet: 'SUMMARY', Cell 'J19', Converting to a String
READ: Worksheet: 'SUMMARY', Cell 'I19', Converting to a String
READ: Worksheet: 'CE_MU', Cell 'A2', Converting to a String
READ: Worksheet: 'CE_MU', Cell 'H2', Converting to a String
READ: Worksheet: 'CE_MU', Cell 'G2', Converting to a String
READ: Worksheet: 'CE_MU', Cell 'E2', Converting to a String
READ: Worksheet: 'CE_MU', Cell 'D2', Converting to a String
READ: Worksheet: 'CE_MU', Cell 'C2', Converting to a String
READ: Worksheet: 'CE_MU', Cell 'B2', Converting to a String
READ: Worksheet: 'CE_MU', Cell 'A2', Converting to a String
READ: Worksheet: 'CE_MU', Cell 'K2', Converting to a String
READ: Worksheet: 'CE_MU', Cell 'J2', Converting to a String
READ: Worksheet: 'CE_MU', Cell 'L2', Converting to a String
READ: Worksheet: 'CE_MU', Cell 'F2', Converting to a String
READ: Worksheet: 'CE_MU', Cell 'I2', Converting to a String
READ: Worksheet: 'CE_MU', Cell 'A3', Converting to a String
READ: Worksheet: 'CE_MU', Cell 'H3', Converting to a String
READ: Worksheet: 'CE_MU', Cell 'G3', Converting to a String
READ: Worksheet: 'CE_MU', Cell 'E3', Converting to a String
READ: Worksheet: 'CE_MU', Cell 'D3', Converting to a String
READ: Worksheet: 'CE_MU', Cell 'C3', Converting to a String
READ: Worksheet: 'CE_MU', Cell 'B3', Converting to a String
READ: Worksheet: 'CE_MU', Cell 'A3', Converting to a String
READ: Worksheet: 'CE_MU', Cell 'K3', Converting to a String
READ: Worksheet: 'CE_MU', Cell 'J3', Converting to a String
READ: Worksheet: 'CE_MU', Cell 'L3', Converting to a String
READ: Worksheet: 'CE_MU', Cell 'F3', Converting to a String
READ: Worksheet: 'CE_MU', Cell 'I3', Converting to a String
READ: Worksheet: 'CE_MU', Cell 'A4', Converting to a String
READ: Worksheet: 'SUMMARY', Cell 'M20', Converting to a String
READ: Worksheet: 'SUMMARY', Cell 'N20', Converting to a String
READ: Worksheet: 'SUMMARY', Cell 'O20', Converting to a String
READ: Worksheet: 'CoverPage', Cell 'B3', Converting to a String
READ: Worksheet: 'SUMMARY', Cell 'K20', Converting to a String
READ: Worksheet: 'SUMMARY', Cell 'C20', Converting to a String
READ: Worksheet: 'SUMMARY', Cell 'D20', Converting to a String
READ: Worksheet: 'SUMMARY', Cell 'L20', Converting to a String
READ: Worksheet: 'SUMMARY', Cell 'E20', Converting to a String
READ: Worksheet: 'SUMMARY', Cell 'G20', Converting to a String
READ: Worksheet: 'SUMMARY', Cell 'F20', Converting to a String
READ: Worksheet: 'SUMMARY', Cell 'H20', Converting to a String
READ: Worksheet: 'SUMMARY', Cell 'J20', Converting to a String
READ: Worksheet: 'SUMMARY', Cell 'I20', Converting to a String
READ: Worksheet: 'CE_MW', Cell 'A2', Converting to a String
READ: Worksheet: 'CE_MW', Cell 'H2', Converting to a String
READ: Worksheet: 'CE_MW', Cell 'G2', Converting to a String
READ: Worksheet: 'CE_MW', Cell 'E2', Converting to a String
READ: Worksheet: 'CE_MW', Cell 'D2', Converting to a String
READ: Worksheet: 'CE_MW', Cell 'C2', Converting to a String
READ: Worksheet: 'CE_MW', Cell 'B2', Converting to a String
READ: Worksheet: 'CE_MW', Cell 'A2', Converting to a String
READ: Worksheet: 'CE_MW', Cell 'K2', Converting to a String
READ: Worksheet: 'CE_MW', Cell 'J2', Converting to a String
READ: Worksheet: 'CE_MW', Cell 'L2', Converting to a String
READ: Worksheet: 'CE_MW', Cell 'F2', Converting to a String
READ: Worksheet: 'CE_MW', Cell 'I2', Converting to a String
READ: Worksheet: 'CE_MW', Cell 'A3', Converting to a String
READ: Worksheet: 'SUMMARY', Cell 'M21', Converting to a String
READ: Worksheet: 'SUMMARY', Cell 'N21', Converting to a String
READ: Worksheet: 'SUMMARY', Cell 'O21', Converting to a String
READ: Worksheet: 'CoverPage', Cell 'B3', Converting to a String
READ: Worksheet: 'SUMMARY', Cell 'K21', Converting to a String
READ: Worksheet: 'SUMMARY', Cell 'C21', Converting to a String
READ: Worksheet: 'SUMMARY', Cell 'D21', Converting to a String
READ: Worksheet: 'SUMMARY', Cell 'L21', Converting to a String
READ: Worksheet: 'SUMMARY', Cell 'E21', Converting to a String
READ: Worksheet: 'SUMMARY', Cell 'G21', Converting to a String
READ: Worksheet: 'SUMMARY', Cell 'F21', Converting to a String
READ: Worksheet: 'SUMMARY', Cell 'H21', Converting to a String
READ: Worksheet: 'SUMMARY', Cell 'J21', Converting to a String
READ: Worksheet: 'SUMMARY', Cell 'I21', Converting to a String
READ: Worksheet: 'CE_MZ', Cell 'A2', Converting to a String
READ: Worksheet: 'CE_MZ', Cell 'H2', Converting to a String
READ: Worksheet: 'CE_MZ', Cell 'G2', Converting to a String
READ: Worksheet: 'CE_MZ', Cell 'E2', Converting to a String
READ: Worksheet: 'CE_MZ', Cell 'D2', Converting to a String
READ: Worksheet: 'CE_MZ', Cell 'C2', Converting to a String
READ: Worksheet: 'CE_MZ', Cell 'B2', Converting to a String
READ: Worksheet: 'CE_MZ', Cell 'A2', Converting to a String
READ: Worksheet: 'CE_MZ', Cell 'K2', Converting to a String
READ: Worksheet: 'CE_MZ', Cell 'J2', Converting to a String
READ: Worksheet: 'CE_MZ', Cell 'L2', Converting to a String
READ: Worksheet: 'CE_MZ', Cell 'F2', Converting to a String
READ: Worksheet: 'CE_MZ', Cell 'I2', Converting to a String
READ: Worksheet: 'CE_MZ', Cell 'A3', Converting to a String
READ: Worksheet: 'CE_MZ', Cell 'H3', Converting to a String
READ: Worksheet: 'CE_MZ', Cell 'G3', Converting to a String
READ: Worksheet: 'CE_MZ', Cell 'E3', Converting to a String
READ: Worksheet: 'CE_MZ', Cell 'D3', Converting to a String
READ: Worksheet: 'CE_MZ', Cell 'C3', Converting to a String
READ: Worksheet: 'CE_MZ', Cell 'B3', Converting to a String
READ: Worksheet: 'CE_MZ', Cell 'A3', Converting to a String
READ: Worksheet: 'CE_MZ', Cell 'K3', Converting to a String
READ: Worksheet: 'CE_MZ', Cell 'J3', Converting to a String
READ: Worksheet: 'CE_MZ', Cell 'L3', Converting to a String
READ: Worksheet: 'CE_MZ', Cell 'F3', Converting to a String
READ: Worksheet: 'CE_MZ', Cell 'I3', Converting to a String
READ: Worksheet: 'CE_MZ', Cell 'A4', Converting to a String
READ: Worksheet: 'CE_MZ', Cell 'H4', Converting to a String
READ: Worksheet: 'CE_MZ', Cell 'G4', Converting to a String
READ: Worksheet: 'CE_MZ', Cell 'E4', Converting to a String
READ: Worksheet: 'CE_MZ', Cell 'D4', Converting to a String
READ: Worksheet: 'CE_MZ', Cell 'C4', Converting to a String
READ: Worksheet: 'CE_MZ', Cell 'B4', Converting to a String
READ: Worksheet: 'CE_MZ', Cell 'A4', Converting to a String
READ: Worksheet: 'CE_MZ', Cell 'K4', Converting to a String
READ: Worksheet: 'CE_MZ', Cell 'J4', Converting to a String
READ: Worksheet: 'CE_MZ', Cell 'L4', Converting to a String
READ: Worksheet: 'CE_MZ', Cell 'F4', Converting to a String
READ: Worksheet: 'CE_MZ', Cell 'I4', Converting to a String
READ: Worksheet: 'CE_MZ', Cell 'A5', Converting to a String
READ: Worksheet: 'SUMMARY', Cell 'M22', Converting to a String
READ: Worksheet: 'SUMMARY', Cell 'N22', Converting to a String
READ: Worksheet: 'SUMMARY', Cell 'O22', Converting to a String
READ: Worksheet: 'CoverPage', Cell 'B3', Converting to a String
READ: Worksheet: 'SUMMARY', Cell 'K22', Converting to a String
READ: Worksheet: 'SUMMARY', Cell 'C22', Converting to a String
READ: Worksheet: 'SUMMARY', Cell 'D22', Converting to a String
READ: Worksheet: 'SUMMARY', Cell 'L22', Converting to a String
READ: Worksheet: 'SUMMARY', Cell 'E22', Converting to a String
READ: Worksheet: 'SUMMARY', Cell 'G22', Converting to a String
READ: Worksheet: 'SUMMARY', Cell 'F22', Converting to a String
READ: Worksheet: 'SUMMARY', Cell 'H22', Converting to a String
READ: Worksheet: 'SUMMARY', Cell 'J22', Converting to a String
READ: Worksheet: 'SUMMARY', Cell 'I22', Converting to a String
READ: Worksheet: 'CE_NA', Cell 'A2', Converting to a String
READ: Worksheet: 'CE_NA', Cell 'H2', Converting to a String
READ: Worksheet: 'CE_NA', Cell 'G2', Converting to a String
READ: Worksheet: 'CE_NA', Cell 'E2', Converting to a String
READ: Worksheet: 'CE_NA', Cell 'D2', Converting to a String
READ: Worksheet: 'CE_NA', Cell 'C2', Converting to a String
READ: Worksheet: 'CE_NA', Cell 'B2', Converting to a String
READ: Worksheet: 'CE_NA', Cell 'A2', Converting to a String
READ: Worksheet: 'CE_NA', Cell 'K2', Converting to a String
READ: Worksheet: 'CE_NA', Cell 'J2', Converting to a String
READ: Worksheet: 'CE_NA', Cell 'L2', Converting to a String
READ: Worksheet: 'CE_NA', Cell 'F2', Converting to a String
READ: Worksheet: 'CE_NA', Cell 'I2', Converting to a String
READ: Worksheet: 'CE_NA', Cell 'A3', Converting to a String
READ: Worksheet: 'CE_NA', Cell 'H3', Converting to a String
READ: Worksheet: 'CE_NA', Cell 'G3', Converting to a String
READ: Worksheet: 'CE_NA', Cell 'E3', Converting to a String
READ: Worksheet: 'CE_NA', Cell 'D3', Converting to a String
READ: Worksheet: 'CE_NA', Cell 'C3', Converting to a String
READ: Worksheet: 'CE_NA', Cell 'B3', Converting to a String
READ: Worksheet: 'CE_NA', Cell 'A3', Converting to a String
READ: Worksheet: 'CE_NA', Cell 'K3', Converting to a String
READ: Worksheet: 'CE_NA', Cell 'J3', Converting to a String
READ: Worksheet: 'CE_NA', Cell 'L3', Converting to a String
READ: Worksheet: 'CE_NA', Cell 'F3', Converting to a String
READ: Worksheet: 'CE_NA', Cell 'I3', Converting to a String
READ: Worksheet: 'CE_NA', Cell 'A4', Converting to a String
READ: Worksheet: 'CE_NA', Cell 'H4', Converting to a String
READ: Worksheet: 'CE_NA', Cell 'G4', Converting to a String
READ: Worksheet: 'CE_NA', Cell 'E4', Converting to a String
READ: Worksheet: 'CE_NA', Cell 'D4', Converting to a String
READ: Worksheet: 'CE_NA', Cell 'C4', Converting to a String
READ: Worksheet: 'CE_NA', Cell 'B4', Converting to a String
READ: Worksheet: 'CE_NA', Cell 'A4', Converting to a String
READ: Worksheet: 'CE_NA', Cell 'K4', Converting to a String
READ: Worksheet: 'CE_NA', Cell 'J4', Converting to a String
READ: Worksheet: 'CE_NA', Cell 'L4', Converting to a String
READ: Worksheet: 'CE_NA', Cell 'F4', Converting to a String
READ: Worksheet: 'CE_NA', Cell 'I4', Converting to a String
READ: Worksheet: 'CE_NA', Cell 'A5', Converting to a String
READ: Worksheet: 'CE_NA', Cell 'H5', Converting to a String
READ: Worksheet: 'CE_NA', Cell 'G5', Converting to a String
READ: Worksheet: 'CE_NA', Cell 'E5', Converting to a String
READ: Worksheet: 'CE_NA', Cell 'D5', Converting to a String
READ: Worksheet: 'CE_NA', Cell 'C5', Converting to a String
READ: Worksheet: 'CE_NA', Cell 'B5', Converting to a String
READ: Worksheet: 'CE_NA', Cell 'A5', Converting to a String
READ: Worksheet: 'CE_NA', Cell 'K5', Converting to a String
READ: Worksheet: 'CE_NA', Cell 'J5', Converting to a String
READ: Worksheet: 'CE_NA', Cell 'L5', Converting to a String
READ: Worksheet: 'CE_NA', Cell 'F5', Converting to a String
READ: Worksheet: 'CE_NA', Cell 'I5', Converting to a String
READ: Worksheet: 'CE_NA', Cell 'A6', Converting to a String
READ: Worksheet: 'CE_NA', Cell 'H6', Converting to a String
READ: Worksheet: 'CE_NA', Cell 'G6', Converting to a String
READ: Worksheet: 'CE_NA', Cell 'E6', Converting to a String
READ: Worksheet: 'CE_NA', Cell 'D6', Converting to a String
READ: Worksheet: 'CE_NA', Cell 'C6', Converting to a String
READ: Worksheet: 'CE_NA', Cell 'B6', Converting to a String
READ: Worksheet: 'CE_NA', Cell 'A6', Converting to a String
READ: Worksheet: 'CE_NA', Cell 'K6', Converting to a String
READ: Worksheet: 'CE_NA', Cell 'J6', Converting to a String
READ: Worksheet: 'CE_NA', Cell 'L6', Converting to a String
READ: Worksheet: 'CE_NA', Cell 'F6', Converting to a String
READ: Worksheet: 'CE_NA', Cell 'I6', Converting to a String
READ: Worksheet: 'CE_NA', Cell 'A7', Converting to a String
READ: Worksheet: 'CE_NA', Cell 'H7', Converting to a String
READ: Worksheet: 'CE_NA', Cell 'G7', Converting to a String
READ: Worksheet: 'CE_NA', Cell 'E7', Converting to a String
READ: Worksheet: 'CE_NA', Cell 'D7', Converting to a String
READ: Worksheet: 'CE_NA', Cell 'C7', Converting to a String
READ: Worksheet: 'CE_NA', Cell 'B7', Converting to a String
READ: Worksheet: 'CE_NA', Cell 'A7', Converting to a String
READ: Worksheet: 'CE_NA', Cell 'K7', Converting to a String
READ: Worksheet: 'CE_NA', Cell 'J7', Converting to a String
READ: Worksheet: 'CE_NA', Cell 'L7', Converting to a String
READ: Worksheet: 'CE_NA', Cell 'F7', Converting to a String
READ: Worksheet: 'CE_NA', Cell 'I7', Converting to a String
READ: Worksheet: 'CE_NA', Cell 'A8', Converting to a String
READ: Worksheet: 'CE_NA', Cell 'H8', Converting to a String
READ: Worksheet: 'CE_NA', Cell 'G8', Converting to a String
READ: Worksheet: 'CE_NA', Cell 'E8', Converting to a String
READ: Worksheet: 'CE_NA', Cell 'D8', Converting to a String
READ: Worksheet: 'CE_NA', Cell 'C8', Converting to a String
READ: Worksheet: 'CE_NA', Cell 'B8', Converting to a String
READ: Worksheet: 'CE_NA', Cell 'A8', Converting to a String
READ: Worksheet: 'CE_NA', Cell 'K8', Converting to a String
READ: Worksheet: 'CE_NA', Cell 'J8', Converting to a String
READ: Worksheet: 'CE_NA', Cell 'L8', Converting to a String
READ: Worksheet: 'CE_NA', Cell 'F8', Converting to a String
READ: Worksheet: 'CE_NA', Cell 'I8', Converting to a String
READ: Worksheet: 'CE_NA', Cell 'A9', Converting to a String
READ: Worksheet: 'CE_NA', Cell 'H9', Converting to a String
READ: Worksheet: 'CE_NA', Cell 'G9', Converting to a String
READ: Worksheet: 'CE_NA', Cell 'E9', Converting to a String
READ: Worksheet: 'CE_NA', Cell 'D9', Converting to a String
READ: Worksheet: 'CE_NA', Cell 'C9', Converting to a String
READ: Worksheet: 'CE_NA', Cell 'B9', Converting to a String
READ: Worksheet: 'CE_NA', Cell 'A9', Converting to a String
READ: Worksheet: 'CE_NA', Cell 'K9', Converting to a String
READ: Worksheet: 'CE_NA', Cell 'J9', Converting to a String
READ: Worksheet: 'CE_NA', Cell 'L9', Converting to a String
READ: Worksheet: 'CE_NA', Cell 'F9', Converting to a String
READ: Worksheet: 'CE_NA', Cell 'I9', Converting to a String
READ: Worksheet: 'CE_NA', Cell 'A10', Converting to a String
READ: Worksheet: 'CE_NA', Cell 'H10', Converting to a String
READ: Worksheet: 'CE_NA', Cell 'G10', Converting to a String
READ: Worksheet: 'CE_NA', Cell 'E10', Converting to a String
READ: Worksheet: 'CE_NA', Cell 'D10', Converting to a String
READ: Worksheet: 'CE_NA', Cell 'C10', Converting to a String
READ: Worksheet: 'CE_NA', Cell 'B10', Converting to a String
READ: Worksheet: 'CE_NA', Cell 'A10', Converting to a String
READ: Worksheet: 'CE_NA', Cell 'K10', Converting to a String
READ: Worksheet: 'CE_NA', Cell 'J10', Converting to a String
READ: Worksheet: 'CE_NA', Cell 'L10', Converting to a String
READ: Worksheet: 'CE_NA', Cell 'F10', Converting to a String
READ: Worksheet: 'CE_NA', Cell 'I10', Converting to a String
READ: Worksheet: 'CE_NA', Cell 'A11', Converting to a String
READ: Worksheet: 'CE_NA', Cell 'H11', Converting to a String
READ: Worksheet: 'CE_NA', Cell 'G11', Converting to a String
READ: Worksheet: 'CE_NA', Cell 'E11', Converting to a String
READ: Worksheet: 'CE_NA', Cell 'D11', Converting to a String
READ: Worksheet: 'CE_NA', Cell 'C11', Converting to a String
READ: Worksheet: 'CE_NA', Cell 'B11', Converting to a String
READ: Worksheet: 'CE_NA', Cell 'A11', Converting to a String
READ: Worksheet: 'CE_NA', Cell 'K11', Converting to a String
READ: Worksheet: 'CE_NA', Cell 'J11', Converting to a String
READ: Worksheet: 'CE_NA', Cell 'L11', Converting to a String
READ: Worksheet: 'CE_NA', Cell 'F11', Converting to a String
READ: Worksheet: 'CE_NA', Cell 'I11', Converting to a String
READ: Worksheet: 'CE_NA', Cell 'A12', Converting to a String
READ: Worksheet: 'SUMMARY', Cell 'M23', Converting to a String
READ: Worksheet: 'SUMMARY', Cell 'N23', Converting to a String
READ: Worksheet: 'SUMMARY', Cell 'O23', Converting to a String
READ: Worksheet: 'CoverPage', Cell 'B3', Converting to a String
READ: Worksheet: 'SUMMARY', Cell 'K23', Converting to a String
READ: Worksheet: 'SUMMARY', Cell 'C23', Converting to a String
READ: Worksheet: 'SUMMARY', Cell 'D23', Converting to a String
READ: Worksheet: 'SUMMARY', Cell 'L23', Converting to a String
READ: Worksheet: 'SUMMARY', Cell 'E23', Converting to a String
READ: Worksheet: 'SUMMARY', Cell 'G23', Converting to a String
READ: Worksheet: 'SUMMARY', Cell 'F23', Converting to a String
READ: Worksheet: 'SUMMARY', Cell 'H23', Converting to a String
READ: Worksheet: 'SUMMARY', Cell 'J23', Converting to a String
READ: Worksheet: 'SUMMARY', Cell 'I23', Converting to a String
READ: Worksheet: 'CE_NG', Cell 'A2', Converting to a String
READ: Worksheet: 'CE_NG', Cell 'H2', Converting to a String
READ: Worksheet: 'CE_NG', Cell 'G2', Converting to a String
READ: Worksheet: 'CE_NG', Cell 'E2', Converting to a String
READ: Worksheet: 'CE_NG', Cell 'D2', Converting to a String
READ: Worksheet: 'CE_NG', Cell 'C2', Converting to a String
READ: Worksheet: 'CE_NG', Cell 'B2', Converting to a String
READ: Worksheet: 'CE_NG', Cell 'A2', Converting to a String
READ: Worksheet: 'CE_NG', Cell 'K2', Converting to a String
READ: Worksheet: 'CE_NG', Cell 'J2', Converting to a String
READ: Worksheet: 'CE_NG', Cell 'L2', Converting to a String
READ: Worksheet: 'CE_NG', Cell 'F2', Converting to a String
READ: Worksheet: 'CE_NG', Cell 'I2', Converting to a String
READ: Worksheet: 'CE_NG', Cell 'A3', Converting to a String
READ: Worksheet: 'CE_NG', Cell 'H3', Converting to a String
READ: Worksheet: 'CE_NG', Cell 'G3', Converting to a String
READ: Worksheet: 'CE_NG', Cell 'E3', Converting to a String
READ: Worksheet: 'CE_NG', Cell 'D3', Converting to a String
READ: Worksheet: 'CE_NG', Cell 'C3', Converting to a String
READ: Worksheet: 'CE_NG', Cell 'B3', Converting to a String
READ: Worksheet: 'CE_NG', Cell 'A3', Converting to a String
READ: Worksheet: 'CE_NG', Cell 'K3', Converting to a String
READ: Worksheet: 'CE_NG', Cell 'J3', Converting to a String
READ: Worksheet: 'CE_NG', Cell 'L3', Converting to a String
READ: Worksheet: 'CE_NG', Cell 'F3', Converting to a String
READ: Worksheet: 'CE_NG', Cell 'I3', Converting to a String
READ: Worksheet: 'CE_NG', Cell 'A4', Converting to a String
READ: Worksheet: 'CE_NG', Cell 'H4', Converting to a String
READ: Worksheet: 'CE_NG', Cell 'G4', Converting to a String
READ: Worksheet: 'CE_NG', Cell 'E4', Converting to a String
READ: Worksheet: 'CE_NG', Cell 'D4', Converting to a String
READ: Worksheet: 'CE_NG', Cell 'C4', Converting to a String
READ: Worksheet: 'CE_NG', Cell 'B4', Converting to a String
READ: Worksheet: 'CE_NG', Cell 'A4', Converting to a String
READ: Worksheet: 'CE_NG', Cell 'K4', Converting to a String
READ: Worksheet: 'CE_NG', Cell 'J4', Converting to a String
READ: Worksheet: 'CE_NG', Cell 'L4', Converting to a String
READ: Worksheet: 'CE_NG', Cell 'F4', Converting to a String
READ: Worksheet: 'CE_NG', Cell 'I4', Converting to a String
READ: Worksheet: 'CE_NG', Cell 'A5', Converting to a String
READ: Worksheet: 'CE_NG', Cell 'H5', Converting to a String
READ: Worksheet: 'CE_NG', Cell 'G5', Converting to a String
READ: Worksheet: 'CE_NG', Cell 'E5', Converting to a String
READ: Worksheet: 'CE_NG', Cell 'D5', Converting to a String
READ: Worksheet: 'CE_NG', Cell 'C5', Converting to a String
READ: Worksheet: 'CE_NG', Cell 'B5', Converting to a String
READ: Worksheet: 'CE_NG', Cell 'A5', Converting to a String
READ: Worksheet: 'CE_NG', Cell 'K5', Converting to a String
READ: Worksheet: 'CE_NG', Cell 'J5', Converting to a String
READ: Worksheet: 'CE_NG', Cell 'L5', Converting to a String
READ: Worksheet: 'CE_NG', Cell 'F5', Converting to a String
READ: Worksheet: 'CE_NG', Cell 'I5', Converting to a String
READ: Worksheet: 'CE_NG', Cell 'A6', Converting to a String
READ: Worksheet: 'CE_NG', Cell 'H6', Converting to a String
READ: Worksheet: 'CE_NG', Cell 'G6', Converting to a String
READ: Worksheet: 'CE_NG', Cell 'E6', Converting to a String
READ: Worksheet: 'CE_NG', Cell 'D6', Converting to a String
READ: Worksheet: 'CE_NG', Cell 'C6', Converting to a String
READ: Worksheet: 'CE_NG', Cell 'B6', Converting to a String
READ: Worksheet: 'CE_NG', Cell 'A6', Converting to a String
READ: Worksheet: 'CE_NG', Cell 'K6', Converting to a String
READ: Worksheet: 'CE_NG', Cell 'J6', Converting to a String
READ: Worksheet: 'CE_NG', Cell 'L6', Converting to a String
READ: Worksheet: 'CE_NG', Cell 'F6', Converting to a String
READ: Worksheet: 'CE_NG', Cell 'I6', Converting to a String
READ: Worksheet: 'CE_NG', Cell 'A7', Converting to a String
READ: Worksheet: 'CE_NG', Cell 'H7', Converting to a String
READ: Worksheet: 'CE_NG', Cell 'G7', Converting to a String
READ: Worksheet: 'CE_NG', Cell 'E7', Converting to a String
READ: Worksheet: 'CE_NG', Cell 'D7', Converting to a String
READ: Worksheet: 'CE_NG', Cell 'C7', Converting to a String
READ: Worksheet: 'CE_NG', Cell 'B7', Converting to a String
READ: Worksheet: 'CE_NG', Cell 'A7', Converting to a String
READ: Worksheet: 'CE_NG', Cell 'K7', Converting to a String
READ: Worksheet: 'CE_NG', Cell 'J7', Converting to a String
READ: Worksheet: 'CE_NG', Cell 'L7', Converting to a String
READ: Worksheet: 'CE_NG', Cell 'F7', Converting to a String
READ: Worksheet: 'CE_NG', Cell 'I7', Converting to a String
READ: Worksheet: 'CE_NG', Cell 'A8', Converting to a String
READ: Worksheet: 'CE_NG', Cell 'H8', Converting to a String
READ: Worksheet: 'CE_NG', Cell 'G8', Converting to a String
READ: Worksheet: 'CE_NG', Cell 'E8', Converting to a String
READ: Worksheet: 'CE_NG', Cell 'D8', Converting to a String
READ: Worksheet: 'CE_NG', Cell 'C8', Converting to a String
READ: Worksheet: 'CE_NG', Cell 'B8', Converting to a String
READ: Worksheet: 'CE_NG', Cell 'A8', Converting to a String
READ: Worksheet: 'CE_NG', Cell 'K8', Converting to a String
READ: Worksheet: 'CE_NG', Cell 'J8', Converting to a String
READ: Worksheet: 'CE_NG', Cell 'L8', Converting to a String
READ: Worksheet: 'CE_NG', Cell 'F8', Converting to a String
READ: Worksheet: 'CE_NG', Cell 'I8', Converting to a String
READ: Worksheet: 'CE_NG', Cell 'A9', Converting to a String
READ: Worksheet: 'CE_NG', Cell 'H9', Converting to a String
READ: Worksheet: 'CE_NG', Cell 'G9', Converting to a String
READ: Worksheet: 'CE_NG', Cell 'E9', Converting to a String
READ: Worksheet: 'CE_NG', Cell 'D9', Converting to a String
READ: Worksheet: 'CE_NG', Cell 'C9', Converting to a String
READ: Worksheet: 'CE_NG', Cell 'B9', Converting to a String
READ: Worksheet: 'CE_NG', Cell 'A9', Converting to a String
READ: Worksheet: 'CE_NG', Cell 'K9', Converting to a String
READ: Worksheet: 'CE_NG', Cell 'J9', Converting to a String
READ: Worksheet: 'CE_NG', Cell 'L9', Converting to a String
READ: Worksheet: 'CE_NG', Cell 'F9', Converting to a String
READ: Worksheet: 'CE_NG', Cell 'I9', Converting to a String
READ: Worksheet: 'CE_NG', Cell 'A10', Converting to a String
READ: Worksheet: 'CE_NG', Cell 'H10', Converting to a String
READ: Worksheet: 'CE_NG', Cell 'G10', Converting to a String
READ: Worksheet: 'CE_NG', Cell 'E10', Converting to a String
READ: Worksheet: 'CE_NG', Cell 'D10', Converting to a String
READ: Worksheet: 'CE_NG', Cell 'C10', Converting to a String
READ: Worksheet: 'CE_NG', Cell 'B10', Converting to a String
READ: Worksheet: 'CE_NG', Cell 'A10', Converting to a String
READ: Worksheet: 'CE_NG', Cell 'K10', Converting to a String
READ: Worksheet: 'CE_NG', Cell 'J10', Converting to a String
READ: Worksheet: 'CE_NG', Cell 'L10', Converting to a String
READ: Worksheet: 'CE_NG', Cell 'F10', Converting to a String
READ: Worksheet: 'CE_NG', Cell 'I10', Converting to a String
READ: Worksheet: 'CE_NG', Cell 'A11', Converting to a String
READ: Worksheet: 'SUMMARY', Cell 'M24', Converting to a String
READ: Worksheet: 'SUMMARY', Cell 'N24', Converting to a String
READ: Worksheet: 'SUMMARY', Cell 'O24', Converting to a String
READ: Worksheet: 'CoverPage', Cell 'B3', Converting to a String
READ: Worksheet: 'SUMMARY', Cell 'K24', Converting to a String
READ: Worksheet: 'SUMMARY', Cell 'C24', Converting to a String
READ: Worksheet: 'SUMMARY', Cell 'D24', Converting to a String
READ: Worksheet: 'SUMMARY', Cell 'L24', Converting to a String
READ: Worksheet: 'SUMMARY', Cell 'E24', Converting to a String
READ: Worksheet: 'SUMMARY', Cell 'G24', Converting to a String
READ: Worksheet: 'SUMMARY', Cell 'F24', Converting to a String
READ: Worksheet: 'SUMMARY', Cell 'H24', Converting to a String
READ: Worksheet: 'SUMMARY', Cell 'J24', Converting to a String
READ: Worksheet: 'SUMMARY', Cell 'I24', Converting to a String
READ: Worksheet: 'CE_NL', Cell 'A2', Converting to a String
READ: Worksheet: 'CE_NL', Cell 'H2', Converting to a String
READ: Worksheet: 'CE_NL', Cell 'G2', Converting to a String
READ: Worksheet: 'CE_NL', Cell 'E2', Converting to a String
READ: Worksheet: 'CE_NL', Cell 'D2', Converting to a String
READ: Worksheet: 'CE_NL', Cell 'C2', Converting to a String
READ: Worksheet: 'CE_NL', Cell 'B2', Converting to a String
READ: Worksheet: 'CE_NL', Cell 'A2', Converting to a String
READ: Worksheet: 'CE_NL', Cell 'K2', Converting to a String
READ: Worksheet: 'CE_NL', Cell 'J2', Converting to a String
READ: Worksheet: 'CE_NL', Cell 'L2', Converting to a String
READ: Worksheet: 'CE_NL', Cell 'F2', Converting to a String
READ: Worksheet: 'CE_NL', Cell 'I2', Converting to a String
READ: Worksheet: 'CE_NL', Cell 'A3', Converting to a String
READ: Worksheet: 'CE_NL', Cell 'H3', Converting to a String
READ: Worksheet: 'CE_NL', Cell 'G3', Converting to a String
READ: Worksheet: 'CE_NL', Cell 'E3', Converting to a String
READ: Worksheet: 'CE_NL', Cell 'D3', Converting to a String
READ: Worksheet: 'CE_NL', Cell 'C3', Converting to a String
READ: Worksheet: 'CE_NL', Cell 'B3', Converting to a String
READ: Worksheet: 'CE_NL', Cell 'A3', Converting to a String
READ: Worksheet: 'CE_NL', Cell 'K3', Converting to a String
READ: Worksheet: 'CE_NL', Cell 'J3', Converting to a String
READ: Worksheet: 'CE_NL', Cell 'L3', Converting to a String
READ: Worksheet: 'CE_NL', Cell 'F3', Converting to a String
READ: Worksheet: 'CE_NL', Cell 'I3', Converting to a String
READ: Worksheet: 'CE_NL', Cell 'A4', Converting to a String
READ: Worksheet: 'CE_NL', Cell 'H4', Converting to a String
READ: Worksheet: 'CE_NL', Cell 'G4', Converting to a String
READ: Worksheet: 'CE_NL', Cell 'E4', Converting to a String
READ: Worksheet: 'CE_NL', Cell 'D4', Converting to a String
READ: Worksheet: 'CE_NL', Cell 'C4', Converting to a String
READ: Worksheet: 'CE_NL', Cell 'B4', Converting to a String
READ: Worksheet: 'CE_NL', Cell 'A4', Converting to a String
READ: Worksheet: 'CE_NL', Cell 'K4', Converting to a String
READ: Worksheet: 'CE_NL', Cell 'J4', Converting to a String
READ: Worksheet: 'CE_NL', Cell 'L4', Converting to a String
READ: Worksheet: 'CE_NL', Cell 'F4', Converting to a String
READ: Worksheet: 'CE_NL', Cell 'I4', Converting to a String
READ: Worksheet: 'CE_NL', Cell 'A5', Converting to a String
READ: Worksheet: 'CE_NL', Cell 'H5', Converting to a String
READ: Worksheet: 'CE_NL', Cell 'G5', Converting to a String
READ: Worksheet: 'CE_NL', Cell 'E5', Converting to a String
READ: Worksheet: 'CE_NL', Cell 'D5', Converting to a String
READ: Worksheet: 'CE_NL', Cell 'C5', Converting to a String
READ: Worksheet: 'CE_NL', Cell 'B5', Converting to a String
READ: Worksheet: 'CE_NL', Cell 'A5', Converting to a String
READ: Worksheet: 'CE_NL', Cell 'K5', Converting to a String
READ: Worksheet: 'CE_NL', Cell 'J5', Converting to a String
READ: Worksheet: 'CE_NL', Cell 'L5', Converting to a String
READ: Worksheet: 'CE_NL', Cell 'F5', Converting to a String
READ: Worksheet: 'CE_NL', Cell 'I5', Converting to a String
READ: Worksheet: 'CE_NL', Cell 'A6', Converting to a String
READ: Worksheet: 'CE_NL', Cell 'H6', Converting to a String
READ: Worksheet: 'CE_NL', Cell 'G6', Converting to a String
READ: Worksheet: 'CE_NL', Cell 'E6', Converting to a String
READ: Worksheet: 'CE_NL', Cell 'D6', Converting to a String
READ: Worksheet: 'CE_NL', Cell 'C6', Converting to a String
READ: Worksheet: 'CE_NL', Cell 'B6', Converting to a String
READ: Worksheet: 'CE_NL', Cell 'A6', Converting to a String
READ: Worksheet: 'CE_NL', Cell 'K6', Converting to a String
READ: Worksheet: 'CE_NL', Cell 'J6', Converting to a String
READ: Worksheet: 'CE_NL', Cell 'L6', Converting to a String
READ: Worksheet: 'CE_NL', Cell 'F6', Converting to a String
READ: Worksheet: 'CE_NL', Cell 'I6', Converting to a String
READ: Worksheet: 'CE_NL', Cell 'A7', Converting to a String
READ: Worksheet: 'CE_NL', Cell 'H7', Converting to a String
READ: Worksheet: 'CE_NL', Cell 'G7', Converting to a String
READ: Worksheet: 'CE_NL', Cell 'E7', Converting to a String
READ: Worksheet: 'CE_NL', Cell 'D7', Converting to a String
READ: Worksheet: 'CE_NL', Cell 'C7', Converting to a String
READ: Worksheet: 'CE_NL', Cell 'B7', Converting to a String
READ: Worksheet: 'CE_NL', Cell 'A7', Converting to a String
READ: Worksheet: 'CE_NL', Cell 'K7', Converting to a String
READ: Worksheet: 'CE_NL', Cell 'J7', Converting to a String
READ: Worksheet: 'CE_NL', Cell 'L7', Converting to a String
READ: Worksheet: 'CE_NL', Cell 'F7', Converting to a String
READ: Worksheet: 'CE_NL', Cell 'I7', Converting to a String
READ: Worksheet: 'CE_NL', Cell 'A8', Converting to a String
READ: Worksheet: 'CE_NL', Cell 'H8', Converting to a String
READ: Worksheet: 'CE_NL', Cell 'G8', Converting to a String
READ: Worksheet: 'CE_NL', Cell 'E8', Converting to a String
READ: Worksheet: 'CE_NL', Cell 'D8', Converting to a String
READ: Worksheet: 'CE_NL', Cell 'C8', Converting to a String
READ: Worksheet: 'CE_NL', Cell 'B8', Converting to a String
READ: Worksheet: 'CE_NL', Cell 'A8', Converting to a String
READ: Worksheet: 'CE_NL', Cell 'K8', Converting to a String
READ: Worksheet: 'CE_NL', Cell 'J8', Converting to a String
READ: Worksheet: 'CE_NL', Cell 'L8', Converting to a String
READ: Worksheet: 'CE_NL', Cell 'F8', Converting to a String
READ: Worksheet: 'CE_NL', Cell 'I8', Converting to a String
READ: Worksheet: 'CE_NL', Cell 'A9', Converting to a String
READ: Worksheet: 'CE_NL', Cell 'H9', Converting to a String
READ: Worksheet: 'CE_NL', Cell 'G9', Converting to a String
READ: Worksheet: 'CE_NL', Cell 'E9', Converting to a String
READ: Worksheet: 'CE_NL', Cell 'D9', Converting to a String
READ: Worksheet: 'CE_NL', Cell 'C9', Converting to a String
READ: Worksheet: 'CE_NL', Cell 'B9', Converting to a String
READ: Worksheet: 'CE_NL', Cell 'A9', Converting to a String
READ: Worksheet: 'CE_NL', Cell 'K9', Converting to a String
READ: Worksheet: 'CE_NL', Cell 'J9', Converting to a String
READ: Worksheet: 'CE_NL', Cell 'L9', Converting to a String
READ: Worksheet: 'CE_NL', Cell 'F9', Converting to a String
READ: Worksheet: 'CE_NL', Cell 'I9', Converting to a String
READ: Worksheet: 'CE_NL', Cell 'A10', Converting to a String
READ: Worksheet: 'CE_NL', Cell 'H10', Converting to a String
READ: Worksheet: 'CE_NL', Cell 'G10', Converting to a String
READ: Worksheet: 'CE_NL', Cell 'E10', Converting to a String
READ: Worksheet: 'CE_NL', Cell 'D10', Converting to a String
READ: Worksheet: 'CE_NL', Cell 'C10', Converting to a String
READ: Worksheet: 'CE_NL', Cell 'B10', Converting to a String
READ: Worksheet: 'CE_NL', Cell 'A10', Converting to a String
READ: Worksheet: 'CE_NL', Cell 'K10', Converting to a String
READ: Worksheet: 'CE_NL', Cell 'J10', Converting to a String
READ: Worksheet: 'CE_NL', Cell 'L10', Converting to a String
READ: Worksheet: 'CE_NL', Cell 'F10', Converting to a String
READ: Worksheet: 'CE_NL', Cell 'I10', Converting to a String
READ: Worksheet: 'CE_NL', Cell 'A11', Converting to a String
READ: Worksheet: 'CE_NL', Cell 'H11', Converting to a String
READ: Worksheet: 'CE_NL', Cell 'G11', Converting to a String
READ: Worksheet: 'CE_NL', Cell 'E11', Converting to a String
READ: Worksheet: 'CE_NL', Cell 'D11', Converting to a String
READ: Worksheet: 'CE_NL', Cell 'C11', Converting to a String
READ: Worksheet: 'CE_NL', Cell 'B11', Converting to a String
READ: Worksheet: 'CE_NL', Cell 'A11', Converting to a String
READ: Worksheet: 'CE_NL', Cell 'K11', Converting to a String
READ: Worksheet: 'CE_NL', Cell 'J11', Converting to a String
READ: Worksheet: 'CE_NL', Cell 'L11', Converting to a String
READ: Worksheet: 'CE_NL', Cell 'F11', Converting to a String
READ: Worksheet: 'CE_NL', Cell 'I11', Converting to a String
READ: Worksheet: 'CE_NL', Cell 'A12', Converting to a String
READ: Worksheet: 'CE_NL', Cell 'H12', Converting to a String
READ: Worksheet: 'CE_NL', Cell 'G12', Converting to a String
READ: Worksheet: 'CE_NL', Cell 'E12', Converting to a String
READ: Worksheet: 'CE_NL', Cell 'D12', Converting to a String
READ: Worksheet: 'CE_NL', Cell 'C12', Converting to a String
READ: Worksheet: 'CE_NL', Cell 'B12', Converting to a String
READ: Worksheet: 'CE_NL', Cell 'A12', Converting to a String
READ: Worksheet: 'CE_NL', Cell 'K12', Converting to a String
READ: Worksheet: 'CE_NL', Cell 'J12', Converting to a String
READ: Worksheet: 'CE_NL', Cell 'L12', Converting to a String
READ: Worksheet: 'CE_NL', Cell 'F12', Converting to a String
READ: Worksheet: 'CE_NL', Cell 'I12', Converting to a String
READ: Worksheet: 'CE_NL', Cell 'A13', Converting to a String
READ: Worksheet: 'CE_NL', Cell 'H13', Converting to a String
READ: Worksheet: 'CE_NL', Cell 'G13', Converting to a String
READ: Worksheet: 'CE_NL', Cell 'E13', Converting to a String
READ: Worksheet: 'CE_NL', Cell 'D13', Converting to a String
READ: Worksheet: 'CE_NL', Cell 'C13', Converting to a String
READ: Worksheet: 'CE_NL', Cell 'B13', Converting to a String
READ: Worksheet: 'CE_NL', Cell 'A13', Converting to a String
READ: Worksheet: 'CE_NL', Cell 'K13', Converting to a String
READ: Worksheet: 'CE_NL', Cell 'J13', Converting to a String
READ: Worksheet: 'CE_NL', Cell 'L13', Converting to a String
READ: Worksheet: 'CE_NL', Cell 'F13', Converting to a String
READ: Worksheet: 'CE_NL', Cell 'I13', Converting to a String
READ: Worksheet: 'CE_NL', Cell 'A14', Converting to a String
READ: Worksheet: 'CE_NL', Cell 'H14', Converting to a String
READ: Worksheet: 'CE_NL', Cell 'G14', Converting to a String
READ: Worksheet: 'CE_NL', Cell 'E14', Converting to a String
READ: Worksheet: 'CE_NL', Cell 'D14', Converting to a String
READ: Worksheet: 'CE_NL', Cell 'C14', Converting to a String
READ: Worksheet: 'CE_NL', Cell 'B14', Converting to a String
READ: Worksheet: 'CE_NL', Cell 'A14', Converting to a String
READ: Worksheet: 'CE_NL', Cell 'K14', Converting to a String
READ: Worksheet: 'CE_NL', Cell 'J14', Converting to a String
READ: Worksheet: 'CE_NL', Cell 'L14', Converting to a String
READ: Worksheet: 'CE_NL', Cell 'F14', Converting to a String
READ: Worksheet: 'CE_NL', Cell 'I14', Converting to a String
READ: Worksheet: 'CE_NL', Cell 'A15', Converting to a String
READ: Worksheet: 'CE_NL', Cell 'H15', Converting to a String
READ: Worksheet: 'CE_NL', Cell 'G15', Converting to a String
READ: Worksheet: 'CE_NL', Cell 'E15', Converting to a String
READ: Worksheet: 'CE_NL', Cell 'D15', Converting to a String
READ: Worksheet: 'CE_NL', Cell 'C15', Converting to a String
READ: Worksheet: 'CE_NL', Cell 'B15', Converting to a String
READ: Worksheet: 'CE_NL', Cell 'A15', Converting to a String
READ: Worksheet: 'CE_NL', Cell 'K15', Converting to a String
READ: Worksheet: 'CE_NL', Cell 'J15', Converting to a String
READ: Worksheet: 'CE_NL', Cell 'L15', Converting to a String
READ: Worksheet: 'CE_NL', Cell 'F15', Converting to a String
READ: Worksheet: 'CE_NL', Cell 'I15', Converting to a String
READ: Worksheet: 'CE_NL', Cell 'A16', Converting to a String
READ: Worksheet: 'CE_NL', Cell 'H16', Converting to a String
READ: Worksheet: 'CE_NL', Cell 'G16', Converting to a String
READ: Worksheet: 'CE_NL', Cell 'E16', Converting to a String
READ: Worksheet: 'CE_NL', Cell 'D16', Converting to a String
READ: Worksheet: 'CE_NL', Cell 'C16', Converting to a String
READ: Worksheet: 'CE_NL', Cell 'B16', Converting to a String
READ: Worksheet: 'CE_NL', Cell 'A16', Converting to a String
READ: Worksheet: 'CE_NL', Cell 'K16', Converting to a String
READ: Worksheet: 'CE_NL', Cell 'J16', Converting to a String
READ: Worksheet: 'CE_NL', Cell 'L16', Converting to a String
READ: Worksheet: 'CE_NL', Cell 'F16', Converting to a String
READ: Worksheet: 'CE_NL', Cell 'I16', Converting to a String
READ: Worksheet: 'CE_NL', Cell 'A17', Converting to a String
READ: Worksheet: 'CE_NL', Cell 'H17', Converting to a String
READ: Worksheet: 'CE_NL', Cell 'G17', Converting to a String
READ: Worksheet: 'CE_NL', Cell 'E17', Converting to a String
READ: Worksheet: 'CE_NL', Cell 'D17', Converting to a String
READ: Worksheet: 'CE_NL', Cell 'C17', Converting to a String
READ: Worksheet: 'CE_NL', Cell 'B17', Converting to a String
READ: Worksheet: 'CE_NL', Cell 'A17', Converting to a String
READ: Worksheet: 'CE_NL', Cell 'K17', Converting to a String
READ: Worksheet: 'CE_NL', Cell 'J17', Converting to a String
READ: Worksheet: 'CE_NL', Cell 'L17', Converting to a String
READ: Worksheet: 'CE_NL', Cell 'F17', Converting to a String
READ: Worksheet: 'CE_NL', Cell 'I17', Converting to a String
READ: Worksheet: 'CE_NL', Cell 'A18', Converting to a String
READ: Worksheet: 'CE_NL', Cell 'H18', Converting to a String
READ: Worksheet: 'CE_NL', Cell 'G18', Converting to a String
READ: Worksheet: 'CE_NL', Cell 'E18', Converting to a String
READ: Worksheet: 'CE_NL', Cell 'D18', Converting to a String
READ: Worksheet: 'CE_NL', Cell 'C18', Converting to a String
READ: Worksheet: 'CE_NL', Cell 'B18', Converting to a String
READ: Worksheet: 'CE_NL', Cell 'A18', Converting to a String
READ: Worksheet: 'CE_NL', Cell 'K18', Converting to a String
READ: Worksheet: 'CE_NL', Cell 'J18', Converting to a String
READ: Worksheet: 'CE_NL', Cell 'L18', Converting to a String
READ: Worksheet: 'CE_NL', Cell 'F18', Converting to a String
READ: Worksheet: 'CE_NL', Cell 'I18', Converting to a String
READ: Worksheet: 'CE_NL', Cell 'A19', Converting to a String
READ: Worksheet: 'CE_NL', Cell 'H19', Converting to a String
READ: Worksheet: 'CE_NL', Cell 'G19', Converting to a String
READ: Worksheet: 'CE_NL', Cell 'E19', Converting to a String
READ: Worksheet: 'CE_NL', Cell 'D19', Converting to a String
READ: Worksheet: 'CE_NL', Cell 'C19', Converting to a String
READ: Worksheet: 'CE_NL', Cell 'B19', Converting to a String
READ: Worksheet: 'CE_NL', Cell 'A19', Converting to a String
READ: Worksheet: 'CE_NL', Cell 'K19', Converting to a String
READ: Worksheet: 'CE_NL', Cell 'J19', Converting to a String
READ: Worksheet: 'CE_NL', Cell 'L19', Converting to a String
READ: Worksheet: 'CE_NL', Cell 'F19', Converting to a String
READ: Worksheet: 'CE_NL', Cell 'I19', Converting to a String
READ: Worksheet: 'CE_NL', Cell 'A20', Converting to a String
READ: Worksheet: 'CE_NL', Cell 'H20', Converting to a String
READ: Worksheet: 'CE_NL', Cell 'G20', Converting to a String
READ: Worksheet: 'CE_NL', Cell 'E20', Converting to a String
READ: Worksheet: 'CE_NL', Cell 'D20', Converting to a String
READ: Worksheet: 'CE_NL', Cell 'C20', Converting to a String
READ: Worksheet: 'CE_NL', Cell 'B20', Converting to a String
READ: Worksheet: 'CE_NL', Cell 'A20', Converting to a String
READ: Worksheet: 'CE_NL', Cell 'K20', Converting to a String
READ: Worksheet: 'CE_NL', Cell 'J20', Converting to a String
READ: Worksheet: 'CE_NL', Cell 'L20', Converting to a String
READ: Worksheet: 'CE_NL', Cell 'F20', Converting to a String
READ: Worksheet: 'CE_NL', Cell 'I20', Converting to a String
READ: Worksheet: 'CE_NL', Cell 'A21', Converting to a String
READ: Worksheet: 'CE_NL', Cell 'H21', Converting to a String
READ: Worksheet: 'CE_NL', Cell 'G21', Converting to a String
READ: Worksheet: 'CE_NL', Cell 'E21', Converting to a String
READ: Worksheet: 'CE_NL', Cell 'D21', Converting to a String
READ: Worksheet: 'CE_NL', Cell 'C21', Converting to a String
READ: Worksheet: 'CE_NL', Cell 'B21', Converting to a String
READ: Worksheet: 'CE_NL', Cell 'A21', Converting to a String
READ: Worksheet: 'CE_NL', Cell 'K21', Converting to a String
READ: Worksheet: 'CE_NL', Cell 'J21', Converting to a String
READ: Worksheet: 'CE_NL', Cell 'L21', Converting to a String
READ: Worksheet: 'CE_NL', Cell 'F21', Converting to a String
READ: Worksheet: 'CE_NL', Cell 'I21', Converting to a String
READ: Worksheet: 'CE_NL', Cell 'A22', Converting to a String
READ: Worksheet: 'CE_NL', Cell 'H22', Converting to a String
READ: Worksheet: 'CE_NL', Cell 'G22', Converting to a String
READ: Worksheet: 'CE_NL', Cell 'E22', Converting to a String
READ: Worksheet: 'CE_NL', Cell 'D22', Converting to a String
READ: Worksheet: 'CE_NL', Cell 'C22', Converting to a String
READ: Worksheet: 'CE_NL', Cell 'B22', Converting to a String
READ: Worksheet: 'CE_NL', Cell 'A22', Converting to a String
READ: Worksheet: 'CE_NL', Cell 'K22', Converting to a String
READ: Worksheet: 'CE_NL', Cell 'J22', Converting to a String
READ: Worksheet: 'CE_NL', Cell 'L22', Converting to a String
READ: Worksheet: 'CE_NL', Cell 'F22', Converting to a String
READ: Worksheet: 'CE_NL', Cell 'I22', Converting to a String
READ: Worksheet: 'CE_NL', Cell 'A23', Converting to a String
READ: Worksheet: 'CE_NL', Cell 'H23', Converting to a String
READ: Worksheet: 'CE_NL', Cell 'G23', Converting to a String
READ: Worksheet: 'CE_NL', Cell 'E23', Converting to a String
READ: Worksheet: 'CE_NL', Cell 'D23', Converting to a String
READ: Worksheet: 'CE_NL', Cell 'C23', Converting to a String
READ: Worksheet: 'CE_NL', Cell 'B23', Converting to a String
READ: Worksheet: 'CE_NL', Cell 'A23', Converting to a String
READ: Worksheet: 'CE_NL', Cell 'K23', Converting to a String
READ: Worksheet: 'CE_NL', Cell 'J23', Converting to a String
READ: Worksheet: 'CE_NL', Cell 'L23', Converting to a String
READ: Worksheet: 'CE_NL', Cell 'F23', Converting to a String
READ: Worksheet: 'CE_NL', Cell 'I23', Converting to a String
READ: Worksheet: 'CE_NL', Cell 'A24', Converting to a String
READ: Worksheet: 'CE_NL', Cell 'H24', Converting to a String
READ: Worksheet: 'CE_NL', Cell 'G24', Converting to a String
READ: Worksheet: 'CE_NL', Cell 'E24', Converting to a String
READ: Worksheet: 'CE_NL', Cell 'D24', Converting to a String
READ: Worksheet: 'CE_NL', Cell 'C24', Converting to a String
READ: Worksheet: 'CE_NL', Cell 'B24', Converting to a String
READ: Worksheet: 'CE_NL', Cell 'A24', Converting to a String
READ: Worksheet: 'CE_NL', Cell 'K24', Converting to a String
READ: Worksheet: 'CE_NL', Cell 'J24', Converting to a String
READ: Worksheet: 'CE_NL', Cell 'L24', Converting to a String
READ: Worksheet: 'CE_NL', Cell 'F24', Converting to a String
READ: Worksheet: 'CE_NL', Cell 'I24', Converting to a String
READ: Worksheet: 'CE_NL', Cell 'A25', Converting to a String
READ: Worksheet: 'SUMMARY', Cell 'M25', Converting to a String
READ: Worksheet: 'SUMMARY', Cell 'N25', Converting to a String
READ: Worksheet: 'SUMMARY', Cell 'O25', Converting to a String
READ: Worksheet: 'CoverPage', Cell 'B3', Converting to a String
READ: Worksheet: 'SUMMARY', Cell 'K25', Converting to a String
READ: Worksheet: 'SUMMARY', Cell 'C25', Converting to a String
READ: Worksheet: 'SUMMARY', Cell 'D25', Converting to a String
READ: Worksheet: 'SUMMARY', Cell 'L25', Converting to a String
READ: Worksheet: 'SUMMARY', Cell 'E25', Converting to a String
READ: Worksheet: 'SUMMARY', Cell 'G25', Converting to a String
READ: Worksheet: 'SUMMARY', Cell 'F25', Converting to a String
READ: Worksheet: 'SUMMARY', Cell 'H25', Converting to a String
READ: Worksheet: 'SUMMARY', Cell 'J25', Converting to a String
READ: Worksheet: 'SUMMARY', Cell 'I25', Converting to a String
READ: Worksheet: 'CE_PL', Cell 'A2', Converting to a String
READ: Worksheet: 'CE_PL', Cell 'H2', Converting to a String
READ: Worksheet: 'CE_PL', Cell 'G2', Converting to a String
READ: Worksheet: 'CE_PL', Cell 'E2', Converting to a String
READ: Worksheet: 'CE_PL', Cell 'D2', Converting to a String
READ: Worksheet: 'CE_PL', Cell 'C2', Converting to a String
READ: Worksheet: 'CE_PL', Cell 'B2', Converting to a String
READ: Worksheet: 'CE_PL', Cell 'A2', Converting to a String
READ: Worksheet: 'CE_PL', Cell 'K2', Converting to a String
READ: Worksheet: 'CE_PL', Cell 'J2', Converting to a String
READ: Worksheet: 'CE_PL', Cell 'L2', Converting to a String
READ: Worksheet: 'CE_PL', Cell 'F2', Converting to a String
READ: Worksheet: 'CE_PL', Cell 'I2', Converting to a String
READ: Worksheet: 'CE_PL', Cell 'A3', Converting to a String
READ: Worksheet: 'CE_PL', Cell 'H3', Converting to a String
READ: Worksheet: 'CE_PL', Cell 'G3', Converting to a String
READ: Worksheet: 'CE_PL', Cell 'E3', Converting to a String
READ: Worksheet: 'CE_PL', Cell 'D3', Converting to a String
READ: Worksheet: 'CE_PL', Cell 'C3', Converting to a String
READ: Worksheet: 'CE_PL', Cell 'B3', Converting to a String
READ: Worksheet: 'CE_PL', Cell 'A3', Converting to a String
READ: Worksheet: 'CE_PL', Cell 'K3', Converting to a String
READ: Worksheet: 'CE_PL', Cell 'J3', Converting to a String
READ: Worksheet: 'CE_PL', Cell 'L3', Converting to a String
READ: Worksheet: 'CE_PL', Cell 'F3', Converting to a String
READ: Worksheet: 'CE_PL', Cell 'I3', Converting to a String
READ: Worksheet: 'CE_PL', Cell 'A4', Converting to a String
READ: Worksheet: 'CE_PL', Cell 'H4', Converting to a String
READ: Worksheet: 'CE_PL', Cell 'G4', Converting to a String
READ: Worksheet: 'CE_PL', Cell 'E4', Converting to a String
READ: Worksheet: 'CE_PL', Cell 'D4', Converting to a String
READ: Worksheet: 'CE_PL', Cell 'C4', Converting to a String
READ: Worksheet: 'CE_PL', Cell 'B4', Converting to a String
READ: Worksheet: 'CE_PL', Cell 'A4', Converting to a String
READ: Worksheet: 'CE_PL', Cell 'K4', Converting to a String
READ: Worksheet: 'CE_PL', Cell 'J4', Converting to a String
READ: Worksheet: 'CE_PL', Cell 'L4', Converting to a String
READ: Worksheet: 'CE_PL', Cell 'F4', Converting to a String
READ: Worksheet: 'CE_PL', Cell 'I4', Converting to a String
READ: Worksheet: 'CE_PL', Cell 'A5', Converting to a String
READ: Worksheet: 'CE_PL', Cell 'H5', Converting to a String
READ: Worksheet: 'CE_PL', Cell 'G5', Converting to a String
READ: Worksheet: 'CE_PL', Cell 'E5', Converting to a String
READ: Worksheet: 'CE_PL', Cell 'D5', Converting to a String
READ: Worksheet: 'CE_PL', Cell 'C5', Converting to a String
READ: Worksheet: 'CE_PL', Cell 'B5', Converting to a String
READ: Worksheet: 'CE_PL', Cell 'A5', Converting to a String
READ: Worksheet: 'CE_PL', Cell 'K5', Converting to a String
READ: Worksheet: 'CE_PL', Cell 'J5', Converting to a String
READ: Worksheet: 'CE_PL', Cell 'L5', Converting to a String
READ: Worksheet: 'CE_PL', Cell 'F5', Converting to a String
READ: Worksheet: 'CE_PL', Cell 'I5', Converting to a String
READ: Worksheet: 'CE_PL', Cell 'A6', Converting to a String
READ: Worksheet: 'CE_PL', Cell 'H6', Converting to a String
READ: Worksheet: 'CE_PL', Cell 'G6', Converting to a String
READ: Worksheet: 'CE_PL', Cell 'E6', Converting to a String
READ: Worksheet: 'CE_PL', Cell 'D6', Converting to a String
READ: Worksheet: 'CE_PL', Cell 'C6', Converting to a String
READ: Worksheet: 'CE_PL', Cell 'B6', Converting to a String
READ: Worksheet: 'CE_PL', Cell 'A6', Converting to a String
READ: Worksheet: 'CE_PL', Cell 'K6', Converting to a String
READ: Worksheet: 'CE_PL', Cell 'J6', Converting to a String
READ: Worksheet: 'CE_PL', Cell 'L6', Converting to a String
READ: Worksheet: 'CE_PL', Cell 'F6', Converting to a String
READ: Worksheet: 'CE_PL', Cell 'I6', Converting to a String
READ: Worksheet: 'CE_PL', Cell 'A7', Converting to a String
READ: Worksheet: 'SUMMARY', Cell 'M26', Converting to a String
READ: Worksheet: 'SUMMARY', Cell 'N26', Converting to a String
READ: Worksheet: 'SUMMARY', Cell 'O26', Converting to a String
READ: Worksheet: 'CoverPage', Cell 'B3', Converting to a String
READ: Worksheet: 'SUMMARY', Cell 'K26', Converting to a String
READ: Worksheet: 'SUMMARY', Cell 'C26', Converting to a String
READ: Worksheet: 'SUMMARY', Cell 'D26', Converting to a String
READ: Worksheet: 'SUMMARY', Cell 'L26', Converting to a String
READ: Worksheet: 'SUMMARY', Cell 'E26', Converting to a String
READ: Worksheet: 'SUMMARY', Cell 'G26', Converting to a String
READ: Worksheet: 'SUMMARY', Cell 'F26', Converting to a String
READ: Worksheet: 'SUMMARY', Cell 'H26', Converting to a String
READ: Worksheet: 'SUMMARY', Cell 'J26', Converting to a String
READ: Worksheet: 'SUMMARY', Cell 'I26', Converting to a String
READ: Worksheet: 'CE_PY', Cell 'A2', Converting to a String
READ: Worksheet: 'CE_PY', Cell 'H2', Converting to a String
READ: Worksheet: 'CE_PY', Cell 'G2', Converting to a String
READ: Worksheet: 'CE_PY', Cell 'E2', Converting to a String
READ: Worksheet: 'CE_PY', Cell 'D2', Converting to a String
READ: Worksheet: 'CE_PY', Cell 'C2', Converting to a String
READ: Worksheet: 'CE_PY', Cell 'B2', Converting to a String
READ: Worksheet: 'CE_PY', Cell 'A2', Converting to a String
READ: Worksheet: 'CE_PY', Cell 'K2', Converting to a String
READ: Worksheet: 'CE_PY', Cell 'J2', Converting to a String
READ: Worksheet: 'CE_PY', Cell 'L2', Converting to a String
READ: Worksheet: 'CE_PY', Cell 'F2', Converting to a String
READ: Worksheet: 'CE_PY', Cell 'I2', Converting to a String
READ: Worksheet: 'CE_PY', Cell 'A3', Converting to a String
READ: Worksheet: 'SUMMARY', Cell 'M27', Converting to a String
READ: Worksheet: 'SUMMARY', Cell 'N27', Converting to a String
READ: Worksheet: 'SUMMARY', Cell 'O27', Converting to a String
READ: Worksheet: 'CoverPage', Cell 'B3', Converting to a String
READ: Worksheet: 'SUMMARY', Cell 'K27', Converting to a String
READ: Worksheet: 'SUMMARY', Cell 'C27', Converting to a String
READ: Worksheet: 'SUMMARY', Cell 'D27', Converting to a String
READ: Worksheet: 'SUMMARY', Cell 'L27', Converting to a String
READ: Worksheet: 'SUMMARY', Cell 'E27', Converting to a String
READ: Worksheet: 'SUMMARY', Cell 'G27', Converting to a String
READ: Worksheet: 'SUMMARY', Cell 'F27', Converting to a String
READ: Worksheet: 'SUMMARY', Cell 'H27', Converting to a String
READ: Worksheet: 'SUMMARY', Cell 'J27', Converting to a String
READ: Worksheet: 'SUMMARY', Cell 'I27', Converting to a String
READ: Worksheet: 'CE_SE', Cell 'A2', Converting to a String
READ: Worksheet: 'CE_SE', Cell 'H2', Converting to a String
READ: Worksheet: 'CE_SE', Cell 'G2', Converting to a String
READ: Worksheet: 'CE_SE', Cell 'E2', Converting to a String
READ: Worksheet: 'CE_SE', Cell 'D2', Converting to a String
READ: Worksheet: 'CE_SE', Cell 'C2', Converting to a String
READ: Worksheet: 'CE_SE', Cell 'B2', Converting to a String
READ: Worksheet: 'CE_SE', Cell 'A2', Converting to a String
READ: Worksheet: 'CE_SE', Cell 'K2', Converting to a String
READ: Worksheet: 'CE_SE', Cell 'J2', Converting to a String
READ: Worksheet: 'CE_SE', Cell 'L2', Converting to a String
READ: Worksheet: 'CE_SE', Cell 'F2', Converting to a String
READ: Worksheet: 'CE_SE', Cell 'I2', Converting to a String
READ: Worksheet: 'CE_SE', Cell 'A3', Converting to a String
READ: Worksheet: 'CE_SE', Cell 'H3', Converting to a String
READ: Worksheet: 'CE_SE', Cell 'G3', Converting to a String
READ: Worksheet: 'CE_SE', Cell 'E3', Converting to a String
READ: Worksheet: 'CE_SE', Cell 'D3', Converting to a String
READ: Worksheet: 'CE_SE', Cell 'C3', Converting to a String
READ: Worksheet: 'CE_SE', Cell 'B3', Converting to a String
READ: Worksheet: 'CE_SE', Cell 'A3', Converting to a String
READ: Worksheet: 'CE_SE', Cell 'K3', Converting to a String
READ: Worksheet: 'CE_SE', Cell 'J3', Converting to a String
READ: Worksheet: 'CE_SE', Cell 'L3', Converting to a String
READ: Worksheet: 'CE_SE', Cell 'F3', Converting to a String
READ: Worksheet: 'CE_SE', Cell 'I3', Converting to a String
READ: Worksheet: 'CE_SE', Cell 'A4', Converting to a String
READ: Worksheet: 'SUMMARY', Cell 'M28', Converting to a String
READ: Worksheet: 'SUMMARY', Cell 'N28', Converting to a String
READ: Worksheet: 'SUMMARY', Cell 'O28', Converting to a String
READ: Worksheet: 'CoverPage', Cell 'B3', Converting to a String
READ: Worksheet: 'SUMMARY', Cell 'K28', Converting to a String
READ: Worksheet: 'SUMMARY', Cell 'C28', Converting to a String
READ: Worksheet: 'SUMMARY', Cell 'D28', Converting to a String
READ: Worksheet: 'SUMMARY', Cell 'L28', Converting to a String
READ: Worksheet: 'SUMMARY', Cell 'E28', Converting to a String
READ: Worksheet: 'SUMMARY', Cell 'G28', Converting to a String
READ: Worksheet: 'SUMMARY', Cell 'F28', Converting to a String
READ: Worksheet: 'SUMMARY', Cell 'H28', Converting to a String
READ: Worksheet: 'SUMMARY', Cell 'J28', Converting to a String
READ: Worksheet: 'SUMMARY', Cell 'I28', Converting to a String
READ: Worksheet: 'CE_SZ', Cell 'A2', Converting to a String
READ: Worksheet: 'CE_SZ', Cell 'H2', Converting to a String
READ: Worksheet: 'CE_SZ', Cell 'G2', Converting to a String
READ: Worksheet: 'CE_SZ', Cell 'E2', Converting to a String
READ: Worksheet: 'CE_SZ', Cell 'D2', Converting to a String
READ: Worksheet: 'CE_SZ', Cell 'C2', Converting to a String
READ: Worksheet: 'CE_SZ', Cell 'B2', Converting to a String
READ: Worksheet: 'CE_SZ', Cell 'A2', Converting to a String
READ: Worksheet: 'CE_SZ', Cell 'K2', Converting to a String
READ: Worksheet: 'CE_SZ', Cell 'J2', Converting to a String
READ: Worksheet: 'CE_SZ', Cell 'L2', Converting to a String
READ: Worksheet: 'CE_SZ', Cell 'F2', Converting to a String
READ: Worksheet: 'CE_SZ', Cell 'I2', Converting to a String
READ: Worksheet: 'CE_SZ', Cell 'A3', Converting to a String
READ: Worksheet: 'CE_SZ', Cell 'H3', Converting to a String
READ: Worksheet: 'CE_SZ', Cell 'G3', Converting to a String
READ: Worksheet: 'CE_SZ', Cell 'E3', Converting to a String
READ: Worksheet: 'CE_SZ', Cell 'D3', Converting to a String
READ: Worksheet: 'CE_SZ', Cell 'C3', Converting to a String
READ: Worksheet: 'CE_SZ', Cell 'B3', Converting to a String
READ: Worksheet: 'CE_SZ', Cell 'A3', Converting to a String
READ: Worksheet: 'CE_SZ', Cell 'K3', Converting to a String
READ: Worksheet: 'CE_SZ', Cell 'J3', Converting to a String
READ: Worksheet: 'CE_SZ', Cell 'L3', Converting to a String
READ: Worksheet: 'CE_SZ', Cell 'F3', Converting to a String
READ: Worksheet: 'CE_SZ', Cell 'I3', Converting to a String
READ: Worksheet: 'CE_SZ', Cell 'A4', Converting to a String
READ: Worksheet: 'CE_SZ', Cell 'H4', Converting to a String
READ: Worksheet: 'CE_SZ', Cell 'G4', Converting to a String
READ: Worksheet: 'CE_SZ', Cell 'E4', Converting to a String
READ: Worksheet: 'CE_SZ', Cell 'D4', Converting to a String
READ: Worksheet: 'CE_SZ', Cell 'C4', Converting to a String
READ: Worksheet: 'CE_SZ', Cell 'B4', Converting to a String
READ: Worksheet: 'CE_SZ', Cell 'A4', Converting to a String
READ: Worksheet: 'CE_SZ', Cell 'K4', Converting to a String
READ: Worksheet: 'CE_SZ', Cell 'J4', Converting to a String
READ: Worksheet: 'CE_SZ', Cell 'L4', Converting to a String
READ: Worksheet: 'CE_SZ', Cell 'F4', Converting to a String
READ: Worksheet: 'CE_SZ', Cell 'I4', Converting to a String
READ: Worksheet: 'CE_SZ', Cell 'A5', Converting to a String
READ: Worksheet: 'CE_SZ', Cell 'H5', Converting to a String
READ: Worksheet: 'CE_SZ', Cell 'G5', Converting to a String
READ: Worksheet: 'CE_SZ', Cell 'E5', Converting to a String
READ: Worksheet: 'CE_SZ', Cell 'D5', Converting to a String
READ: Worksheet: 'CE_SZ', Cell 'C5', Converting to a String
READ: Worksheet: 'CE_SZ', Cell 'B5', Converting to a String
READ: Worksheet: 'CE_SZ', Cell 'A5', Converting to a String
READ: Worksheet: 'CE_SZ', Cell 'K5', Converting to a String
READ: Worksheet: 'CE_SZ', Cell 'J5', Converting to a String
READ: Worksheet: 'CE_SZ', Cell 'L5', Converting to a String
READ: Worksheet: 'CE_SZ', Cell 'F5', Converting to a String
READ: Worksheet: 'CE_SZ', Cell 'I5', Converting to a String
READ: Worksheet: 'CE_SZ', Cell 'A6', Converting to a String
READ: Worksheet: 'SUMMARY', Cell 'M29', Converting to a String
READ: Worksheet: 'SUMMARY', Cell 'N29', Converting to a String
READ: Worksheet: 'SUMMARY', Cell 'O29', Converting to a String
READ: Worksheet: 'CoverPage', Cell 'B3', Converting to a String
READ: Worksheet: 'SUMMARY', Cell 'K29', Converting to a String
READ: Worksheet: 'SUMMARY', Cell 'C29', Converting to a String
READ: Worksheet: 'SUMMARY', Cell 'D29', Converting to a String
READ: Worksheet: 'SUMMARY', Cell 'L29', Converting to a String
READ: Worksheet: 'SUMMARY', Cell 'E29', Converting to a String
READ: Worksheet: 'SUMMARY', Cell 'G29', Converting to a String
READ: Worksheet: 'SUMMARY', Cell 'F29', Converting to a String
READ: Worksheet: 'SUMMARY', Cell 'H29', Converting to a String
READ: Worksheet: 'SUMMARY', Cell 'J29', Converting to a String
READ: Worksheet: 'SUMMARY', Cell 'I29', Converting to a String
